epic,feature,story_id,story,scenario,code_unit,path,test,evidence,status,finding_ids,maturity,gap
Ride Booking & Matching,Address/pickup validation,S-book-08,"As a rider, I can save/select addresses and favorites for pickup/dropoff",happy,GET ,backend/routes/addresses.py:23,backend/tests/rls/test_saved_addresses_rls.py,INFERRED,mapped,-,-,-
Ride Booking & Matching,Address/pickup validation,S-book-08,"As a rider, I can save/select addresses and favorites for pickup/dropoff",happy,POST ,backend/routes/addresses.py:29,backend/tests/rls/test_saved_addresses_rls.py,INFERRED,mapped,-,-,-
Ride Booking & Matching,Address/pickup validation,S-book-08,"As a rider, I can save/select addresses and favorites for pickup/dropoff",happy,DELETE /{address_id},backend/routes/addresses.py:54,backend/tests/rls/test_saved_addresses_rls.py,INFERRED,mapped,-,-,-
AI Assistant,AI admin console/guardrails,S-ai-02,"As an admin, I monitor/configure the AI assistant with PII scrubbing",happy,GET /config,backend/routes/ai.py:144,backend/tests/test_ai_console_super_admin_mount.py,INFERRED,mapped,-,-,-
AI Assistant,AI admin console/guardrails,S-ai-02,"As an admin, I monitor/configure the AI assistant with PII scrubbing",happy,POST /chat,backend/routes/ai.py:162,backend/tests/test_ai_console_super_admin_mount.py,INFERRED,mapped,-,-,-
AI Assistant,AI admin console/guardrails,S-ai-02,"As an admin, I monitor/configure the AI assistant with PII scrubbing",happy,POST /public-chat,backend/routes/ai.py:208,backend/tests/test_ai_console_super_admin_mount.py,INFERRED,mapped,-,-,-
AI Assistant,AI admin console/guardrails,S-ai-02,"As an admin, I monitor/configure the AI assistant with PII scrubbing",happy,GET /conversations,backend/routes/ai.py:243,backend/tests/test_ai_console_super_admin_mount.py,INFERRED,mapped,-,-,-
AI Assistant,AI admin console/guardrails,S-ai-02,"As an admin, I monitor/configure the AI assistant with PII scrubbing",happy,GET /conversations/{conversation_id}/messages,backend/routes/ai.py:248,backend/tests/test_ai_console_super_admin_mount.py,INFERRED,mapped,-,-,-
AI Assistant,AI admin console/guardrails,S-ai-02,"As an admin, I monitor/configure the AI assistant with PII scrubbing",happy,DELETE /conversations/{conversation_id},backend/routes/ai.py:258,backend/tests/test_ai_console_super_admin_mount.py,INFERRED,mapped,-,-,-
Authentication & Authorization,JWT/session,S-auth-03,"As a user, I hold a short-lived access token + rotating refresh token",happy,POST /send-otp,backend/routes/auth.py:407,backend/tests/test_websocket_auth_ack.py,INFERRED,mapped,DRIFT-005;INFO-005;OBS-002;OBS-006;SAFETY-004,-,-
Authentication & Authorization,JWT/session,S-auth-03,"As a user, I hold a short-lived access token + rotating refresh token",happy,POST /send-email-otp,backend/routes/auth.py:766,backend/tests/test_websocket_auth_ack.py,INFERRED,mapped,DRIFT-005;INFO-005;OBS-002;OBS-006;SAFETY-004,-,-
Authentication & Authorization,JWT/session,S-auth-03,"As a user, I hold a short-lived access token + rotating refresh token",happy,POST /verify-email-otp,backend/routes/auth.py:879,backend/tests/test_websocket_auth_ack.py,INFERRED,mapped,DRIFT-005;INFO-005;OBS-002;OBS-006;SAFETY-004,-,-
Authentication & Authorization,JWT/session,S-auth-03,"As a user, I hold a short-lived access token + rotating refresh token",happy,POST /verify-otp,backend/routes/auth.py:952,backend/tests/test_websocket_auth_ack.py,INFERRED,mapped,DRIFT-005;INFO-005;OBS-002;OBS-006;SAFETY-004,-,-
Authentication & Authorization,JWT/session,S-auth-03,"As a user, I hold a short-lived access token + rotating refresh token",happy,POST /reactivate,backend/routes/auth.py:1423,backend/tests/test_websocket_auth_ack.py,INFERRED,mapped,DRIFT-005;INFO-005;OBS-002;OBS-006;SAFETY-004,-,-
Authentication & Authorization,JWT/session,S-auth-03,"As a user, I hold a short-lived access token + rotating refresh token",happy,POST /firebase,backend/routes/auth.py:1543,backend/tests/test_websocket_auth_ack.py,INFERRED,mapped,DRIFT-005;INFO-005;OBS-002;OBS-006;SAFETY-004,-,-
Authentication & Authorization,JWT/session,S-auth-03,"As a user, I hold a short-lived access token + rotating refresh token",happy,GET /me,backend/routes/auth.py:1789,backend/tests/test_websocket_auth_ack.py,INFERRED,mapped,DRIFT-005;INFO-005;OBS-002;OBS-006;SAFETY-004,-,-
Authentication & Authorization,JWT/session,S-auth-03,"As a user, I hold a short-lived access token + rotating refresh token",happy,POST /refresh,backend/routes/auth.py:1897,backend/tests/test_websocket_auth_ack.py,INFERRED,mapped,DRIFT-005;INFO-005;OBS-002;OBS-006;SAFETY-004,-,-
Authentication & Authorization,JWT/session,S-auth-03,"As a user, I hold a short-lived access token + rotating refresh token",happy,POST /logout,backend/routes/auth.py:2223,backend/tests/test_websocket_auth_ack.py,INFERRED,mapped,DRIFT-005;INFO-005;OBS-002;OBS-006;SAFETY-004,-,-
Authentication & Authorization,JWT/session,S-auth-03,"As a user, I hold a short-lived access token + rotating refresh token",happy,POST /logout-all,backend/routes/auth.py:2519,backend/tests/test_websocket_auth_ack.py,INFERRED,mapped,DRIFT-005;INFO-005;OBS-002;OBS-006;SAFETY-004,-,-
Admin Dashboard & Operations,Unmapped endpoint,ORPHAN,-,happy,GET /spinr-logo.png,backend/routes/branding.py:76,backend/tests/test_branding_route.py,INFERRED,orphan,-,-,-
Corporate / B2B Billing,Unmapped endpoint,ORPHAN,-,happy,GET ,backend/routes/corporate_accounts.py:198,backend/tests/rls/test_corporate_accounts_super_admin_fix.py,INFERRED,orphan,CONCURRENCY-001,-,-
Corporate / B2B Billing,Unmapped endpoint,ORPHAN,-,happy,GET /kyb-reverification-due,backend/routes/corporate_accounts.py:261,backend/tests/rls/test_corporate_accounts_super_admin_fix.py,INFERRED,orphan,CONCURRENCY-001,-,-
Corporate / B2B Billing,Unmapped endpoint,ORPHAN,-,happy,POST /{company_id}/kyb-upload-url,backend/routes/corporate_accounts.py:308,backend/tests/rls/test_corporate_accounts_super_admin_fix.py,INFERRED,orphan,CONCURRENCY-001,-,-
Corporate / B2B Billing,Unmapped endpoint,ORPHAN,-,happy,POST /{company_id}/kyb-document,backend/routes/corporate_accounts.py:335,backend/tests/rls/test_corporate_accounts_super_admin_fix.py,INFERRED,orphan,CONCURRENCY-001,-,-
Corporate / B2B Billing,Unmapped endpoint,ORPHAN,-,happy,POST /{company_id}/kyb-review,backend/routes/corporate_accounts.py:374,backend/tests/rls/test_corporate_accounts_super_admin_fix.py,INFERRED,orphan,CONCURRENCY-001,-,-
Corporate / B2B Billing,Unmapped endpoint,ORPHAN,-,happy,GET /{company_id}/kyb/view,backend/routes/corporate_accounts.py:508,backend/tests/rls/test_corporate_accounts_super_admin_fix.py,INFERRED,orphan,CONCURRENCY-001,-,-
Corporate / B2B Billing,Unmapped endpoint,ORPHAN,-,happy,GET /{company_id}/billing/statements/{month}/pdf,backend/routes/corporate_accounts.py:553,backend/tests/rls/test_corporate_accounts_super_admin_fix.py,INFERRED,orphan,CONCURRENCY-001,-,-
Corporate / B2B Billing,Unmapped endpoint,ORPHAN,-,happy,POST ,backend/routes/corporate_accounts.py:604,backend/tests/rls/test_corporate_accounts_super_admin_fix.py,INFERRED,orphan,CONCURRENCY-001,-,-
Corporate / B2B Billing,Unmapped endpoint,ORPHAN,-,happy,GET /{account_id},backend/routes/corporate_accounts.py:698,backend/tests/rls/test_corporate_accounts_super_admin_fix.py,INFERRED,orphan,CONCURRENCY-001,-,-
Corporate / B2B Billing,Unmapped endpoint,ORPHAN,-,happy,PUT /{account_id},backend/routes/corporate_accounts.py:728,backend/tests/rls/test_corporate_accounts_super_admin_fix.py,INFERRED,orphan,CONCURRENCY-001,-,-
Corporate / B2B Billing,Unmapped endpoint,ORPHAN,-,happy,DELETE /{account_id},backend/routes/corporate_accounts.py:796,backend/tests/rls/test_corporate_accounts_super_admin_fix.py,INFERRED,orphan,CONCURRENCY-001,-,-
Corporate / B2B Billing,Company registration,S-corp-01,"As a corporate admin, I can register my company account",happy,GET /members,backend/routes/corporate_company.py:172,backend/tests/test_corporate_company_bookings_routes.py,INFERRED,mapped,-,-,-
Corporate / B2B Billing,Company registration,S-corp-01,"As a corporate admin, I can register my company account",happy,POST /members/invite,backend/routes/corporate_company.py:184,backend/tests/test_corporate_company_bookings_routes.py,INFERRED,mapped,-,-,-
Corporate / B2B Billing,Company registration,S-corp-01,"As a corporate admin, I can register my company account",happy,PATCH /members/{member_id},backend/routes/corporate_company.py:433,backend/tests/test_corporate_company_bookings_routes.py,INFERRED,mapped,-,-,-
Corporate / B2B Billing,Company registration,S-corp-01,"As a corporate admin, I can register my company account",happy,DELETE /members/{member_id},backend/routes/corporate_company.py:491,backend/tests/test_corporate_company_bookings_routes.py,INFERRED,mapped,-,-,-
Corporate / B2B Billing,Company registration,S-corp-01,"As a corporate admin, I can register my company account",happy,GET /allowances,backend/routes/corporate_company.py:512,backend/tests/test_corporate_company_bookings_routes.py,INFERRED,mapped,-,-,-
Corporate / B2B Billing,Company registration,S-corp-01,"As a corporate admin, I can register my company account",happy,GET /members/{member_id}/allowance,backend/routes/corporate_company.py:523,backend/tests/test_corporate_company_bookings_routes.py,INFERRED,mapped,-,-,-
Corporate / B2B Billing,Company registration,S-corp-01,"As a corporate admin, I can register my company account",happy,PUT /members/{member_id}/allowance,backend/routes/corporate_company.py:535,backend/tests/test_corporate_company_bookings_routes.py,INFERRED,mapped,-,-,-
Corporate / B2B Billing,Company registration,S-corp-01,"As a corporate admin, I can register my company account",happy,PATCH /members/{member_id}/allowance,backend/routes/corporate_company.py:557,backend/tests/test_corporate_company_bookings_routes.py,INFERRED,mapped,-,-,-
Corporate / B2B Billing,Company registration,S-corp-01,"As a corporate admin, I can register my company account",happy,GET /allowance-requests,backend/routes/corporate_company.py:579,backend/tests/test_corporate_company_bookings_routes.py,INFERRED,mapped,-,-,-
Corporate / B2B Billing,Company registration,S-corp-01,"As a corporate admin, I can register my company account",happy,GET /allowed-domains,backend/routes/corporate_company.py:592,backend/tests/test_corporate_company_bookings_routes.py,INFERRED,mapped,-,-,-
Corporate / B2B Billing,Company registration,S-corp-01,"As a corporate admin, I can register my company account",happy,POST /allowed-domains,backend/routes/corporate_company.py:597,backend/tests/test_corporate_company_bookings_routes.py,INFERRED,mapped,-,-,-
Corporate / B2B Billing,Company registration,S-corp-01,"As a corporate admin, I can register my company account",happy,DELETE /allowed-domains/{domain},backend/routes/corporate_company.py:617,backend/tests/test_corporate_company_bookings_routes.py,INFERRED,mapped,-,-,-
Corporate / B2B Billing,Company registration,S-corp-01,"As a corporate admin, I can register my company account",happy,POST /allowance-requests/{request_id}/decide,backend/routes/corporate_company.py:638,backend/tests/test_corporate_company_bookings_routes.py,INFERRED,mapped,-,-,-
Corporate / B2B Billing,Company registration,S-corp-01,"As a corporate admin, I can register my company account",happy,GET /policy,backend/routes/corporate_company.py:704,backend/tests/test_corporate_company_bookings_routes.py,INFERRED,mapped,-,-,-
Corporate / B2B Billing,Company registration,S-corp-01,"As a corporate admin, I can register my company account",happy,GET /policy/affected-rides-count,backend/routes/corporate_company.py:718,backend/tests/test_corporate_company_bookings_routes.py,INFERRED,mapped,-,-,-
Corporate / B2B Billing,Company registration,S-corp-01,"As a corporate admin, I can register my company account",happy,PUT /policy,backend/routes/corporate_company.py:747,backend/tests/test_corporate_company_bookings_routes.py,INFERRED,mapped,-,-,-
Corporate / B2B Billing,Company registration,S-corp-01,"As a corporate admin, I can register my company account",happy,PATCH /policy,backend/routes/corporate_company.py:792,backend/tests/test_corporate_company_bookings_routes.py,INFERRED,mapped,-,-,-
Corporate / B2B Billing,Company registration,S-corp-01,"As a corporate admin, I can register my company account",happy,GET /billing/summary,backend/routes/corporate_company.py:981,backend/tests/test_corporate_company_bookings_routes.py,INFERRED,mapped,-,-,-
Corporate / B2B Billing,Company registration,S-corp-01,"As a corporate admin, I can register my company account",happy,GET /billing/statements/{month},backend/routes/corporate_company.py:1026,backend/tests/test_corporate_company_bookings_routes.py,INFERRED,mapped,-,-,-
Corporate / B2B Billing,Company registration,S-corp-01,"As a corporate admin, I can register my company account",happy,GET /billing/statements/{month}/pdf,backend/routes/corporate_company.py:1124,backend/tests/test_corporate_company_bookings_routes.py,INFERRED,mapped,-,-,-
Corporate / B2B Billing,Company registration,S-corp-01,"As a corporate admin, I can register my company account",happy,GET /billing/transactions,backend/routes/corporate_company.py:1163,backend/tests/test_corporate_company_bookings_routes.py,INFERRED,mapped,-,-,-
Corporate / B2B Billing,Company registration,S-corp-01,"As a corporate admin, I can register my company account",happy,POST /wallet/topup,backend/routes/corporate_company.py:1194,backend/tests/test_corporate_company_bookings_routes.py,INFERRED,mapped,-,-,-
Corporate / B2B Billing,Company registration,S-corp-01,"As a corporate admin, I can register my company account",happy,POST /bookings,backend/routes/corporate_company_bookings.py:136,backend/tests/test_corporate_company_bookings_routes.py,INFERRED,mapped,MONEY-005,-,-
Corporate / B2B Billing,Company registration,S-corp-01,"As a corporate admin, I can register my company account",happy,GET /bookings,backend/routes/corporate_company_bookings.py:159,backend/tests/test_corporate_company_bookings_routes.py,INFERRED,mapped,MONEY-005,-,-
Corporate / B2B Billing,Company registration,S-corp-01,"As a corporate admin, I can register my company account",happy,POST /bookings/{ride_id}/cancel,backend/routes/corporate_company_bookings.py:260,backend/tests/test_corporate_company_bookings_routes.py,INFERRED,mapped,MONEY-005,-,-
Corporate / B2B Billing,Company registration,S-corp-01,"As a corporate admin, I can register my company account",happy,GET /bookings/fare-estimate,backend/routes/corporate_company_bookings.py:326,backend/tests/test_corporate_company_bookings_routes.py,INFERRED,mapped,MONEY-005,-,-
Corporate / B2B Billing,Company registration,S-corp-01,"As a corporate admin, I can register my company account",happy,GET /sections,backend/routes/corporate_company_bookings.py:392,backend/tests/test_corporate_company_bookings_routes.py,INFERRED,mapped,MONEY-005,-,-
Corporate / B2B Billing,Company registration,S-corp-01,"As a corporate admin, I can register my company account",happy,POST /sections,backend/routes/corporate_company_bookings.py:440,backend/tests/test_corporate_company_bookings_routes.py,INFERRED,mapped,MONEY-005,-,-
Corporate / B2B Billing,Company registration,S-corp-01,"As a corporate admin, I can register my company account",happy,PATCH /sections/{section_id},backend/routes/corporate_company_bookings.py:476,backend/tests/test_corporate_company_bookings_routes.py,INFERRED,mapped,MONEY-005,-,-
Corporate / B2B Billing,Company registration,S-corp-01,"As a corporate admin, I can register my company account",happy,DELETE /sections/{section_id},backend/routes/corporate_company_bookings.py:515,backend/tests/test_corporate_company_bookings_routes.py,INFERRED,mapped,MONEY-005,-,-
Corporate / B2B Billing,Company registration,S-corp-01,"As a corporate admin, I can register my company account",happy,GET /kyb,backend/routes/corporate_company_kyb.py:95,backend/tests/test_corporate_company_kyb.py,INFERRED,mapped,-,-,-
Corporate / B2B Billing,Company registration,S-corp-01,"As a corporate admin, I can register my company account",happy,POST /kyb/upload-url,backend/routes/corporate_company_kyb.py:113,backend/tests/test_corporate_company_kyb.py,INFERRED,mapped,-,-,-
Corporate / B2B Billing,Company registration,S-corp-01,"As a corporate admin, I can register my company account",happy,POST /kyb/submit,backend/routes/corporate_company_kyb.py:143,backend/tests/test_corporate_company_kyb.py,INFERRED,mapped,-,-,-
Corporate / B2B Billing,Per-ride corporate charge,S-corp-04,"As a corporate rider, my ride is charged to my company account",happy,GET ,backend/routes/corporate_rider.py:103,backend/tests/test_corporate_rider_routes.py,INFERRED,mapped,-,-,-
Corporate / B2B Billing,Per-ride corporate charge,S-corp-04,"As a corporate rider, my ride is charged to my company account",happy,GET /auto-match,backend/routes/corporate_rider.py:125,backend/tests/test_corporate_rider_routes.py,INFERRED,mapped,-,-,-
Corporate / B2B Billing,Per-ride corporate charge,S-corp-04,"As a corporate rider, my ride is charged to my company account",happy,POST /accept-invite,backend/routes/corporate_rider.py:133,backend/tests/test_corporate_rider_routes.py,INFERRED,mapped,-,-,-
Corporate / B2B Billing,Per-ride corporate charge,S-corp-04,"As a corporate rider, my ride is charged to my company account",happy,POST /join-domain,backend/routes/corporate_rider.py:147,backend/tests/test_corporate_rider_routes.py,INFERRED,mapped,-,-,-
Corporate / B2B Billing,Per-ride corporate charge,S-corp-04,"As a corporate rider, my ride is charged to my company account",happy,GET /{company_id}/balance,backend/routes/corporate_rider.py:191,backend/tests/test_corporate_rider_routes.py,INFERRED,mapped,-,-,-
Corporate / B2B Billing,Per-ride corporate charge,S-corp-04,"As a corporate rider, my ride is charged to my company account",happy,GET /{company_id}/rides,backend/routes/corporate_rider.py:211,backend/tests/test_corporate_rider_routes.py,INFERRED,mapped,-,-,-
Corporate / B2B Billing,Per-ride corporate charge,S-corp-04,"As a corporate rider, my ride is charged to my company account",happy,GET /{company_id}/statement/{month},backend/routes/corporate_rider.py:307,backend/tests/test_corporate_rider_routes.py,INFERRED,mapped,-,-,-
Corporate / B2B Billing,Per-ride corporate charge,S-corp-04,"As a corporate rider, my ride is charged to my company account",happy,GET /{company_id}/statement/{month}/pdf,backend/routes/corporate_rider.py:325,backend/tests/test_corporate_rider_routes.py,INFERRED,mapped,-,-,-
Corporate / B2B Billing,Per-ride corporate charge,S-corp-04,"As a corporate rider, my ride is charged to my company account",happy,POST /{company_id}/allowance-requests,backend/routes/corporate_rider.py:369,backend/tests/test_corporate_rider_routes.py,INFERRED,mapped,-,-,-
Corporate / B2B Billing,Per-ride corporate charge,S-corp-04,"As a corporate rider, my ride is charged to my company account",happy,GET /{company_id}/allowance-requests,backend/routes/corporate_rider.py:425,backend/tests/test_corporate_rider_routes.py,INFERRED,mapped,-,-,-
Corporate / B2B Billing,Company registration,S-corp-01,"As a corporate admin, I can register my company account",happy,POST /signup,backend/routes/corporate_signup.py:64,backend/tests/test_corporate_signup.py,INFERRED,mapped,-,-,-
Corporate / B2B Billing,Invoicing/subscriptions,S-corp-06,"As a corporate admin, my company is billed via a subscription plan",happy,GET /subscription-plans,backend/routes/corporate_subscriptions.py:87,backend/tests/test_corporate_subscriptions_route.py,INFERRED,mapped,-,-,-
Corporate / B2B Billing,Invoicing/subscriptions,S-corp-06,"As a corporate admin, my company is billed via a subscription plan",happy,GET /{company_id}/subscription,backend/routes/corporate_subscriptions.py:93,backend/tests/test_corporate_subscriptions_route.py,INFERRED,mapped,-,-,-
Corporate / B2B Billing,Invoicing/subscriptions,S-corp-06,"As a corporate admin, my company is billed via a subscription plan",happy,POST /{company_id}/subscription,backend/routes/corporate_subscriptions.py:103,backend/tests/test_corporate_subscriptions_route.py,INFERRED,mapped,-,-,-
Corporate / B2B Billing,Invoicing/subscriptions,S-corp-06,"As a corporate admin, my company is billed via a subscription plan",happy,POST /{company_id}/subscription/cancel,backend/routes/corporate_subscriptions.py:134,backend/tests/test_corporate_subscriptions_route.py,INFERRED,mapped,-,-,-
Corporate / B2B Billing,Invoicing/subscriptions,S-corp-06,"As a corporate admin, my company is billed via a subscription plan",happy,POST /{company_id}/subscription-pilot,backend/routes/corporate_subscriptions.py:150,backend/tests/test_corporate_subscriptions_route.py,INFERRED,mapped,-,-,-
Corporate / B2B Billing,Allowance cap & ledger,S-corp-03,"As a corporate admin, member allowances are capped and tracked atomically",happy,GET /wallet-portfolio,backend/routes/corporate_wallet.py:106,backend/tests/test_corporate_wallet_freeze.py,INFERRED,mapped,MONEY-005,-,-
Corporate / B2B Billing,Allowance cap & ledger,S-corp-03,"As a corporate admin, member allowances are capped and tracked atomically",happy,GET /{company_id}/wallet,backend/routes/corporate_wallet.py:126,backend/tests/test_corporate_wallet_freeze.py,INFERRED,mapped,MONEY-005,-,-
Corporate / B2B Billing,Allowance cap & ledger,S-corp-03,"As a corporate admin, member allowances are capped and tracked atomically",happy,POST /{company_id}/wallet/topup,backend/routes/corporate_wallet.py:159,backend/tests/test_corporate_wallet_freeze.py,INFERRED,mapped,MONEY-005,-,-
Corporate / B2B Billing,Allowance cap & ledger,S-corp-03,"As a corporate admin, member allowances are capped and tracked atomically",happy,POST /{company_id}/wallet/adjust,backend/routes/corporate_wallet.py:262,backend/tests/test_corporate_wallet_freeze.py,INFERRED,mapped,MONEY-005,-,-
Corporate / B2B Billing,Allowance cap & ledger,S-corp-03,"As a corporate admin, member allowances are capped and tracked atomically",happy,PUT /{company_id}/wallet/config,backend/routes/corporate_wallet.py:327,backend/tests/test_corporate_wallet_freeze.py,INFERRED,mapped,MONEY-005,-,-
Admin Dashboard & Operations,Dispute resolution,S-admin-04,"As an admin, I resolve disputes and support tickets",happy,POST ,backend/routes/disputes.py:55,backend/tests/rls/test_disputes_rls.py,INFERRED,mapped,-,-,-
Admin Dashboard & Operations,Dispute resolution,S-admin-04,"As an admin, I resolve disputes and support tickets",happy,GET ,backend/routes/disputes.py:128,backend/tests/rls/test_disputes_rls.py,INFERRED,mapped,-,-,-
Admin Dashboard & Operations,Dispute resolution,S-admin-04,"As an admin, I resolve disputes and support tickets",happy,GET /{dispute_id},backend/routes/disputes.py:141,backend/tests/rls/test_disputes_rls.py,INFERRED,mapped,-,-,-
Admin Dashboard & Operations,Dispute resolution,S-admin-04,"As an admin, I resolve disputes and support tickets",happy,GET ,backend/routes/disputes.py:157,backend/tests/rls/test_disputes_rls.py,INFERRED,mapped,-,-,-
Admin Dashboard & Operations,Dispute resolution,S-admin-04,"As an admin, I resolve disputes and support tickets",happy,PUT /{dispute_id}/resolve,backend/routes/disputes.py:206,backend/tests/rls/test_disputes_rls.py,INFERRED,mapped,-,-,-
Ride Booking & Matching,Fare estimation,S-book-01,"As a rider, I see the full price incl. surge before I book",happy,GET /vehicle-types,backend/routes/fares.py:79,backend/tests/test_routes_fares_coverage.py,INFERRED,mapped,-,-,-
Ride Booking & Matching,Fare estimation,S-book-01,"As a rider, I see the full price incl. surge before I book",happy,GET /fares,backend/routes/fares.py:359,backend/tests/test_routes_fares_coverage.py,INFERRED,mapped,-,-,-
Ride Booking & Matching,Address/pickup validation,S-book-08,"As a rider, I can save/select addresses and favorites for pickup/dropoff",happy,GET ,backend/routes/favorites.py:38,backend/tests/test_favorites_coverage.py,INFERRED,mapped,-,-,-
Ride Booking & Matching,Address/pickup validation,S-book-08,"As a rider, I can save/select addresses and favorites for pickup/dropoff",happy,POST ,backend/routes/favorites.py:59,backend/tests/test_favorites_coverage.py,INFERRED,mapped,-,-,-
Ride Booking & Matching,Address/pickup validation,S-book-08,"As a rider, I can save/select addresses and favorites for pickup/dropoff",happy,POST /{favorite_id}/use,backend/routes/favorites.py:115,backend/tests/test_favorites_coverage.py,INFERRED,mapped,-,-,-
Ride Booking & Matching,Address/pickup validation,S-book-08,"As a rider, I can save/select addresses and favorites for pickup/dropoff",happy,DELETE /{favorite_id},backend/routes/favorites.py:132,backend/tests/test_favorites_coverage.py,INFERRED,mapped,-,-,-
Ride Booking & Matching,Address/pickup validation,S-book-08,"As a rider, I can save/select addresses and favorites for pickup/dropoff",happy,POST /from-ride/{ride_id},backend/routes/favorites.py:143,backend/tests/test_favorites_coverage.py,INFERRED,mapped,-,-,-
Legacy Import & Data Migration,Legacy consent/badge,S-legacy-06,"As a legacy user, I see consent/notice about migrated data",happy,GET /status,backend/routes/legacy_consent.py:70,backend/tests/test_legacy_consent_notice.py,INFERRED,mapped,-,-,-
Legacy Import & Data Migration,Legacy consent/badge,S-legacy-06,"As a legacy user, I see consent/notice about migrated data",happy,POST /accept,backend/routes/legacy_consent.py:86,backend/tests/test_legacy_consent_notice.py,INFERRED,mapped,-,-,-
Admin Dashboard & Operations,Driver management,S-admin-01,"As an admin, I review/approve/manage drivers and documents",happy,GET /legal-documents,backend/routes/legal_documents.py:47,backend/tests/test_legal_documents.py,INFERRED,mapped,-,-,-
Ride Fulfillment,Lost & found,S-fulfil-08,"As a rider/driver, I can report/claim a lost item after a ride",happy,GET ,backend/routes/lost_and_found.py:173,backend/tests/rls/test_lost_and_found_rls.py,INFERRED,mapped,-,-,-
Ride Fulfillment,Lost & found,S-fulfil-08,"As a rider/driver, I can report/claim a lost item after a ride",happy,GET /{case_id},backend/routes/lost_and_found.py:235,backend/tests/rls/test_lost_and_found_rls.py,INFERRED,mapped,-,-,-
Ride Fulfillment,Lost & found,S-fulfil-08,"As a rider/driver, I can report/claim a lost item after a ride",happy,POST /driver-report,backend/routes/lost_and_found.py:253,backend/tests/rls/test_lost_and_found_rls.py,INFERRED,mapped,-,-,-
Ride Fulfillment,Lost & found,S-fulfil-08,"As a rider/driver, I can report/claim a lost item after a ride",happy,PUT /{case_id}/respond,backend/routes/lost_and_found.py:344,backend/tests/rls/test_lost_and_found_rls.py,INFERRED,mapped,-,-,-
Ride Fulfillment,Lost & found,S-fulfil-08,"As a rider/driver, I can report/claim a lost item after a ride",happy,GET /{case_id}/messages,backend/routes/lost_and_found.py:401,backend/tests/rls/test_lost_and_found_rls.py,INFERRED,mapped,-,-,-
Ride Fulfillment,Lost & found,S-fulfil-08,"As a rider/driver, I can report/claim a lost item after a ride",happy,POST /{case_id}/messages,backend/routes/lost_and_found.py:430,backend/tests/rls/test_lost_and_found_rls.py,INFERRED,mapped,-,-,-
Ride Fulfillment,Lost & found,S-fulfil-08,"As a rider/driver, I can report/claim a lost item after a ride",happy,POST /{case_id}/messages/image,backend/routes/lost_and_found.py:468,backend/tests/rls/test_lost_and_found_rls.py,INFERRED,mapped,-,-,-
Promotions & Loyalty,Rider loyalty,S-promo-03,"As a rider, I earn loyalty rewards",happy,GET ,backend/routes/loyalty.py:79,backend/tests/test_loyalty.py,INFERRED,mapped,-,-,-
Promotions & Loyalty,Rider loyalty,S-promo-03,"As a rider, I earn loyalty rewards",happy,GET /history,backend/routes/loyalty.py:100,backend/tests/test_loyalty.py,INFERRED,mapped,-,-,-
Promotions & Loyalty,Rider loyalty,S-promo-03,"As a rider, I earn loyalty rewards",happy,POST /earn,backend/routes/loyalty.py:121,backend/tests/test_loyalty.py,INFERRED,mapped,-,-,-
Promotions & Loyalty,Rider loyalty,S-promo-03,"As a rider, I earn loyalty rewards",happy,POST /redeem,backend/routes/loyalty.py:215,backend/tests/test_loyalty.py,INFERRED,mapped,-,-,-
Admin Dashboard & Operations,Unmapped endpoint,ORPHAN,-,happy,GET /,backend/routes/main.py:27,backend/tests/test_auth_remaining_endpoints.py,INFERRED,orphan,-,-,-
Admin Dashboard & Operations,Unmapped endpoint,ORPHAN,-,happy,GET /health,backend/routes/main.py:32,backend/tests/test_auth_remaining_endpoints.py,INFERRED,orphan,-,-,-
Admin Dashboard & Operations,Unmapped endpoint,ORPHAN,-,happy,GET /health,backend/routes/main.py:38,backend/tests/test_auth_remaining_endpoints.py,INFERRED,orphan,-,-,-
Maps & Routing,Google Maps integration,S-maps-01,"As a rider/driver, maps render with a server-proxied API key",happy,GET /places/autocomplete,backend/routes/maps_proxy.py:137,backend/tests/test_maps_proxy_coverage.py,INFERRED,mapped,-,-,-
Maps & Routing,Google Maps integration,S-maps-01,"As a rider/driver, maps render with a server-proxied API key",happy,GET /places/details,backend/routes/maps_proxy.py:205,backend/tests/test_maps_proxy_coverage.py,INFERRED,mapped,-,-,-
Maps & Routing,Google Maps integration,S-maps-01,"As a rider/driver, maps render with a server-proxied API key",happy,GET /reverse-geocode,backend/routes/maps_proxy.py:240,backend/tests/test_maps_proxy_coverage.py,INFERRED,mapped,-,-,-
Maps & Routing,Google Maps integration,S-maps-01,"As a rider/driver, maps render with a server-proxied API key",happy,GET /directions,backend/routes/maps_proxy.py:316,backend/tests/test_maps_proxy_coverage.py,INFERRED,mapped,-,-,-
Maps & Routing,Google Maps integration,S-maps-01,"As a rider/driver, maps render with a server-proxied API key",happy,GET /pickup-points,backend/routes/maps_proxy.py:435,backend/tests/test_maps_proxy_coverage.py,INFERRED,mapped,-,-,-
Promotions & Loyalty,Marketing/subscriptions,S-promo-05,"As a rider/driver, I subscribe to a paid plan (Spinr Pass)",happy,POST /unsubscribe,backend/routes/marketing.py:95,backend/tests/test_marketing_preferences.py,INFERRED,mapped,-,-,-
Promotions & Loyalty,Marketing/subscriptions,S-promo-05,"As a rider/driver, I subscribe to a paid plan (Spinr Pass)",happy,GET /unsubscribe,backend/routes/marketing.py:106,backend/tests/test_marketing_preferences.py,INFERRED,mapped,-,-,-
Promotions & Loyalty,Marketing/subscriptions,S-promo-05,"As a rider/driver, I subscribe to a paid plan (Spinr Pass)",happy,GET /preferences,backend/routes/marketing.py:131,backend/tests/test_marketing_preferences.py,INFERRED,mapped,-,-,-
Promotions & Loyalty,Marketing/subscriptions,S-promo-05,"As a rider/driver, I subscribe to a paid plan (Spinr Pass)",happy,PUT /preferences,backend/routes/marketing.py:143,backend/tests/test_marketing_preferences.py,INFERRED,mapped,-,-,-
Notifications & Messaging,In-app notifications,S-notif-03,"As a user, I see an in-app notification inbox",happy,POST /test-push,backend/routes/notifications.py:82,backend/tests/rls/test_notifications_and_docs_admin_rls.py,INFERRED,mapped,-,-,-
Notifications & Messaging,In-app notifications,S-notif-03,"As a user, I see an in-app notification inbox",happy,POST /debug-ride-offer,backend/routes/notifications.py:180,backend/tests/rls/test_notifications_and_docs_admin_rls.py,INFERRED,mapped,-,-,-
Notifications & Messaging,In-app notifications,S-notif-03,"As a user, I see an in-app notification inbox",happy,POST /register-token,backend/routes/notifications.py:310,backend/tests/rls/test_notifications_and_docs_admin_rls.py,INFERRED,mapped,-,-,-
Notifications & Messaging,In-app notifications,S-notif-03,"As a user, I see an in-app notification inbox",happy,GET ,backend/routes/notifications.py:432,backend/tests/rls/test_notifications_and_docs_admin_rls.py,INFERRED,mapped,-,-,-
Notifications & Messaging,In-app notifications,S-notif-03,"As a user, I see an in-app notification inbox",happy,PUT /{notification_id}/read,backend/routes/notifications.py:477,backend/tests/rls/test_notifications_and_docs_admin_rls.py,INFERRED,mapped,-,-,-
Notifications & Messaging,In-app notifications,S-notif-03,"As a user, I see an in-app notification inbox",happy,PUT /read-all,backend/routes/notifications.py:488,backend/tests/rls/test_notifications_and_docs_admin_rls.py,INFERRED,mapped,-,-,-
Notifications & Messaging,In-app notifications,S-notif-03,"As a user, I see an in-app notification inbox",happy,DELETE /{notification_id},backend/routes/notifications.py:521,backend/tests/rls/test_notifications_and_docs_admin_rls.py,INFERRED,mapped,-,-,-
Notifications & Messaging,In-app notifications,S-notif-03,"As a user, I see an in-app notification inbox",happy,DELETE ,backend/routes/notifications.py:545,backend/tests/rls/test_notifications_and_docs_admin_rls.py,INFERRED,mapped,-,-,-
Notifications & Messaging,In-app notifications,S-notif-03,"As a user, I see an in-app notification inbox",happy,GET /preferences,backend/routes/notifications.py:611,backend/tests/rls/test_notifications_and_docs_admin_rls.py,INFERRED,mapped,-,-,-
Notifications & Messaging,In-app notifications,S-notif-03,"As a user, I see an in-app notification inbox",happy,PUT /preferences,backend/routes/notifications.py:634,backend/tests/rls/test_notifications_and_docs_admin_rls.py,INFERRED,mapped,-,-,-
Ride Booking & Matching,Offer matching,S-book-03,"As a driver, I receive ride offers matched to my location/vehicle/WAV status",happy,GET /{ride_id}.png,backend/routes/offer_card.py:57,backend/tests/test_offer_card_route.py,INFERRED,mapped,-,-,-
Ride Completion & Payments,Unmapped endpoint,ORPHAN,-,happy,POST /create-intent,backend/routes/payments.py:421,backend/tests/test_payments_stripe_error_specificity.py,INFERRED,orphan,DRIFT-005;MONEY-004;OBS-006;RECURRENCE-001,-,-
Ride Completion & Payments,Unmapped endpoint,ORPHAN,-,happy,POST /confirm,backend/routes/payments.py:587,backend/tests/test_payments_stripe_error_specificity.py,INFERRED,orphan,DRIFT-005;MONEY-004;OBS-006;RECURRENCE-001,-,-
Ride Completion & Payments,Unmapped endpoint,ORPHAN,-,happy,POST /setup-intent,backend/routes/payments.py:778,backend/tests/test_payments_stripe_error_specificity.py,INFERRED,orphan,DRIFT-005;MONEY-004;OBS-006;RECURRENCE-001,-,-
Ride Completion & Payments,Unmapped endpoint,ORPHAN,-,happy,GET /methods,backend/routes/payments.py:821,backend/tests/test_payments_stripe_error_specificity.py,INFERRED,orphan,DRIFT-005;MONEY-004;OBS-006;RECURRENCE-001,-,-
Ride Completion & Payments,Unmapped endpoint,ORPHAN,-,happy,GET /cards,backend/routes/payments.py:873,backend/tests/test_payments_stripe_error_specificity.py,INFERRED,orphan,DRIFT-005;MONEY-004;OBS-006;RECURRENCE-001,-,-
Ride Completion & Payments,Unmapped endpoint,ORPHAN,-,happy,POST /cards,backend/routes/payments.py:983,backend/tests/test_payments_stripe_error_specificity.py,INFERRED,orphan,DRIFT-005;MONEY-004;OBS-006;RECURRENCE-001,-,-
Ride Completion & Payments,Unmapped endpoint,ORPHAN,-,happy,POST /cards/{card_id}/default,backend/routes/payments.py:1145,backend/tests/test_payments_stripe_error_specificity.py,INFERRED,orphan,DRIFT-005;MONEY-004;OBS-006;RECURRENCE-001,-,-
Ride Completion & Payments,Unmapped endpoint,ORPHAN,-,happy,DELETE /cards/{card_id},backend/routes/payments.py:1210,backend/tests/test_payments_stripe_error_specificity.py,INFERRED,orphan,DRIFT-005;MONEY-004;OBS-006;RECURRENCE-001,-,-
Ride Completion & Payments,Unmapped endpoint,ORPHAN,-,happy,POST /payment-sheet,backend/routes/payments.py:1298,backend/tests/test_payments_stripe_error_specificity.py,INFERRED,orphan,DRIFT-005;MONEY-004;OBS-006;RECURRENCE-001,-,-
Promotions & Loyalty,Coupon/promo codes,S-promo-01,"As a rider, I can apply a promo code to a ride",happy,POST /validate,backend/routes/promotions.py:389,backend/tests/test_routes_promotions_coverage.py,INFERRED,mapped,INFO-005;SAFETY-005,-,-
Promotions & Loyalty,Coupon/promo codes,S-promo-01,"As a rider, I can apply a promo code to a ride",happy,POST /apply,backend/routes/promotions.py:406,backend/tests/test_routes_promotions_coverage.py,INFERRED,mapped,INFO-005;SAFETY-005,-,-
Promotions & Loyalty,Coupon/promo codes,S-promo-01,"As a rider, I can apply a promo code to a ride",happy,GET /available,backend/routes/promotions.py:652,backend/tests/test_routes_promotions_coverage.py,INFERRED,mapped,INFO-005;SAFETY-005,-,-
Promotions & Loyalty,Coupon/promo codes,S-promo-01,"As a rider, I can apply a promo code to a ride",happy,GET ,backend/routes/promotions.py:681,backend/tests/test_routes_promotions_coverage.py,INFERRED,mapped,INFO-005;SAFETY-005,-,-
Promotions & Loyalty,Coupon/promo codes,S-promo-01,"As a rider, I can apply a promo code to a ride",happy,POST ,backend/routes/promotions.py:688,backend/tests/test_routes_promotions_coverage.py,INFERRED,mapped,INFO-005;SAFETY-005,-,-
Promotions & Loyalty,Coupon/promo codes,S-promo-01,"As a rider, I can apply a promo code to a ride",happy,PUT /{promo_id},backend/routes/promotions.py:737,backend/tests/test_routes_promotions_coverage.py,INFERRED,mapped,INFO-005;SAFETY-005,-,-
Promotions & Loyalty,Coupon/promo codes,S-promo-01,"As a rider, I can apply a promo code to a ride",happy,DELETE /{promo_id},backend/routes/promotions.py:764,backend/tests/test_routes_promotions_coverage.py,INFERRED,mapped,INFO-005;SAFETY-005,-,-
Promotions & Loyalty,Driver quests/bonuses,S-promo-02,"As a driver, I complete quests for bonus incentives",happy,GET ,backend/routes/quests.py:102,backend/tests/test_corporate_allowance_requests.py,INFERRED,mapped,-,-,-
Promotions & Loyalty,Driver quests/bonuses,S-promo-02,"As a driver, I complete quests for bonus incentives",happy,POST /{quest_id}/join,backend/routes/quests.py:189,backend/tests/test_corporate_allowance_requests.py,INFERRED,mapped,-,-,-
Promotions & Loyalty,Driver quests/bonuses,S-promo-02,"As a driver, I complete quests for bonus incentives",happy,GET /my-quests,backend/routes/quests.py:257,backend/tests/test_corporate_allowance_requests.py,INFERRED,mapped,-,-,-
Promotions & Loyalty,Driver quests/bonuses,S-promo-02,"As a driver, I complete quests for bonus incentives",happy,POST /progress/{progress_id}/claim,backend/routes/quests.py:311,backend/tests/test_corporate_allowance_requests.py,INFERRED,mapped,-,-,-
Promotions & Loyalty,Driver quests/bonuses,S-promo-02,"As a driver, I complete quests for bonus incentives",happy,POST /create,backend/routes/quests.py:427,backend/tests/test_corporate_allowance_requests.py,INFERRED,mapped,-,-,-
Promotions & Loyalty,Driver quests/bonuses,S-promo-02,"As a driver, I complete quests for bonus incentives",happy,GET /list,backend/routes/quests.py:453,backend/tests/test_corporate_allowance_requests.py,INFERRED,mapped,-,-,-
Promotions & Loyalty,Driver quests/bonuses,S-promo-02,"As a driver, I complete quests for bonus incentives",happy,PATCH /{quest_id},backend/routes/quests.py:506,backend/tests/test_corporate_allowance_requests.py,INFERRED,mapped,-,-,-
Promotions & Loyalty,Driver quests/bonuses,S-promo-02,"As a driver, I complete quests for bonus incentives",happy,GET /{quest_id}/participants,backend/routes/quests.py:530,backend/tests/test_corporate_allowance_requests.py,INFERRED,mapped,-,-,-
"Safety, Trust & Fraud",SOS / emergency,S-safety-01,"As a rider/driver, I can trigger SOS and it notifies contacts + safety team",happy,POST /report,backend/routes/safety.py:62,backend/tests/test_dispute_ledger_replay_safety.py,INFERRED,mapped,INFO-005;OBS-006;SAFETY-001;SAFETY-002;SAFETY-005,-,-
"Safety, Trust & Fraud",SOS / emergency,S-safety-01,"As a rider/driver, I can trigger SOS and it notifies contacts + safety team",happy,POST /report/{incident_id}/photo,backend/routes/safety.py:150,backend/tests/test_dispute_ledger_replay_safety.py,INFERRED,mapped,INFO-005;OBS-006;SAFETY-001;SAFETY-002;SAFETY-005,-,-
Maps & Routing,Service-area geometry,S-maps-03,"As an admin, I define service-area boundaries",happy,GET /service-areas,backend/routes/service_areas.py:73,backend/tests/test_admin_service_areas_coverage.py,INFERRED,mapped,-,-,-
Maps & Routing,Service-area geometry,S-maps-03,"As an admin, I define service-area boundaries",happy,GET /service-areas/{area_id}/airport-zones,backend/routes/service_areas.py:109,backend/tests/test_admin_service_areas_coverage.py,INFERRED,mapped,-,-,-
Admin Dashboard & Operations,Settings/flags,S-admin-06,"As an admin, I manage Stripe/Twilio/Maps keys and feature flags in DB",happy,GET /settings,backend/routes/settings.py:56,backend/tests/test_admin_settings_company_app_download_url.py,INFERRED,mapped,-,-,-
Admin Dashboard & Operations,Settings/flags,S-admin-06,"As an admin, I manage Stripe/Twilio/Maps keys and feature flags in DB",happy,GET /settings/legal,backend/routes/settings.py:117,backend/tests/test_admin_settings_company_app_download_url.py,INFERRED,mapped,-,-,-
Admin Dashboard & Operations,Settings/flags,S-admin-06,"As an admin, I manage Stripe/Twilio/Maps keys and feature flags in DB",happy,GET /company-info,backend/routes/settings.py:136,backend/tests/test_admin_settings_company_app_download_url.py,INFERRED,mapped,-,-,-
Admin Dashboard & Operations,Dispute resolution,S-admin-04,"As an admin, I resolve disputes and support tickets",happy,POST /support/chat,backend/routes/support.py:71,backend/tests/test_support_tickets_ai_suggest.py,INFERRED,mapped,OBS-006,-,-
Admin Dashboard & Operations,Dispute resolution,S-admin-04,"As an admin, I resolve disputes and support tickets",happy,POST /support/escalate,backend/routes/support.py:118,backend/tests/test_support_tickets_ai_suggest.py,INFERRED,mapped,OBS-006,-,-
Authentication & Authorization,Profile management,S-auth-06,"As a rider/driver, I can view/edit my profile",happy,GET /profile,backend/routes/users.py:94,backend/tests/test_admin_users_management.py,INFERRED,mapped,DRIFT-005;INFO-005,-,-
Authentication & Authorization,Profile management,S-auth-06,"As a rider/driver, I can view/edit my profile",happy,POST /profile,backend/routes/users.py:103,backend/tests/test_admin_users_management.py,INFERRED,mapped,DRIFT-005;INFO-005,-,-
Authentication & Authorization,Profile management,S-auth-06,"As a rider/driver, I can view/edit my profile",happy,POST /data-export,backend/routes/users.py:242,backend/tests/test_admin_users_management.py,INFERRED,mapped,DRIFT-005;INFO-005,-,-
Authentication & Authorization,Profile management,S-auth-06,"As a rider/driver, I can view/edit my profile",happy,DELETE /account,backend/routes/users.py:451,backend/tests/test_admin_users_management.py,INFERRED,mapped,DRIFT-005;INFO-005,-,-
Authentication & Authorization,Profile management,S-auth-06,"As a rider/driver, I can view/edit my profile",happy,DELETE /profile,backend/routes/users.py:531,backend/tests/test_admin_users_management.py,INFERRED,mapped,DRIFT-005;INFO-005,-,-
Authentication & Authorization,Profile management,S-auth-06,"As a rider/driver, I can view/edit my profile",happy,PATCH /profile/phone,backend/routes/users.py:574,backend/tests/test_admin_users_management.py,INFERRED,mapped,DRIFT-005;INFO-005,-,-
Authentication & Authorization,Profile management,S-auth-06,"As a rider/driver, I can view/edit my profile",happy,PUT /profile-image,backend/routes/users.py:671,backend/tests/test_admin_users_management.py,INFERRED,mapped,DRIFT-005;INFO-005,-,-
Authentication & Authorization,Profile management,S-auth-06,"As a rider/driver, I can view/edit my profile",happy,PATCH /profile/corporate,backend/routes/users.py:718,backend/tests/test_admin_users_management.py,INFERRED,mapped,DRIFT-005;INFO-005,-,-
Authentication & Authorization,Profile management,S-auth-06,"As a rider/driver, I can view/edit my profile",happy,GET /emergency-contacts,backend/routes/users.py:840,backend/tests/test_admin_users_management.py,INFERRED,mapped,DRIFT-005;INFO-005,-,-
Authentication & Authorization,Profile management,S-auth-06,"As a rider/driver, I can view/edit my profile",happy,POST /emergency-contacts,backend/routes/users.py:867,backend/tests/test_admin_users_management.py,INFERRED,mapped,DRIFT-005;INFO-005,-,-
Authentication & Authorization,Profile management,S-auth-06,"As a rider/driver, I can view/edit my profile",happy,DELETE /emergency-contacts/{contact_id},backend/routes/users.py:944,backend/tests/test_admin_users_management.py,INFERRED,mapped,DRIFT-005;INFO-005,-,-
Authentication & Authorization,Profile management,S-auth-06,"As a rider/driver, I can view/edit my profile",happy,GET /referral,backend/routes/users.py:1082,backend/tests/test_admin_users_management.py,INFERRED,mapped,DRIFT-005;INFO-005,-,-
Authentication & Authorization,Profile management,S-auth-06,"As a rider/driver, I can view/edit my profile",happy,GET /referrals,backend/routes/users.py:1091,backend/tests/test_admin_users_management.py,INFERRED,mapped,DRIFT-005;INFO-005,-,-
Authentication & Authorization,Profile management,S-auth-06,"As a rider/driver, I can view/edit my profile",happy,POST /referral/apply,backend/routes/users.py:1100,backend/tests/test_admin_users_management.py,INFERRED,mapped,DRIFT-005;INFO-005,-,-
Authentication & Authorization,Profile management,S-auth-06,"As a rider/driver, I can view/edit my profile",happy,POST /verify-email/request,backend/routes/users.py:1202,backend/tests/test_admin_users_management.py,INFERRED,mapped,DRIFT-005;INFO-005,-,-
Authentication & Authorization,Profile management,S-auth-06,"As a rider/driver, I can view/edit my profile",happy,POST /verify-email/confirm,backend/routes/users.py:1310,backend/tests/test_admin_users_management.py,INFERRED,mapped,DRIFT-005;INFO-005,-,-
Ride Completion & Payments,Wallet settlement,S-pay-02,"As a rider, I can pay with wallet balance; insufficient balance is rejected cleanly",happy,GET ,backend/routes/wallet.py:125,backend/tests/test_corporate_wallet_freeze.py,INFERRED,mapped,-,-,-
Ride Completion & Payments,Wallet settlement,S-pay-02,"As a rider, I can pay with wallet balance; insufficient balance is rejected cleanly",happy,POST /top-up,backend/routes/wallet.py:137,backend/tests/test_corporate_wallet_freeze.py,INFERRED,mapped,-,-,-
Ride Completion & Payments,Wallet settlement,S-pay-02,"As a rider, I can pay with wallet balance; insufficient balance is rejected cleanly",happy,POST /pay,backend/routes/wallet.py:226,backend/tests/test_corporate_wallet_freeze.py,INFERRED,mapped,-,-,-
Ride Completion & Payments,Wallet settlement,S-pay-02,"As a rider, I can pay with wallet balance; insufficient balance is rejected cleanly",happy,GET /transactions,backend/routes/wallet.py:340,backend/tests/test_corporate_wallet_freeze.py,INFERRED,mapped,-,-,-
Integrations & Webhooks,Stripe webhooks,S-integ-01,"As a system, Stripe webhook events are claimed idempotently and processed",happy,POST /stripe,backend/routes/webhooks.py:659,backend/tests/test_appcheck_webhooks_exempt.py,INFERRED,mapped,DRIFT-005;OBS-002;OBS-006;RECURRENCE-004,-,-
Integrations & Webhooks,Stripe webhooks,S-integ-01,"As a system, Stripe webhook events are claimed idempotently and processed",happy,POST /ses,backend/routes/webhooks.py:2430,backend/tests/test_appcheck_webhooks_exempt.py,INFERRED,mapped,DRIFT-005;OBS-002;OBS-006;RECURRENCE-004,-,-
Integrations & Webhooks,Stripe webhooks,S-integ-01,"As a system, Stripe webhook events are claimed idempotently and processed",happy,POST /twilio-inbound,backend/routes/webhooks.py:2536,backend/tests/test_appcheck_webhooks_exempt.py,INFERRED,mapped,DRIFT-005;OBS-002;OBS-006;RECURRENCE-004,-,-
Ride Fulfillment,Real-time location (WS),S-fulfil-02,"As a rider/driver, I see live location updates during the ride via WebSocket",happy,WEBSOCKET /ws/{client_type}/{client_id},backend/routes/websocket.py:594,backend/tests/test_websocket_auth_ack.py,INFERRED,mapped,DISPATCH-004;DRIFT-005;MONEY-005;OBS-001,-,-
AI Assistant,AI admin console/guardrails,S-ai-02,"As an admin, I monitor/configure the AI assistant with PII scrubbing",happy,POST /ai/chat,backend/routes/admin/ai_console.py:101,backend/tests/test_ai_console_super_admin_mount.py,INFERRED,mapped,-,-,-
AI Assistant,AI admin console/guardrails,S-ai-02,"As an admin, I monitor/configure the AI assistant with PII scrubbing",happy,GET /ai/users/{user_id}/conversations,backend/routes/admin/ai_console.py:160,backend/tests/test_ai_console_super_admin_mount.py,INFERRED,mapped,-,-,-
AI Assistant,AI admin console/guardrails,S-ai-02,"As an admin, I monitor/configure the AI assistant with PII scrubbing",happy,GET /ai/users/{user_id}/conversations/{conversation_id}/messages,backend/routes/admin/ai_console.py:169,backend/tests/test_ai_console_super_admin_mount.py,INFERRED,mapped,-,-,-
AI Assistant,AI admin console/guardrails,S-ai-02,"As an admin, I monitor/configure the AI assistant with PII scrubbing",happy,GET /ai/security-events,backend/routes/admin/ai_console.py:189,backend/tests/test_ai_console_super_admin_mount.py,INFERRED,mapped,-,-,-
Admin Dashboard & Operations,Financial dashboard,S-admin-03,"As an admin, I see KPI/financial analytics",happy,GET /cancellation-reasons,backend/routes/admin/analytics.py:124,backend/tests/test_analytics_503.py,INFERRED,mapped,-,-,-
Admin Dashboard & Operations,Financial dashboard,S-admin-03,"As an admin, I see KPI/financial analytics",happy,GET /driver-acceptance,backend/routes/admin/analytics.py:224,backend/tests/test_analytics_503.py,INFERRED,mapped,-,-,-
Admin Dashboard & Operations,Financial dashboard,S-admin-03,"As an admin, I see KPI/financial analytics",happy,GET /overview,backend/routes/admin/analytics.py:440,backend/tests/test_analytics_503.py,INFERRED,mapped,-,-,-
Admin Dashboard & Operations,Financial dashboard,S-admin-03,"As an admin, I see KPI/financial analytics",happy,GET /dashboard,backend/routes/admin/analytics.py:561,backend/tests/test_analytics_503.py,INFERRED,mapped,-,-,-
Admin Dashboard & Operations,Financial dashboard,S-admin-03,"As an admin, I see KPI/financial analytics",happy,GET /demand-forecast,backend/routes/admin/analytics.py:678,backend/tests/test_analytics_503.py,INFERRED,mapped,-,-,-
Admin Dashboard & Operations,Financial dashboard,S-admin-03,"As an admin, I see KPI/financial analytics",happy,GET /demand-forecast/summary,backend/routes/admin/analytics.py:694,backend/tests/test_analytics_503.py,INFERRED,mapped,-,-,-
Admin Dashboard & Operations,Financial dashboard,S-admin-03,"As an admin, I see KPI/financial analytics",happy,GET /surge-history,backend/routes/admin/analytics.py:711,backend/tests/test_analytics_503.py,INFERRED,mapped,-,-,-
Admin Dashboard & Operations,Financial dashboard,S-admin-03,"As an admin, I see KPI/financial analytics",happy,GET /driver-offer-stats,backend/routes/admin/analytics.py:761,backend/tests/test_analytics_503.py,INFERRED,mapped,-,-,-
Admin Dashboard & Operations,Financial dashboard,S-admin-03,"As an admin, I see KPI/financial analytics",happy,GET /driver-offer-trends,backend/routes/admin/analytics.py:895,backend/tests/test_analytics_503.py,INFERRED,mapped,-,-,-
Admin Dashboard & Operations,Financial dashboard,S-admin-03,"As an admin, I see KPI/financial analytics",happy,GET /marketplace-funnel,backend/routes/admin/analytics.py:952,backend/tests/test_analytics_503.py,INFERRED,mapped,-,-,-
Admin Dashboard & Operations,Financial dashboard,S-admin-03,"As an admin, I see KPI/financial analytics",happy,GET /supply-utilization,backend/routes/admin/analytics.py:1064,backend/tests/test_analytics_503.py,INFERRED,mapped,-,-,-
Admin Dashboard & Operations,Financial dashboard,S-admin-03,"As an admin, I see KPI/financial analytics",happy,GET /dispatch-latency,backend/routes/admin/analytics.py:1154,backend/tests/test_analytics_503.py,INFERRED,mapped,-,-,-
Admin Dashboard & Operations,Financial dashboard,S-admin-03,"As an admin, I see KPI/financial analytics",happy,GET /retention-cohorts,backend/routes/admin/analytics.py:1241,backend/tests/test_analytics_503.py,INFERRED,mapped,-,-,-
Admin Dashboard & Operations,Financial dashboard,S-admin-03,"As an admin, I see KPI/financial analytics",happy,GET /efficiency,backend/routes/admin/analytics.py:1339,backend/tests/test_analytics_503.py,INFERRED,mapped,-,-,-
Admin Dashboard & Operations,Financial dashboard,S-admin-03,"As an admin, I see KPI/financial analytics",happy,GET /financial,backend/routes/admin/analytics.py:1435,backend/tests/test_analytics_503.py,INFERRED,mapped,-,-,-
Admin Dashboard & Operations,Unmapped endpoint,ORPHAN,-,happy,GET /session,backend/routes/admin/auth.py:259,backend/tests/test_websocket_auth_ack.py,INFERRED,orphan,DRIFT-005;INFO-005;OBS-002;OBS-006;SAFETY-004,-,-
Admin Dashboard & Operations,Unmapped endpoint,ORPHAN,-,happy,POST /login,backend/routes/admin/auth.py:316,backend/tests/test_websocket_auth_ack.py,INFERRED,orphan,DRIFT-005;INFO-005;OBS-002;OBS-006;SAFETY-004,-,-
Admin Dashboard & Operations,Unmapped endpoint,ORPHAN,-,happy,POST /refresh,backend/routes/admin/auth.py:494,backend/tests/test_websocket_auth_ack.py,INFERRED,orphan,DRIFT-005;INFO-005;OBS-002;OBS-006;SAFETY-004,-,-
Admin Dashboard & Operations,Unmapped endpoint,ORPHAN,-,happy,POST /logout,backend/routes/admin/auth.py:609,backend/tests/test_websocket_auth_ack.py,INFERRED,orphan,DRIFT-005;INFO-005;OBS-002;OBS-006;SAFETY-004,-,-
Admin Dashboard & Operations,Unmapped endpoint,ORPHAN,-,happy,POST /logout-all,backend/routes/admin/auth.py:652,backend/tests/test_websocket_auth_ack.py,INFERRED,orphan,DRIFT-005;INFO-005;OBS-002;OBS-006;SAFETY-004,-,-
Admin Dashboard & Operations,Unmapped endpoint,ORPHAN,-,happy,POST /change-password,backend/routes/admin/auth.py:751,backend/tests/test_websocket_auth_ack.py,INFERRED,orphan,DRIFT-005;INFO-005;OBS-002;OBS-006;SAFETY-004,-,-
Admin Dashboard & Operations,Unmapped endpoint,ORPHAN,-,happy,GET /mfa/status,backend/routes/admin/auth.py:1013,backend/tests/test_websocket_auth_ack.py,INFERRED,orphan,DRIFT-005;INFO-005;OBS-002;OBS-006;SAFETY-004,-,-
Admin Dashboard & Operations,Unmapped endpoint,ORPHAN,-,happy,POST /mfa/enroll,backend/routes/admin/auth.py:1054,backend/tests/test_websocket_auth_ack.py,INFERRED,orphan,DRIFT-005;INFO-005;OBS-002;OBS-006;SAFETY-004,-,-
Admin Dashboard & Operations,Unmapped endpoint,ORPHAN,-,happy,POST /mfa/confirm,backend/routes/admin/auth.py:1065,backend/tests/test_websocket_auth_ack.py,INFERRED,orphan,DRIFT-005;INFO-005;OBS-002;OBS-006;SAFETY-004,-,-
Admin Dashboard & Operations,Unmapped endpoint,ORPHAN,-,happy,POST /mfa/disable,backend/routes/admin/auth.py:1138,backend/tests/test_websocket_auth_ack.py,INFERRED,orphan,DRIFT-005;INFO-005;OBS-002;OBS-006;SAFETY-004,-,-
Admin Dashboard & Operations,Unmapped endpoint,ORPHAN,-,happy,POST /mfa/challenge,backend/routes/admin/auth.py:1176,backend/tests/test_websocket_auth_ack.py,INFERRED,orphan,DRIFT-005;INFO-005;OBS-002;OBS-006;SAFETY-004,-,-
Admin Dashboard & Operations,Unmapped endpoint,ORPHAN,-,happy,POST /break-glass,backend/routes/admin/auth.py:1272,backend/tests/test_websocket_auth_ack.py,INFERRED,orphan,DRIFT-005;INFO-005;OBS-002;OBS-006;SAFETY-004,-,-
Admin Dashboard & Operations,Unmapped endpoint,ORPHAN,-,happy,POST /unlock,backend/routes/admin/auth.py:1469,backend/tests/test_websocket_auth_ack.py,INFERRED,orphan,DRIFT-005;INFO-005;OBS-002;OBS-006;SAFETY-004,-,-
Driver Earnings & Payouts,Per-driver payouts,S-earn-04,"As a driver, my earnings are paid out to my bank account",happy,GET /auto-payouts/batches,backend/routes/admin/auto_payouts.py:76,NONE,INFERRED,mapped,-,-,-
Driver Earnings & Payouts,Per-driver payouts,S-earn-04,"As a driver, my earnings are paid out to my bank account",happy,GET /auto-payouts/blocked-drivers,backend/routes/admin/auto_payouts.py:106,NONE,INFERRED,mapped,-,-,-
Driver Earnings & Payouts,Per-driver payouts,S-earn-04,"As a driver, my earnings are paid out to my bank account",happy,POST /auto-payouts/run-now,backend/routes/admin/auto_payouts.py:145,NONE,INFERRED,mapped,-,-,-
Legacy Import & Data Migration,Booking/wallet/address import,S-legacy-05,"As ops, legacy bookings/wallets/addresses are imported",happy,POST /bookings/import/validate,backend/routes/admin/booking_import.py:200,backend/tests/test_admin_booking_import.py,INFERRED,mapped,-,-,-
Legacy Import & Data Migration,Booking/wallet/address import,S-legacy-05,"As ops, legacy bookings/wallets/addresses are imported",happy,POST /bookings/import/commit,backend/routes/admin/booking_import.py:226,backend/tests/test_admin_booking_import.py,INFERRED,mapped,-,-,-
"Safety, Trust & Fraud",Unmapped endpoint,ORPHAN,-,happy,GET /gst-pst-remittance,backend/routes/admin/compliance.py:515,backend/tests/test_compliance_reports_http.py,INFERRED,orphan,INFO-005;MONEY-005,-,-
"Safety, Trust & Fraud",Unmapped endpoint,ORPHAN,-,happy,GET /driver-roster,backend/routes/admin/compliance.py:733,backend/tests/test_compliance_reports_http.py,INFERRED,orphan,INFO-005;MONEY-005,-,-
"Safety, Trust & Fraud",Unmapped endpoint,ORPHAN,-,happy,GET /t4a-filer-handoff,backend/routes/admin/compliance.py:981,backend/tests/test_compliance_reports_http.py,INFERRED,orphan,INFO-005;MONEY-005,-,-
"Safety, Trust & Fraud",Unmapped endpoint,ORPHAN,-,happy,GET /insurance-billing-sgi,backend/routes/admin/compliance.py:1409,backend/tests/test_compliance_reports_http.py,INFERRED,orphan,INFO-005;MONEY-005,-,-
"Safety, Trust & Fraud",Unmapped endpoint,ORPHAN,-,happy,GET /insurance-billing-knight-archer,backend/routes/admin/compliance.py:1444,backend/tests/test_compliance_reports_http.py,INFERRED,orphan,INFO-005;MONEY-005,-,-
"Safety, Trust & Fraud",Unmapped endpoint,ORPHAN,-,happy,GET /airport-trips,backend/routes/admin/compliance.py:1607,backend/tests/test_compliance_reports_http.py,INFERRED,orphan,INFO-005;MONEY-005,-,-
"Safety, Trust & Fraud",Unmapped endpoint,ORPHAN,-,happy,GET /saskatoon-city-trip-log,backend/routes/admin/compliance.py:1816,backend/tests/test_compliance_reports_http.py,INFERRED,orphan,INFO-005;MONEY-005,-,-
Admin Dashboard & Operations,Data transfer / export,S-admin-05,"As an admin, I export data for PIPEDA access requests",happy,POST /data-transfer/export,backend/routes/admin/data_transfer_export.py:308,backend/tests/test_data_transfer_export_route.py,INFERRED,mapped,-,-,-
Admin Dashboard & Operations,Data transfer / export,S-admin-05,"As an admin, I export data for PIPEDA access requests",happy,POST /data-transfer/import/validate,backend/routes/admin/data_transfer_import.py:71,backend/tests/test_data_transfer_import_route.py,INFERRED,mapped,-,-,-
Admin Dashboard & Operations,Data transfer / export,S-admin-05,"As an admin, I export data for PIPEDA access requests",happy,POST /data-transfer/import/commit,backend/routes/admin/data_transfer_import.py:90,backend/tests/test_data_transfer_import_route.py,INFERRED,mapped,-,-,-
Admin Dashboard & Operations,Data transfer / export,S-admin-05,"As an admin, I export data for PIPEDA access requests",happy,GET /data-transfer/jobs,backend/routes/admin/data_transfer_jobs.py:51,backend/tests/test_data_transfer_jobs_route.py,INFERRED,mapped,DRIFT-001;RECURRENCE-005,-,-
Admin Dashboard & Operations,Data transfer / export,S-admin-05,"As an admin, I export data for PIPEDA access requests",happy,GET /data-transfer/jobs/{job_id},backend/routes/admin/data_transfer_jobs.py:79,backend/tests/test_data_transfer_jobs_route.py,INFERRED,mapped,DRIFT-001;RECURRENCE-005,-,-
Admin Dashboard & Operations,Data transfer / export,S-admin-05,"As an admin, I export data for PIPEDA access requests",happy,GET /data-transfer/jobs/{job_id}/download,backend/routes/admin/data_transfer_jobs.py:99,backend/tests/test_data_transfer_jobs_route.py,INFERRED,mapped,DRIFT-001;RECURRENCE-005,-,-
Admin Dashboard & Operations,Data transfer / export,S-admin-05,"As an admin, I export data for PIPEDA access requests",happy,GET /data-transfer/search,backend/routes/admin/data_transfer_search.py:108,backend/tests/test_data_transfer_search.py,INFERRED,mapped,-,-,-
Admin Dashboard & Operations,Unmapped endpoint,ORPHAN,-,happy,POST /disputes/{dispute_id}/submit-evidence,backend/routes/admin/dispute_evidence_submission.py:69,backend/tests/test_admin_dispute_evidence_submission.py,INFERRED,orphan,-,-,-
Admin Dashboard & Operations,Unmapped endpoint,ORPHAN,-,happy,GET /rides/{ride_id}/dispute-pack,backend/routes/admin/dispute_pack_download.py:61,backend/tests/test_admin_dispute_pack_download.py,INFERRED,orphan,-,-,-
Admin Dashboard & Operations,Driver management,S-admin-01,"As an admin, I review/approve/manage drivers and documents",happy,GET /documents/{document_id}/view,backend/routes/admin/documents.py:74,backend/tests/test_branded_documents.py,INFERRED,mapped,-,-,-
Admin Dashboard & Operations,Driver management,S-admin-01,"As an admin, I review/approve/manage drivers and documents",happy,GET /documents/requirements,backend/routes/admin/documents.py:126,backend/tests/test_branded_documents.py,INFERRED,mapped,-,-,-
Admin Dashboard & Operations,Driver management,S-admin-01,"As an admin, I review/approve/manage drivers and documents",happy,POST /documents/requirements,backend/routes/admin/documents.py:133,backend/tests/test_branded_documents.py,INFERRED,mapped,-,-,-
Admin Dashboard & Operations,Driver management,S-admin-01,"As an admin, I review/approve/manage drivers and documents",happy,PUT /documents/requirements/{requirement_id},backend/routes/admin/documents.py:159,backend/tests/test_branded_documents.py,INFERRED,mapped,-,-,-
Admin Dashboard & Operations,Driver management,S-admin-01,"As an admin, I review/approve/manage drivers and documents",happy,DELETE /documents/requirements/{requirement_id},backend/routes/admin/documents.py:191,backend/tests/test_branded_documents.py,INFERRED,mapped,-,-,-
Admin Dashboard & Operations,Driver management,S-admin-01,"As an admin, I review/approve/manage drivers and documents",happy,GET /documents/pending,backend/routes/admin/documents.py:211,backend/tests/test_branded_documents.py,INFERRED,mapped,-,-,-
Admin Dashboard & Operations,Driver management,S-admin-01,"As an admin, I review/approve/manage drivers and documents",happy,GET /documents/drivers/{driver_id},backend/routes/admin/documents.py:250,backend/tests/test_branded_documents.py,INFERRED,mapped,-,-,-
Admin Dashboard & Operations,Driver management,S-admin-01,"As an admin, I review/approve/manage drivers and documents",happy,POST /documents/{document_id}/review,backend/routes/admin/documents.py:301,backend/tests/test_branded_documents.py,INFERRED,mapped,-,-,-
Admin Dashboard & Operations,Driver management,S-admin-01,"As an admin, I review/approve/manage drivers and documents",happy,POST /documents/upload,backend/routes/admin/documents.py:662,backend/tests/test_branded_documents.py,INFERRED,mapped,-,-,-
"Safety, Trust & Fraud",Dispute/appeal handling,S-safety-06,"As a driver, I can appeal an admin decision",happy,GET /driver-appeals,backend/routes/admin/driver_appeals.py:55,backend/tests/test_admin_driver_appeals.py,INFERRED,mapped,-,-,-
"Safety, Trust & Fraud",Dispute/appeal handling,S-safety-06,"As a driver, I can appeal an admin decision",happy,GET /driver-appeals/stats,backend/routes/admin/driver_appeals.py:66,backend/tests/test_admin_driver_appeals.py,INFERRED,mapped,-,-,-
"Safety, Trust & Fraud",Dispute/appeal handling,S-safety-06,"As a driver, I can appeal an admin decision",happy,POST /driver-appeals/{appeal_id}/resolve,backend/routes/admin/driver_appeals.py:71,backend/tests/test_admin_driver_appeals.py,INFERRED,mapped,-,-,-
Admin Dashboard & Operations,Driver management,S-admin-01,"As an admin, I review/approve/manage drivers and documents",happy,GET /drivers/{driver_id}/distance-travelled,backend/routes/admin/driver_distance.py:69,backend/tests/test_admin_driver_distance.py,INFERRED,mapped,-,-,-
Admin Dashboard & Operations,Driver management,S-admin-01,"As an admin, I review/approve/manage drivers and documents",happy,GET /drivers/{driver_id}/distance-logs,backend/routes/admin/driver_distance.py:212,backend/tests/test_admin_driver_distance.py,INFERRED,mapped,-,-,-
Admin Dashboard & Operations,Driver management,S-admin-01,"As an admin, I review/approve/manage drivers and documents",happy,POST /drivers/dormancy/preview,backend/routes/admin/driver_dormancy.py:76,backend/tests/test_driver_dormancy_service.py,INFERRED,mapped,-,-,-
Admin Dashboard & Operations,Driver management,S-admin-01,"As an admin, I review/approve/manage drivers and documents",happy,POST /drivers/dormancy/commit,backend/routes/admin/driver_dormancy.py:90,backend/tests/test_driver_dormancy_service.py,INFERRED,mapped,-,-,-
Legacy Import & Data Migration,Driver import,S-legacy-01,"As ops, legacy drivers are imported/backfilled",happy,POST /drivers/import/validate,backend/routes/admin/driver_import.py:135,backend/tests/test_admin_driver_import.py,INFERRED,mapped,-,-,-
Legacy Import & Data Migration,Driver import,S-legacy-01,"As ops, legacy drivers are imported/backfilled",happy,POST /drivers/import/commit,backend/routes/admin/driver_import.py:156,backend/tests/test_admin_driver_import.py,INFERRED,mapped,-,-,-
Driver Earnings & Payouts,Period statements,S-earn-02,"As a driver, I receive periodic earnings statements",happy,GET /drivers/{driver_id}/statements,backend/routes/admin/driver_statements.py:119,backend/tests/test_admin_driver_statements.py,INFERRED,mapped,-,-,-
Driver Earnings & Payouts,Period statements,S-earn-02,"As a driver, I receive periodic earnings statements",happy,GET /drivers/{driver_id}/statements/pdf,backend/routes/admin/driver_statements.py:153,backend/tests/test_admin_driver_statements.py,INFERRED,mapped,-,-,-
Driver Earnings & Payouts,Period statements,S-earn-02,"As a driver, I receive periodic earnings statements",happy,POST /drivers/{driver_id}/statements/email,backend/routes/admin/driver_statements.py:193,backend/tests/test_admin_driver_statements.py,INFERRED,mapped,-,-,-
Driver Earnings & Payouts,Period statements,S-earn-02,"As a driver, I receive periodic earnings statements",happy,POST /drivers/statements/recompute-totals,backend/routes/admin/driver_statements.py:273,backend/tests/test_admin_driver_statements.py,INFERRED,mapped,-,-,-
Admin Dashboard & Operations,Driver management,S-admin-01,"As an admin, I review/approve/manage drivers and documents",happy,GET /drivers,backend/routes/admin/drivers.py:718,backend/tests/test_drivers_extended.py,INFERRED,mapped,CONCURRENCY-001;DRIFT-003;DRIFT-004;INFO-005;RECURRENCE-005,-,-
Admin Dashboard & Operations,Driver management,S-admin-01,"As an admin, I review/approve/manage drivers and documents",happy,POST /drivers/search,backend/routes/admin/drivers.py:874,backend/tests/test_drivers_extended.py,INFERRED,mapped,CONCURRENCY-001;DRIFT-003;DRIFT-004;INFO-005;RECURRENCE-005,-,-
Admin Dashboard & Operations,Driver management,S-admin-01,"As an admin, I review/approve/manage drivers and documents",happy,GET /drivers/stats,backend/routes/admin/drivers.py:889,backend/tests/test_drivers_extended.py,INFERRED,mapped,CONCURRENCY-001;DRIFT-003;DRIFT-004;INFO-005;RECURRENCE-005,-,-
Admin Dashboard & Operations,Driver management,S-admin-01,"As an admin, I review/approve/manage drivers and documents",happy,GET /drivers/approval-queue,backend/routes/admin/drivers.py:1240,backend/tests/test_drivers_extended.py,INFERRED,mapped,CONCURRENCY-001;DRIFT-003;DRIFT-004;INFO-005;RECURRENCE-005,-,-
Admin Dashboard & Operations,Driver management,S-admin-01,"As an admin, I review/approve/manage drivers and documents",happy,GET /drivers/expiring,backend/routes/admin/drivers.py:1504,backend/tests/test_drivers_extended.py,INFERRED,mapped,CONCURRENCY-001;DRIFT-003;DRIFT-004;INFO-005;RECURRENCE-005,-,-
Admin Dashboard & Operations,Driver management,S-admin-01,"As an admin, I review/approve/manage drivers and documents",happy,POST /drivers/{driver_id}/nudge-expiry,backend/routes/admin/drivers.py:1619,backend/tests/test_drivers_extended.py,INFERRED,mapped,CONCURRENCY-001;DRIFT-003;DRIFT-004;INFO-005;RECURRENCE-005,-,-
Admin Dashboard & Operations,Driver management,S-admin-01,"As an admin, I review/approve/manage drivers and documents",happy,POST /drivers/notify-missing-license,backend/routes/admin/drivers.py:1708,backend/tests/test_drivers_extended.py,INFERRED,mapped,CONCURRENCY-001;DRIFT-003;DRIFT-004;INFO-005;RECURRENCE-005,-,-
Admin Dashboard & Operations,Driver management,S-admin-01,"As an admin, I review/approve/manage drivers and documents",happy,PUT /drivers/{driver_id},backend/routes/admin/drivers.py:1771,backend/tests/test_drivers_extended.py,INFERRED,mapped,CONCURRENCY-001;DRIFT-003;DRIFT-004;INFO-005;RECURRENCE-005,-,-
Admin Dashboard & Operations,Driver management,S-admin-01,"As an admin, I review/approve/manage drivers and documents",happy,POST /drivers/{driver_id}/verify,backend/routes/admin/drivers.py:1972,backend/tests/test_drivers_extended.py,INFERRED,mapped,CONCURRENCY-001;DRIFT-003;DRIFT-004;INFO-005;RECURRENCE-005,-,-
Admin Dashboard & Operations,Driver management,S-admin-01,"As an admin, I review/approve/manage drivers and documents",happy,POST /drivers/{driver_id}/photo-review,backend/routes/admin/drivers.py:2023,backend/tests/test_drivers_extended.py,INFERRED,mapped,CONCURRENCY-001;DRIFT-003;DRIFT-004;INFO-005;RECURRENCE-005,-,-
Admin Dashboard & Operations,Driver management,S-admin-01,"As an admin, I review/approve/manage drivers and documents",happy,POST /drivers/{driver_id}/photo,backend/routes/admin/drivers.py:2068,backend/tests/test_drivers_extended.py,INFERRED,mapped,CONCURRENCY-001;DRIFT-003;DRIFT-004;INFO-005;RECURRENCE-005,-,-
Admin Dashboard & Operations,Driver management,S-admin-01,"As an admin, I review/approve/manage drivers and documents",happy,GET /drivers/{driver_id}/vehicle-history,backend/routes/admin/drivers.py:2108,backend/tests/test_drivers_extended.py,INFERRED,mapped,CONCURRENCY-001;DRIFT-003;DRIFT-004;INFO-005;RECURRENCE-005,-,-
Admin Dashboard & Operations,Driver management,S-admin-01,"As an admin, I review/approve/manage drivers and documents",happy,POST /drivers/{driver_id}/action,backend/routes/admin/drivers.py:2117,backend/tests/test_drivers_extended.py,INFERRED,mapped,CONCURRENCY-001;DRIFT-003;DRIFT-004;INFO-005;RECURRENCE-005,-,-
Admin Dashboard & Operations,Driver management,S-admin-01,"As an admin, I review/approve/manage drivers and documents",happy,PUT /drivers/{driver_id}/status-override,backend/routes/admin/drivers.py:2283,backend/tests/test_drivers_extended.py,INFERRED,mapped,CONCURRENCY-001;DRIFT-003;DRIFT-004;INFO-005;RECURRENCE-005,-,-
Admin Dashboard & Operations,Driver management,S-admin-01,"As an admin, I review/approve/manage drivers and documents",happy,GET /drivers/{driver_id}/notes,backend/routes/admin/drivers.py:2361,backend/tests/test_drivers_extended.py,INFERRED,mapped,CONCURRENCY-001;DRIFT-003;DRIFT-004;INFO-005;RECURRENCE-005,-,-
Admin Dashboard & Operations,Driver management,S-admin-01,"As an admin, I review/approve/manage drivers and documents",happy,POST /drivers/{driver_id}/notes,backend/routes/admin/drivers.py:2374,backend/tests/test_drivers_extended.py,INFERRED,mapped,CONCURRENCY-001;DRIFT-003;DRIFT-004;INFO-005;RECURRENCE-005,-,-
Admin Dashboard & Operations,Driver management,S-admin-01,"As an admin, I review/approve/manage drivers and documents",happy,DELETE /drivers/notes/{note_id},backend/routes/admin/drivers.py:2401,backend/tests/test_drivers_extended.py,INFERRED,mapped,CONCURRENCY-001;DRIFT-003;DRIFT-004;INFO-005;RECURRENCE-005,-,-
Admin Dashboard & Operations,Driver management,S-admin-01,"As an admin, I review/approve/manage drivers and documents",happy,GET /drivers/{driver_id}/activity,backend/routes/admin/drivers.py:2412,backend/tests/test_drivers_extended.py,INFERRED,mapped,CONCURRENCY-001;DRIFT-003;DRIFT-004;INFO-005;RECURRENCE-005,-,-
Admin Dashboard & Operations,Driver management,S-admin-01,"As an admin, I review/approve/manage drivers and documents",happy,GET /drivers/{driver_id}/rides,backend/routes/admin/drivers.py:2425,backend/tests/test_drivers_extended.py,INFERRED,mapped,CONCURRENCY-001;DRIFT-003;DRIFT-004;INFO-005;RECURRENCE-005,-,-
Admin Dashboard & Operations,Driver management,S-admin-01,"As an admin, I review/approve/manage drivers and documents",happy,GET /drivers/{driver_id}/live-stats,backend/routes/admin/drivers.py:2476,backend/tests/test_drivers_extended.py,INFERRED,mapped,CONCURRENCY-001;DRIFT-003;DRIFT-004;INFO-005;RECURRENCE-005,-,-
Admin Dashboard & Operations,Driver management,S-admin-01,"As an admin, I review/approve/manage drivers and documents",happy,GET /drivers/{driver_id}/referrals,backend/routes/admin/drivers.py:2706,backend/tests/test_drivers_extended.py,INFERRED,mapped,CONCURRENCY-001;DRIFT-003;DRIFT-004;INFO-005;RECURRENCE-005,-,-
Admin Dashboard & Operations,Driver management,S-admin-01,"As an admin, I review/approve/manage drivers and documents",happy,GET /drivers/{driver_id}/training,backend/routes/admin/drivers.py:2715,backend/tests/test_drivers_extended.py,INFERRED,mapped,CONCURRENCY-001;DRIFT-003;DRIFT-004;INFO-005;RECURRENCE-005,-,-
Admin Dashboard & Operations,Driver management,S-admin-01,"As an admin, I review/approve/manage drivers and documents",happy,GET /referrals/leaderboard,backend/routes/admin/drivers.py:2754,backend/tests/test_drivers_extended.py,INFERRED,mapped,CONCURRENCY-001;DRIFT-003;DRIFT-004;INFO-005;RECURRENCE-005,-,-
Admin Dashboard & Operations,Driver management,S-admin-01,"As an admin, I review/approve/manage drivers and documents",happy,GET /referrals/rider-leaderboard,backend/routes/admin/drivers.py:2831,backend/tests/test_drivers_extended.py,INFERRED,mapped,CONCURRENCY-001;DRIFT-003;DRIFT-004;INFO-005;RECURRENCE-005,-,-
Admin Dashboard & Operations,Driver management,S-admin-01,"As an admin, I review/approve/manage drivers and documents",happy,GET /referrals/analytics,backend/routes/admin/drivers.py:2920,backend/tests/test_drivers_extended.py,INFERRED,mapped,CONCURRENCY-001;DRIFT-003;DRIFT-004;INFO-005;RECURRENCE-005,-,-
Admin Dashboard & Operations,Driver management,S-admin-01,"As an admin, I review/approve/manage drivers and documents",happy,GET /referrals/failed-claims,backend/routes/admin/drivers.py:3056,backend/tests/test_drivers_extended.py,INFERRED,mapped,CONCURRENCY-001;DRIFT-003;DRIFT-004;INFO-005;RECURRENCE-005,-,-
Admin Dashboard & Operations,Driver management,S-admin-01,"As an admin, I review/approve/manage drivers and documents",happy,POST /referrals/failed-claims/{referee_user_id}/requeue,backend/routes/admin/drivers.py:3093,backend/tests/test_drivers_extended.py,INFERRED,mapped,CONCURRENCY-001;DRIFT-003;DRIFT-004;INFO-005;RECURRENCE-005,-,-
Admin Dashboard & Operations,Driver management,S-admin-01,"As an admin, I review/approve/manage drivers and documents",happy,GET /referrals/pairs,backend/routes/admin/drivers.py:3124,backend/tests/test_drivers_extended.py,INFERRED,mapped,CONCURRENCY-001;DRIFT-003;DRIFT-004;INFO-005;RECURRENCE-005,-,-
Admin Dashboard & Operations,Driver management,S-admin-01,"As an admin, I review/approve/manage drivers and documents",happy,GET /drivers/{driver_id}/payouts-summary,backend/routes/admin/drivers.py:3159,backend/tests/test_drivers_extended.py,INFERRED,mapped,CONCURRENCY-001;DRIFT-003;DRIFT-004;INFO-005;RECURRENCE-005,-,-
Admin Dashboard & Operations,Driver management,S-admin-01,"As an admin, I review/approve/manage drivers and documents",happy,POST /drivers/{driver_id}/refresh-stripe-kyc,backend/routes/admin/drivers.py:3446,backend/tests/test_drivers_extended.py,INFERRED,mapped,CONCURRENCY-001;DRIFT-003;DRIFT-004;INFO-005;RECURRENCE-005,-,-
Admin Dashboard & Operations,Driver management,S-admin-01,"As an admin, I review/approve/manage drivers and documents",happy,POST /drivers/{driver_id}/refresh-stripe-payouts,backend/routes/admin/drivers.py:3515,backend/tests/test_drivers_extended.py,INFERRED,mapped,CONCURRENCY-001;DRIFT-003;DRIFT-004;INFO-005;RECURRENCE-005,-,-
Admin Dashboard & Operations,Driver management,S-admin-01,"As an admin, I review/approve/manage drivers and documents",happy,POST /drivers/refresh-stripe-payouts,backend/routes/admin/drivers.py:3770,backend/tests/test_drivers_extended.py,INFERRED,mapped,CONCURRENCY-001;DRIFT-003;DRIFT-004;INFO-005;RECURRENCE-005,-,-
Admin Dashboard & Operations,Driver management,S-admin-01,"As an admin, I review/approve/manage drivers and documents",happy,POST /drivers/refresh-stripe-kyc,backend/routes/admin/drivers.py:3910,backend/tests/test_drivers_extended.py,INFERRED,mapped,CONCURRENCY-001;DRIFT-003;DRIFT-004;INFO-005;RECURRENCE-005,-,-
Admin Dashboard & Operations,Driver management,S-admin-01,"As an admin, I review/approve/manage drivers and documents",happy,POST /drivers/{driver_id}/reveal-sin,backend/routes/admin/drivers.py:3986,backend/tests/test_drivers_extended.py,INFERRED,mapped,CONCURRENCY-001;DRIFT-003;DRIFT-004;INFO-005;RECURRENCE-005,-,-
Admin Dashboard & Operations,Driver management,S-admin-01,"As an admin, I review/approve/manage drivers and documents",happy,POST /drivers/{driver_id}/update-sin,backend/routes/admin/drivers.py:4074,backend/tests/test_drivers_extended.py,INFERRED,mapped,CONCURRENCY-001;DRIFT-003;DRIFT-004;INFO-005;RECURRENCE-005,-,-
Admin Dashboard & Operations,Driver management,S-admin-01,"As an admin, I review/approve/manage drivers and documents",happy,GET /drivers/{driver_id}/daily-stats,backend/routes/admin/drivers.py:4210,backend/tests/test_drivers_extended.py,INFERRED,mapped,CONCURRENCY-001;DRIFT-003;DRIFT-004;INFO-005;RECURRENCE-005,-,-
Admin Dashboard & Operations,Driver management,S-admin-01,"As an admin, I review/approve/manage drivers and documents",happy,PUT /drivers/{driver_id}/area,backend/routes/admin/drivers.py:4238,backend/tests/test_drivers_extended.py,INFERRED,mapped,CONCURRENCY-001;DRIFT-003;DRIFT-004;INFO-005;RECURRENCE-005,-,-
Admin Dashboard & Operations,Driver management,S-admin-01,"As an admin, I review/approve/manage drivers and documents",happy,GET /drivers/{driver_id}/location-trail,backend/routes/admin/drivers.py:4253,backend/tests/test_drivers_extended.py,INFERRED,mapped,CONCURRENCY-001;DRIFT-003;DRIFT-004;INFO-005;RECURRENCE-005,-,-
Admin Dashboard & Operations,Driver management,S-admin-01,"As an admin, I review/approve/manage drivers and documents",happy,GET /drivers/{driver_id}/daily-activity,backend/routes/admin/drivers.py:4276,backend/tests/test_drivers_extended.py,INFERRED,mapped,CONCURRENCY-001;DRIFT-003;DRIFT-004;INFO-005;RECURRENCE-005,-,-
Admin Dashboard & Operations,Driver management,S-admin-01,"As an admin, I review/approve/manage drivers and documents",happy,POST /drivers/decals/generate-pdf,backend/routes/admin/drivers.py:4363,backend/tests/test_drivers_extended.py,INFERRED,mapped,CONCURRENCY-001;DRIFT-003;DRIFT-004;INFO-005;RECURRENCE-005,-,-
Admin Dashboard & Operations,Driver management,S-admin-01,"As an admin, I review/approve/manage drivers and documents",happy,GET /drivers/{driver_id}/completeness,backend/routes/admin/drivers.py:4439,backend/tests/test_drivers_extended.py,INFERRED,mapped,CONCURRENCY-001;DRIFT-003;DRIFT-004;INFO-005;RECURRENCE-005,-,-
Admin Dashboard & Operations,Data transfer / export,S-admin-05,"As an admin, I export data for PIPEDA access requests",happy,GET /export-approvals/pending,backend/routes/admin/export_approvals.py:47,backend/tests/test_export_approvals_routes_http.py,INFERRED,mapped,-,-,-
Admin Dashboard & Operations,Data transfer / export,S-admin-05,"As an admin, I export data for PIPEDA access requests",happy,POST /export-approvals/{request_id}/approve,backend/routes/admin/export_approvals.py:55,backend/tests/test_export_approvals_routes_http.py,INFERRED,mapped,-,-,-
Admin Dashboard & Operations,Data transfer / export,S-admin-05,"As an admin, I export data for PIPEDA access requests",happy,POST /export-approvals/{request_id}/deny,backend/routes/admin/export_approvals.py:83,backend/tests/test_export_approvals_routes_http.py,INFERRED,mapped,-,-,-
Admin Dashboard & Operations,Legal content mgmt,S-admin-12,"As an admin, I manage legal documents/FAQs shown to users",happy,GET /faqs,backend/routes/admin/faqs.py:70,backend/tests/test_admin_faqs_crud.py,INFERRED,mapped,-,-,-
Admin Dashboard & Operations,Legal content mgmt,S-admin-12,"As an admin, I manage legal documents/FAQs shown to users",happy,POST /faqs,backend/routes/admin/faqs.py:91,backend/tests/test_admin_faqs_crud.py,INFERRED,mapped,-,-,-
Admin Dashboard & Operations,Legal content mgmt,S-admin-12,"As an admin, I manage legal documents/FAQs shown to users",happy,PUT /faqs/{faq_id},backend/routes/admin/faqs.py:118,backend/tests/test_admin_faqs_crud.py,INFERRED,mapped,-,-,-
Admin Dashboard & Operations,Legal content mgmt,S-admin-12,"As an admin, I manage legal documents/FAQs shown to users",happy,DELETE /faqs/{faq_id},backend/routes/admin/faqs.py:152,backend/tests/test_admin_faqs_crud.py,INFERRED,mapped,-,-,-
Admin Dashboard & Operations,Legal content mgmt,S-admin-12,"As an admin, I manage legal documents/FAQs shown to users",happy,POST /notifications/send,backend/routes/admin/faqs.py:163,backend/tests/test_admin_faqs_crud.py,INFERRED,mapped,-,-,-
Admin Dashboard & Operations,Legal content mgmt,S-admin-12,"As an admin, I manage legal documents/FAQs shown to users",happy,GET /notifications,backend/routes/admin/faqs.py:230,backend/tests/test_admin_faqs_crud.py,INFERRED,mapped,-,-,-
Promotions & Loyalty,Driver quests/bonuses,S-promo-02,"As a driver, I complete quests for bonus incentives",happy,GET ,backend/routes/admin/incentives.py:60,backend/tests/test_admin_incentives_coverage.py,INFERRED,mapped,-,-,-
Promotions & Loyalty,Driver quests/bonuses,S-promo-02,"As a driver, I complete quests for bonus incentives",happy,GET /claims/stats,backend/routes/admin/incentives.py:83,backend/tests/test_admin_incentives_coverage.py,INFERRED,mapped,-,-,-
Promotions & Loyalty,Driver quests/bonuses,S-promo-02,"As a driver, I complete quests for bonus incentives",happy,GET /{incentive_id},backend/routes/admin/incentives.py:107,backend/tests/test_admin_incentives_coverage.py,INFERRED,mapped,-,-,-
Promotions & Loyalty,Driver quests/bonuses,S-promo-02,"As a driver, I complete quests for bonus incentives",happy,POST ,backend/routes/admin/incentives.py:123,backend/tests/test_admin_incentives_coverage.py,INFERRED,mapped,-,-,-
Promotions & Loyalty,Driver quests/bonuses,S-promo-02,"As a driver, I complete quests for bonus incentives",happy,PATCH /{incentive_id},backend/routes/admin/incentives.py:165,backend/tests/test_admin_incentives_coverage.py,INFERRED,mapped,-,-,-
Promotions & Loyalty,Driver quests/bonuses,S-promo-02,"As a driver, I complete quests for bonus incentives",happy,PATCH /{incentive_id}/toggle,backend/routes/admin/incentives.py:197,backend/tests/test_admin_incentives_coverage.py,INFERRED,mapped,-,-,-
Promotions & Loyalty,Driver quests/bonuses,S-promo-02,"As a driver, I complete quests for bonus incentives",happy,DELETE /{incentive_id},backend/routes/admin/incentives.py:233,backend/tests/test_admin_incentives_coverage.py,INFERRED,mapped,-,-,-
Legacy Import & Data Migration,Driver import,S-legacy-01,"As ops, legacy drivers are imported/backfilled",happy,POST /legacy-drivers/import/validate,backend/routes/admin/legacy_driver_import.py:157,backend/tests/test_admin_legacy_driver_import.py,INFERRED,mapped,-,-,-
Legacy Import & Data Migration,Driver import,S-legacy-01,"As ops, legacy drivers are imported/backfilled",happy,POST /legacy-drivers/import/commit,backend/routes/admin/legacy_driver_import.py:178,backend/tests/test_admin_legacy_driver_import.py,INFERRED,mapped,-,-,-
Legacy Import & Data Migration,Driver import,S-legacy-01,"As ops, legacy drivers are imported/backfilled",happy,POST /legacy-drivers/backfill-orphaned,backend/routes/admin/legacy_driver_import.py:257,backend/tests/test_admin_legacy_driver_import.py,INFERRED,mapped,-,-,-
Legacy Import & Data Migration,Driver import,S-legacy-01,"As ops, legacy drivers are imported/backfilled",happy,POST /legacy-drivers/backfill-created-at,backend/routes/admin/legacy_driver_import.py:299,backend/tests/test_admin_legacy_driver_import.py,INFERRED,mapped,-,-,-
Legacy Import & Data Migration,Unmapped endpoint,ORPHAN,-,happy,POST /legacy/duration-estimated-backfill/preview,backend/routes/admin/legacy_duration_estimated_backfill.py:99,backend/tests/test_admin_legacy_duration_estimated_backfill.py,INFERRED,orphan,-,-,-
Legacy Import & Data Migration,Unmapped endpoint,ORPHAN,-,happy,POST /legacy/duration-estimated-backfill/commit,backend/routes/admin/legacy_duration_estimated_backfill.py:113,backend/tests/test_admin_legacy_duration_estimated_backfill.py,INFERRED,orphan,-,-,-
Legacy Import & Data Migration,Data-quality / crosswalk,S-legacy-04,"As ops, legacy record IDs are crosswalked and data-quality checked",happy,POST /legacy/id-crosswalk-backfill/preview,backend/routes/admin/legacy_id_crosswalk.py:77,backend/tests/test_admin_legacy_id_crosswalk.py,INFERRED,mapped,-,-,-
Legacy Import & Data Migration,Data-quality / crosswalk,S-legacy-04,"As ops, legacy record IDs are crosswalked and data-quality checked",happy,POST /legacy/id-crosswalk-backfill/commit,backend/routes/admin/legacy_id_crosswalk.py:91,backend/tests/test_admin_legacy_id_crosswalk.py,INFERRED,mapped,-,-,-
Legacy Import & Data Migration,Unmapped endpoint,ORPHAN,-,happy,POST /riders/saved-address-backfill/validate,backend/routes/admin/legacy_saved_address_backfill.py:137,backend/tests/test_admin_legacy_saved_address_backfill.py,INFERRED,orphan,-,-,-
Legacy Import & Data Migration,Unmapped endpoint,ORPHAN,-,happy,POST /riders/saved-address-backfill/commit,backend/routes/admin/legacy_saved_address_backfill.py:152,backend/tests/test_admin_legacy_saved_address_backfill.py,INFERRED,orphan,-,-,-
Legacy Import & Data Migration,Unmapped endpoint,ORPHAN,-,happy,POST /legacy-drivers/sin-dob-backfill/validate,backend/routes/admin/legacy_sin_dob_backfill.py:161,backend/tests/test_admin_legacy_sin_dob_backfill.py,INFERRED,orphan,-,-,-
Legacy Import & Data Migration,Unmapped endpoint,ORPHAN,-,happy,POST /legacy-drivers/sin-dob-backfill/commit,backend/routes/admin/legacy_sin_dob_backfill.py:183,backend/tests/test_admin_legacy_sin_dob_backfill.py,INFERRED,orphan,-,-,-
Legacy Import & Data Migration,Unmapped endpoint,ORPHAN,-,happy,POST /legacy-drivers/vehicle-history-backfill/validate,backend/routes/admin/legacy_vehicle_history_backfill.py:159,backend/tests/test_admin_legacy_vehicle_history_backfill.py,INFERRED,orphan,-,-,-
Legacy Import & Data Migration,Unmapped endpoint,ORPHAN,-,happy,POST /legacy-drivers/vehicle-history-backfill/commit,backend/routes/admin/legacy_vehicle_history_backfill.py:180,backend/tests/test_admin_legacy_vehicle_history_backfill.py,INFERRED,orphan,-,-,-
Admin Dashboard & Operations,Driver management,S-admin-01,"As an admin, I review/approve/manage drivers and documents",happy,GET /legal-documents,backend/routes/admin/legal_documents.py:45,backend/tests/test_legal_documents.py,INFERRED,mapped,-,-,-
Admin Dashboard & Operations,Driver management,S-admin-01,"As an admin, I review/approve/manage drivers and documents",happy,PUT /legal-documents,backend/routes/admin/legal_documents.py:52,backend/tests/test_legal_documents.py,INFERRED,mapped,-,-,-
Admin Dashboard & Operations,Maintenance mode,S-admin-09,"As an admin, I can place the platform in maintenance mode",happy,POST /maintenance/cleanup-location-history,backend/routes/admin/maintenance.py:63,backend/tests/test_admin_maintenance_coverage.py,INFERRED,mapped,-,-,-
Admin Dashboard & Operations,Maintenance mode,S-admin-09,"As an admin, I can place the platform in maintenance mode",happy,POST /maintenance/rollup-driver-daily,backend/routes/admin/maintenance.py:123,backend/tests/test_admin_maintenance_coverage.py,INFERRED,mapped,-,-,-
Admin Dashboard & Operations,Maintenance mode,S-admin-09,"As an admin, I can place the platform in maintenance mode",happy,GET /audit-logs,backend/routes/admin/maintenance.py:208,backend/tests/test_admin_maintenance_coverage.py,INFERRED,mapped,-,-,-
Admin Dashboard & Operations,Maintenance mode,S-admin-09,"As an admin, I can place the platform in maintenance mode",happy,GET /audit-logs/top-actors,backend/routes/admin/maintenance.py:263,backend/tests/test_admin_maintenance_coverage.py,INFERRED,mapped,-,-,-
Admin Dashboard & Operations,Maintenance mode,S-admin-09,"As an admin, I can place the platform in maintenance mode",happy,GET /agent-actions,backend/routes/admin/maintenance.py:295,backend/tests/test_admin_maintenance_coverage.py,INFERRED,mapped,-,-,-
Admin Dashboard & Operations,Maintenance mode,S-admin-09,"As an admin, I can place the platform in maintenance mode",happy,POST /audit/pii-reveal,backend/routes/admin/maintenance.py:330,backend/tests/test_admin_maintenance_coverage.py,INFERRED,mapped,-,-,-
Notifications & Messaging,Unmapped endpoint,ORPHAN,-,happy,POST /cloud-messaging/send,backend/routes/admin/messaging.py:280,backend/tests/test_messaging_fan_out.py,INFERRED,orphan,-,-,-
Notifications & Messaging,Unmapped endpoint,ORPHAN,-,happy,GET /cloud-messaging/audience-preview,backend/routes/admin/messaging.py:376,backend/tests/test_messaging_fan_out.py,INFERRED,orphan,-,-,-
Notifications & Messaging,Unmapped endpoint,ORPHAN,-,happy,GET /cloud-messaging,backend/routes/admin/messaging.py:408,backend/tests/test_messaging_fan_out.py,INFERRED,orphan,-,-,-
Notifications & Messaging,Unmapped endpoint,ORPHAN,-,happy,GET /cloud-messaging/stats,backend/routes/admin/messaging.py:437,backend/tests/test_messaging_fan_out.py,INFERRED,orphan,-,-,-
Notifications & Messaging,Unmapped endpoint,ORPHAN,-,happy,GET /marketing/suppressions,backend/routes/admin/messaging.py:476,backend/tests/test_messaging_fan_out.py,INFERRED,orphan,-,-,-
Notifications & Messaging,Unmapped endpoint,ORPHAN,-,happy,POST /marketing/suppressions,backend/routes/admin/messaging.py:501,backend/tests/test_messaging_fan_out.py,INFERRED,orphan,-,-,-
Notifications & Messaging,Unmapped endpoint,ORPHAN,-,happy,DELETE /marketing/suppressions/{suppression_id},backend/routes/admin/messaging.py:521,backend/tests/test_messaging_fan_out.py,INFERRED,orphan,-,-,-
Notifications & Messaging,Unmapped endpoint,ORPHAN,-,happy,DELETE /cloud-messaging/{message_id},backend/routes/admin/messaging.py:543,backend/tests/test_messaging_fan_out.py,INFERRED,orphan,-,-,-
Legacy Import & Data Migration,Data-quality / crosswalk,S-legacy-04,"As ops, legacy record IDs are crosswalked and data-quality checked",happy,POST /legacy/data-quality-scan/preview,backend/routes/admin/migration_data_quality.py:73,backend/tests/test_admin_migration_data_quality.py,INFERRED,mapped,-,-,-
Legacy Import & Data Migration,Data-quality / crosswalk,S-legacy-04,"As ops, legacy record IDs are crosswalked and data-quality checked",happy,POST /legacy/data-quality-scan/commit,backend/routes/admin/migration_data_quality.py:87,backend/tests/test_admin_migration_data_quality.py,INFERRED,mapped,-,-,-
Legacy Import & Data Migration,Data-quality / crosswalk,S-legacy-04,"As ops, legacy record IDs are crosswalked and data-quality checked",happy,POST /legacy/driver-repair/preview,backend/routes/admin/migration_driver_repair.py:71,backend/tests/test_admin_migration_driver_repair.py,INFERRED,mapped,-,-,-
Legacy Import & Data Migration,Data-quality / crosswalk,S-legacy-04,"As ops, legacy record IDs are crosswalked and data-quality checked",happy,POST /legacy/driver-repair/commit,backend/routes/admin/migration_driver_repair.py:85,backend/tests/test_admin_migration_driver_repair.py,INFERRED,mapped,-,-,-
Legacy Import & Data Migration,Data-quality / crosswalk,S-legacy-04,"As ops, legacy record IDs are crosswalked and data-quality checked",happy,GET /migration-status,backend/routes/admin/migration_status.py:41,backend/tests/test_migration_status_service.py,INFERRED,mapped,-,-,-
Observability & Monitoring,Unmapped endpoint,ORPHAN,-,happy,GET /drivers,backend/routes/admin/monitoring.py:282,backend/tests/test_admin_monitoring_coverage.py,INFERRED,orphan,-,-,-
Observability & Monitoring,Unmapped endpoint,ORPHAN,-,happy,POST /migrate-profile-images,backend/routes/admin/monitoring.py:290,backend/tests/test_admin_monitoring_coverage.py,INFERRED,orphan,-,-,-
Observability & Monitoring,Unmapped endpoint,ORPHAN,-,happy,GET /email-deliverability,backend/routes/admin/monitoring.py:356,backend/tests/test_admin_monitoring_coverage.py,INFERRED,orphan,-,-,-
Observability & Monitoring,Unmapped endpoint,ORPHAN,-,happy,GET /rides,backend/routes/admin/monitoring.py:426,backend/tests/test_admin_monitoring_coverage.py,INFERRED,orphan,-,-,-
Observability & Monitoring,Unmapped endpoint,ORPHAN,-,happy,GET /redis,backend/routes/admin/monitoring.py:443,backend/tests/test_admin_monitoring_coverage.py,INFERRED,orphan,-,-,-
Observability & Monitoring,Unmapped endpoint,ORPHAN,-,happy,GET /redis/connectivity,backend/routes/admin/monitoring.py:504,backend/tests/test_admin_monitoring_coverage.py,INFERRED,orphan,-,-,-
Observability & Monitoring,Unmapped endpoint,ORPHAN,-,happy,POST /redis/flush-prefix,backend/routes/admin/monitoring.py:552,backend/tests/test_admin_monitoring_coverage.py,INFERRED,orphan,-,-,-
Observability & Monitoring,Unmapped endpoint,ORPHAN,-,happy,GET /dispatch-geo,backend/routes/admin/monitoring.py:636,backend/tests/test_admin_monitoring_coverage.py,INFERRED,orphan,-,-,-
Observability & Monitoring,Unmapped endpoint,ORPHAN,-,happy,POST /dispatch-geo/rebuild,backend/routes/admin/monitoring.py:657,backend/tests/test_admin_monitoring_coverage.py,INFERRED,orphan,-,-,-
Observability & Monitoring,Unmapped endpoint,ORPHAN,-,happy,GET /websockets,backend/routes/admin/monitoring.py:703,backend/tests/test_admin_monitoring_coverage.py,INFERRED,orphan,-,-,-
Observability & Monitoring,Unmapped endpoint,ORPHAN,-,happy,GET /infrastructure,backend/routes/admin/monitoring.py:752,backend/tests/test_admin_monitoring_coverage.py,INFERRED,orphan,-,-,-
Observability & Monitoring,Unmapped endpoint,ORPHAN,-,happy,GET /health,backend/routes/admin/monitoring.py:844,backend/tests/test_admin_monitoring_coverage.py,INFERRED,orphan,-,-,-
Admin Dashboard & Operations,Settings/flags,S-admin-06,"As an admin, I manage Stripe/Twilio/Maps keys and feature flags in DB",happy,POST /legacy/pre-launch-flag/preview,backend/routes/admin/pre_launch_flag.py:79,backend/tests/test_pre_launch_flag_service.py,INFERRED,mapped,-,-,-
Admin Dashboard & Operations,Settings/flags,S-admin-06,"As an admin, I manage Stripe/Twilio/Maps keys and feature flags in DB",happy,POST /legacy/pre-launch-flag/commit,backend/routes/admin/pre_launch_flag.py:93,backend/tests/test_pre_launch_flag_service.py,INFERRED,mapped,-,-,-
Promotions & Loyalty,Coupon/promo codes,S-promo-01,"As a rider, I can apply a promo code to a ride",happy,GET /promotions,backend/routes/admin/promotions.py:87,backend/tests/test_routes_promotions_coverage.py,INFERRED,mapped,INFO-005;SAFETY-005,-,-
Promotions & Loyalty,Coupon/promo codes,S-promo-01,"As a rider, I can apply a promo code to a ride",happy,POST /promotions,backend/routes/admin/promotions.py:153,backend/tests/test_routes_promotions_coverage.py,INFERRED,mapped,INFO-005;SAFETY-005,-,-
Promotions & Loyalty,Coupon/promo codes,S-promo-01,"As a rider, I can apply a promo code to a ride",happy,GET /promotions/usage,backend/routes/admin/promotions.py:256,backend/tests/test_routes_promotions_coverage.py,INFERRED,mapped,INFO-005;SAFETY-005,-,-
Promotions & Loyalty,Coupon/promo codes,S-promo-01,"As a rider, I can apply a promo code to a ride",happy,GET /promotions/stats,backend/routes/admin/promotions.py:342,backend/tests/test_routes_promotions_coverage.py,INFERRED,mapped,INFO-005;SAFETY-005,-,-
Promotions & Loyalty,Coupon/promo codes,S-promo-01,"As a rider, I can apply a promo code to a ride",happy,PUT /promotions/{promotion_id},backend/routes/admin/promotions.py:405,backend/tests/test_routes_promotions_coverage.py,INFERRED,mapped,INFO-005;SAFETY-005,-,-
Promotions & Loyalty,Coupon/promo codes,S-promo-01,"As a rider, I can apply a promo code to a ride",happy,DELETE /promotions/{promotion_id},backend/routes/admin/promotions.py:439,backend/tests/test_routes_promotions_coverage.py,INFERRED,mapped,INFO-005;SAFETY-005,-,-
Admin Dashboard & Operations,Unmapped endpoint,ORPHAN,-,happy,POST /riders/import/validate,backend/routes/admin/rider_import.py:100,backend/tests/test_admin_rider_import.py,INFERRED,orphan,-,-,-
Admin Dashboard & Operations,Unmapped endpoint,ORPHAN,-,happy,POST /riders/import/commit,backend/routes/admin/rider_import.py:113,backend/tests/test_admin_rider_import.py,INFERRED,orphan,-,-,-
Admin Dashboard & Operations,Unmapped endpoint,ORPHAN,-,happy,POST /riders/created-at-backfill,backend/routes/admin/rider_import.py:152,backend/tests/test_admin_rider_import.py,INFERRED,orphan,-,-,-
Admin Dashboard & Operations,Unmapped endpoint,ORPHAN,-,happy,GET /rides,backend/routes/admin/rides.py:246,backend/tests/test_rides.py,INFERRED,orphan,-,-,-
Admin Dashboard & Operations,Unmapped endpoint,ORPHAN,-,happy,GET /rides/export,backend/routes/admin/rides.py:291,backend/tests/test_rides.py,INFERRED,orphan,-,-,-
Admin Dashboard & Operations,Unmapped endpoint,ORPHAN,-,happy,GET /rides/active,backend/routes/admin/rides.py:330,backend/tests/test_rides.py,INFERRED,orphan,-,-,-
Admin Dashboard & Operations,Unmapped endpoint,ORPHAN,-,happy,GET /rides/unpaid,backend/routes/admin/rides.py:391,backend/tests/test_rides.py,INFERRED,orphan,-,-,-
Admin Dashboard & Operations,Unmapped endpoint,ORPHAN,-,happy,GET /rides/held-for-review,backend/routes/admin/rides.py:452,backend/tests/test_rides.py,INFERRED,orphan,-,-,-
Admin Dashboard & Operations,Unmapped endpoint,ORPHAN,-,happy,POST /rides/{ride_id}/held-for-review/release,backend/routes/admin/rides.py:524,backend/tests/test_rides.py,INFERRED,orphan,-,-,-
Admin Dashboard & Operations,Unmapped endpoint,ORPHAN,-,happy,POST /rides/{ride_id}/held-for-review/waive,backend/routes/admin/rides.py:563,backend/tests/test_rides.py,INFERRED,orphan,-,-,-
Admin Dashboard & Operations,Unmapped endpoint,ORPHAN,-,happy,POST /rides/{ride_id}/cancel,backend/routes/admin/rides.py:603,backend/tests/test_rides.py,INFERRED,orphan,-,-,-
Admin Dashboard & Operations,Unmapped endpoint,ORPHAN,-,happy,POST /rides/{ride_id}/complete,backend/routes/admin/rides.py:830,backend/tests/test_rides.py,INFERRED,orphan,-,-,-
Admin Dashboard & Operations,Unmapped endpoint,ORPHAN,-,happy,GET /places/autocomplete,backend/routes/admin/rides.py:984,backend/tests/test_rides.py,INFERRED,orphan,-,-,-
Admin Dashboard & Operations,Unmapped endpoint,ORPHAN,-,happy,GET /places/details,backend/routes/admin/rides.py:1033,backend/tests/test_rides.py,INFERRED,orphan,-,-,-
Admin Dashboard & Operations,Unmapped endpoint,ORPHAN,-,happy,GET /rides/fare-estimate,backend/routes/admin/rides.py:1075,backend/tests/test_rides.py,INFERRED,orphan,-,-,-
Admin Dashboard & Operations,Unmapped endpoint,ORPHAN,-,happy,POST /promo/preview,backend/routes/admin/rides.py:1115,backend/tests/test_rides.py,INFERRED,orphan,-,-,-
Admin Dashboard & Operations,Unmapped endpoint,ORPHAN,-,happy,POST /rides/create,backend/routes/admin/rides.py:1164,backend/tests/test_rides.py,INFERRED,orphan,-,-,-
Admin Dashboard & Operations,Unmapped endpoint,ORPHAN,-,happy,GET /stats,backend/routes/admin/rides.py:1467,backend/tests/test_rides.py,INFERRED,orphan,-,-,-
Admin Dashboard & Operations,Unmapped endpoint,ORPHAN,-,happy,GET /rides/stats,backend/routes/admin/rides.py:1552,backend/tests/test_rides.py,INFERRED,orphan,-,-,-
Admin Dashboard & Operations,Unmapped endpoint,ORPHAN,-,happy,GET /rides/trend,backend/routes/admin/rides.py:1628,backend/tests/test_rides.py,INFERRED,orphan,-,-,-
Admin Dashboard & Operations,Unmapped endpoint,ORPHAN,-,happy,GET /rides/financials,backend/routes/admin/rides.py:1678,backend/tests/test_rides.py,INFERRED,orphan,-,-,-
Admin Dashboard & Operations,Unmapped endpoint,ORPHAN,-,happy,GET /rides/{ride_id}/details,backend/routes/admin/rides.py:1817,backend/tests/test_rides.py,INFERRED,orphan,-,-,-
Admin Dashboard & Operations,Unmapped endpoint,ORPHAN,-,happy,GET /rides/{ride_id}/location-trail,backend/routes/admin/rides.py:1828,backend/tests/test_rides.py,INFERRED,orphan,-,-,-
Admin Dashboard & Operations,Unmapped endpoint,ORPHAN,-,happy,GET /rides/{ride_id}/live,backend/routes/admin/rides.py:1835,backend/tests/test_rides.py,INFERRED,orphan,-,-,-
Admin Dashboard & Operations,Unmapped endpoint,ORPHAN,-,happy,GET /rides/{ride_id}/invoice,backend/routes/admin/rides.py:1844,backend/tests/test_rides.py,INFERRED,orphan,-,-,-
Admin Dashboard & Operations,Unmapped endpoint,ORPHAN,-,happy,POST /rides/{ride_id}/send-receipt,backend/routes/admin/rides.py:1926,backend/tests/test_rides.py,INFERRED,orphan,-,-,-
Admin Dashboard & Operations,Unmapped endpoint,ORPHAN,-,happy,POST /rides/{ride_id}/send-invoice,backend/routes/admin/rides.py:1986,backend/tests/test_rides.py,INFERRED,orphan,-,-,-
Admin Dashboard & Operations,Unmapped endpoint,ORPHAN,-,happy,GET /rides/{ride_id}/route-map.png,backend/routes/admin/rides.py:2452,backend/tests/test_rides.py,INFERRED,orphan,-,-,-
Admin Dashboard & Operations,Unmapped endpoint,ORPHAN,-,happy,GET /rides/heatmap-data,backend/routes/admin/rides.py:2479,backend/tests/test_rides.py,INFERRED,orphan,-,-,-
Admin Dashboard & Operations,Unmapped endpoint,ORPHAN,-,happy,GET /earnings,backend/routes/admin/rides.py:2565,backend/tests/test_rides.py,INFERRED,orphan,-,-,-
Admin Dashboard & Operations,Unmapped endpoint,ORPHAN,-,happy,GET /earnings/rides,backend/routes/admin/rides.py:2599,backend/tests/test_rides.py,INFERRED,orphan,-,-,-
Admin Dashboard & Operations,Unmapped endpoint,ORPHAN,-,happy,GET /earnings/overview,backend/routes/admin/rides.py:2800,backend/tests/test_rides.py,INFERRED,orphan,-,-,-
Admin Dashboard & Operations,Unmapped endpoint,ORPHAN,-,happy,GET /export/rides,backend/routes/admin/rides.py:3031,backend/tests/test_rides.py,INFERRED,orphan,-,-,-
Admin Dashboard & Operations,Unmapped endpoint,ORPHAN,-,happy,GET /export/drivers,backend/routes/admin/rides.py:3090,backend/tests/test_rides.py,INFERRED,orphan,-,-,-
Admin Dashboard & Operations,Unmapped endpoint,ORPHAN,-,happy,GET /payouts/overview,backend/routes/admin/rides.py:3416,backend/tests/test_rides.py,INFERRED,orphan,-,-,-
Admin Dashboard & Operations,Unmapped endpoint,ORPHAN,-,happy,GET /payouts,backend/routes/admin/rides.py:3710,backend/tests/test_rides.py,INFERRED,orphan,-,-,-
Admin Dashboard & Operations,Unmapped endpoint,ORPHAN,-,happy,GET /payouts/{payout_id},backend/routes/admin/rides.py:3745,backend/tests/test_rides.py,INFERRED,orphan,-,-,-
Admin Dashboard & Operations,Unmapped endpoint,ORPHAN,-,happy,GET /payouts/stats,backend/routes/admin/rides.py:3751,backend/tests/test_rides.py,INFERRED,orphan,-,-,-
Admin Dashboard & Operations,Unmapped endpoint,ORPHAN,-,happy,GET /payouts/{payout_id},backend/routes/admin/rides.py:3775,backend/tests/test_rides.py,INFERRED,orphan,-,-,-
Admin Dashboard & Operations,Unmapped endpoint,ORPHAN,-,happy,POST /payouts/{payout_id}/retry,backend/routes/admin/rides.py:3801,backend/tests/test_rides.py,INFERRED,orphan,-,-,-
Admin Dashboard & Operations,Unmapped endpoint,ORPHAN,-,happy,POST /payouts/bulk-retry,backend/routes/admin/rides.py:3853,backend/tests/test_rides.py,INFERRED,orphan,-,-,-
Admin Dashboard & Operations,Unmapped endpoint,ORPHAN,-,happy,POST /payouts/close-period,backend/routes/admin/rides.py:3984,backend/tests/test_rides.py,INFERRED,orphan,-,-,-
Admin Dashboard & Operations,Unmapped endpoint,ORPHAN,-,happy,POST /rides/regenerate-imported-snapshots,backend/routes/admin/rides.py:4072,backend/tests/test_rides.py,INFERRED,orphan,-,-,-
Admin Dashboard & Operations,Unmapped endpoint,ORPHAN,-,happy,POST /rides/regenerate-imported-routes,backend/routes/admin/rides.py:4286,backend/tests/test_rides.py,INFERRED,orphan,-,-,-
"Safety, Trust & Fraud",SOS / emergency,S-safety-01,"As a rider/driver, I can trigger SOS and it notifies contacts + safety team",happy,GET /incidents,backend/routes/admin/safety.py:55,backend/tests/test_dispute_ledger_replay_safety.py,INFERRED,mapped,INFO-005;OBS-006;SAFETY-001;SAFETY-002;SAFETY-005,-,-
"Safety, Trust & Fraud",SOS / emergency,S-safety-01,"As a rider/driver, I can trigger SOS and it notifies contacts + safety team",happy,GET /incidents/{incident_id},backend/routes/admin/safety.py:165,backend/tests/test_dispute_ledger_replay_safety.py,INFERRED,mapped,INFO-005;OBS-006;SAFETY-001;SAFETY-002;SAFETY-005,-,-
"Safety, Trust & Fraud",SOS / emergency,S-safety-01,"As a rider/driver, I can trigger SOS and it notifies contacts + safety team",happy,POST /incidents,backend/routes/admin/safety.py:265,backend/tests/test_dispute_ledger_replay_safety.py,INFERRED,mapped,INFO-005;OBS-006;SAFETY-001;SAFETY-002;SAFETY-005,-,-
"Safety, Trust & Fraud",SOS / emergency,S-safety-01,"As a rider/driver, I can trigger SOS and it notifies contacts + safety team",happy,PATCH /incidents/{incident_id},backend/routes/admin/safety.py:327,backend/tests/test_dispute_ledger_replay_safety.py,INFERRED,mapped,INFO-005;OBS-006;SAFETY-001;SAFETY-002;SAFETY-005,-,-
"Safety, Trust & Fraud",SOS / emergency,S-safety-01,"As a rider/driver, I can trigger SOS and it notifies contacts + safety team",happy,POST /incidents/{incident_id}/merge,backend/routes/admin/safety.py:396,backend/tests/test_dispute_ledger_replay_safety.py,INFERRED,mapped,INFO-005;OBS-006;SAFETY-001;SAFETY-002;SAFETY-005,-,-
Observability & Monitoring,Sentry error tracking,S-obs-01,"As an engineer, errors are captured in Sentry with domain tags",happy,GET /config,backend/routes/admin/sentry.py:491,backend/tests/test_sentry_scrub.py,INFERRED,mapped,-,-,-
Observability & Monitoring,Sentry error tracking,S-obs-01,"As an engineer, errors are captured in Sentry with domain tags",happy,GET /issues,backend/routes/admin/sentry.py:673,backend/tests/test_sentry_scrub.py,INFERRED,mapped,-,-,-
Observability & Monitoring,Sentry error tracking,S-obs-01,"As an engineer, errors are captured in Sentry with domain tags",happy,GET /issues/{issue_id},backend/routes/admin/sentry.py:794,backend/tests/test_sentry_scrub.py,INFERRED,mapped,-,-,-
Observability & Monitoring,Sentry error tracking,S-obs-01,"As an engineer, errors are captured in Sentry with domain tags",happy,POST /issues/{issue_id}/status,backend/routes/admin/sentry.py:861,backend/tests/test_sentry_scrub.py,INFERRED,mapped,-,-,-
Maps & Routing,Service-area geometry,S-maps-03,"As an admin, I define service-area boundaries",happy,GET /service-areas,backend/routes/admin/service_areas.py:416,backend/tests/test_admin_service_areas_coverage.py,INFERRED,mapped,-,-,-
Maps & Routing,Service-area geometry,S-maps-03,"As an admin, I define service-area boundaries",happy,GET /service-areas/{area_id}/heatmap-config,backend/routes/admin/service_areas.py:435,backend/tests/test_admin_service_areas_coverage.py,INFERRED,mapped,-,-,-
Maps & Routing,Service-area geometry,S-maps-03,"As an admin, I define service-area boundaries",happy,GET /airport-zones/diagnostic,backend/routes/admin/service_areas.py:495,backend/tests/test_admin_service_areas_coverage.py,INFERRED,mapped,-,-,-
Maps & Routing,Service-area geometry,S-maps-03,"As an admin, I define service-area boundaries",happy,POST /service-areas,backend/routes/admin/service_areas.py:587,backend/tests/test_admin_service_areas_coverage.py,INFERRED,mapped,-,-,-
Maps & Routing,Service-area geometry,S-maps-03,"As an admin, I define service-area boundaries",happy,PUT /service-areas/{area_id},backend/routes/admin/service_areas.py:681,backend/tests/test_admin_service_areas_coverage.py,INFERRED,mapped,-,-,-
Maps & Routing,Service-area geometry,S-maps-03,"As an admin, I define service-area boundaries",happy,GET /service-areas/{area_id}/tax-history,backend/routes/admin/service_areas.py:1040,backend/tests/test_admin_service_areas_coverage.py,INFERRED,mapped,-,-,-
Maps & Routing,Service-area geometry,S-maps-03,"As an admin, I define service-area boundaries",happy,DELETE /service-areas/{area_id},backend/routes/admin/service_areas.py:1059,backend/tests/test_admin_service_areas_coverage.py,INFERRED,mapped,-,-,-
Maps & Routing,Service-area geometry,S-maps-03,"As an admin, I define service-area boundaries",happy,PUT /service-areas/{area_id}/surge,backend/routes/admin/service_areas.py:1072,backend/tests/test_admin_service_areas_coverage.py,INFERRED,mapped,-,-,-
Maps & Routing,Service-area geometry,S-maps-03,"As an admin, I define service-area boundaries",happy,GET /surge/status,backend/routes/admin/service_areas.py:1136,backend/tests/test_admin_service_areas_coverage.py,INFERRED,mapped,-,-,-
Maps & Routing,Service-area geometry,S-maps-03,"As an admin, I define service-area boundaries",happy,GET /areas/{area_id}/fees,backend/routes/admin/service_areas.py:1154,backend/tests/test_admin_service_areas_coverage.py,INFERRED,mapped,-,-,-
Maps & Routing,Service-area geometry,S-maps-03,"As an admin, I define service-area boundaries",happy,POST /areas/{area_id}/fees,backend/routes/admin/service_areas.py:1161,backend/tests/test_admin_service_areas_coverage.py,INFERRED,mapped,-,-,-
Maps & Routing,Service-area geometry,S-maps-03,"As an admin, I define service-area boundaries",happy,PUT /areas/{area_id}/fees/{fee_id},backend/routes/admin/service_areas.py:1184,backend/tests/test_admin_service_areas_coverage.py,INFERRED,mapped,-,-,-
Maps & Routing,Service-area geometry,S-maps-03,"As an admin, I define service-area boundaries",happy,DELETE /areas/{area_id}/fees/{fee_id},backend/routes/admin/service_areas.py:1213,backend/tests/test_admin_service_areas_coverage.py,INFERRED,mapped,-,-,-
Maps & Routing,Service-area geometry,S-maps-03,"As an admin, I define service-area boundaries",happy,GET /areas/{area_id}/tax,backend/routes/admin/service_areas.py:1221,backend/tests/test_admin_service_areas_coverage.py,INFERRED,mapped,-,-,-
Maps & Routing,Service-area geometry,S-maps-03,"As an admin, I define service-area boundaries",happy,PUT /areas/{area_id}/tax,backend/routes/admin/service_areas.py:1246,backend/tests/test_admin_service_areas_coverage.py,INFERRED,mapped,-,-,-
Maps & Routing,Service-area geometry,S-maps-03,"As an admin, I define service-area boundaries",happy,GET /areas/{area_id}/vehicle-pricing,backend/routes/admin/service_areas.py:1296,backend/tests/test_admin_service_areas_coverage.py,INFERRED,mapped,-,-,-
Admin Dashboard & Operations,Settings/flags,S-admin-06,"As an admin, I manage Stripe/Twilio/Maps keys and feature flags in DB",happy,GET /settings,backend/routes/admin/settings.py:719,backend/tests/test_admin_settings_company_app_download_url.py,INFERRED,mapped,-,-,-
Admin Dashboard & Operations,Settings/flags,S-admin-06,"As an admin, I manage Stripe/Twilio/Maps keys and feature flags in DB",happy,GET /ai/catalog,backend/routes/admin/settings.py:726,backend/tests/test_admin_settings_company_app_download_url.py,INFERRED,mapped,-,-,-
Admin Dashboard & Operations,Settings/flags,S-admin-06,"As an admin, I manage Stripe/Twilio/Maps keys and feature flags in DB",happy,GET /settings/reveal/{field},backend/routes/admin/settings.py:740,backend/tests/test_admin_settings_company_app_download_url.py,INFERRED,mapped,-,-,-
Admin Dashboard & Operations,Settings/flags,S-admin-06,"As an admin, I manage Stripe/Twilio/Maps keys and feature flags in DB",happy,PUT /settings,backend/routes/admin/settings.py:765,backend/tests/test_admin_settings_company_app_download_url.py,INFERRED,mapped,-,-,-
Admin Dashboard & Operations,Settings/flags,S-admin-06,"As an admin, I manage Stripe/Twilio/Maps keys and feature flags in DB",happy,POST /settings/ride-offer-sound,backend/routes/admin/settings.py:841,backend/tests/test_admin_settings_company_app_download_url.py,INFERRED,mapped,-,-,-
Admin Dashboard & Operations,Settings/flags,S-admin-06,"As an admin, I manage Stripe/Twilio/Maps keys and feature flags in DB",happy,GET /settings/heatmap,backend/routes/admin/settings.py:963,backend/tests/test_admin_settings_company_app_download_url.py,INFERRED,mapped,-,-,-
Admin Dashboard & Operations,Settings/flags,S-admin-06,"As an admin, I manage Stripe/Twilio/Maps keys and feature flags in DB",happy,PUT /settings/heatmap,backend/routes/admin/settings.py:977,backend/tests/test_admin_settings_company_app_download_url.py,INFERRED,mapped,-,-,-
"Safety, Trust & Fraud",Unmapped endpoint,ORPHAN,-,happy,POST /data-transfer/sgi-forms/generate,backend/routes/admin/sgi_forms.py:129,backend/tests/test_sgi_forms_route.py,INFERRED,orphan,-,-,-
"Safety, Trust & Fraud",Unmapped endpoint,ORPHAN,-,happy,GET /data-transfer/sgi-forms/removal-queue,backend/routes/admin/sgi_forms.py:257,backend/tests/test_sgi_forms_route.py,INFERRED,orphan,-,-,-
"Safety, Trust & Fraud",Unmapped endpoint,ORPHAN,-,happy,POST /data-transfer/sgi-forms/documents,backend/routes/admin/sgi_forms.py:320,backend/tests/test_sgi_forms_route.py,INFERRED,orphan,-,-,-
"Safety, Trust & Fraud",Unmapped endpoint,ORPHAN,-,happy,POST /data-transfer/sgi-forms/package,backend/routes/admin/sgi_forms.py:491,backend/tests/test_sgi_forms_route.py,INFERRED,orphan,-,-,-
Admin Dashboard & Operations,Unmapped endpoint,ORPHAN,-,happy,GET /staff,backend/routes/admin/staff.py:168,backend/tests/test_admin_staff_schema_cache_reload.py,INFERRED,orphan,-,-,-
Admin Dashboard & Operations,Unmapped endpoint,ORPHAN,-,happy,POST /staff,backend/routes/admin/staff.py:205,backend/tests/test_admin_staff_schema_cache_reload.py,INFERRED,orphan,-,-,-
Admin Dashboard & Operations,Unmapped endpoint,ORPHAN,-,happy,GET /staff/modules/list,backend/routes/admin/staff.py:279,backend/tests/test_admin_staff_schema_cache_reload.py,INFERRED,orphan,-,-,-
Admin Dashboard & Operations,Unmapped endpoint,ORPHAN,-,happy,GET /staff/{staff_id},backend/routes/admin/staff.py:288,backend/tests/test_admin_staff_schema_cache_reload.py,INFERRED,orphan,-,-,-
Admin Dashboard & Operations,Unmapped endpoint,ORPHAN,-,happy,PUT /staff/{staff_id},backend/routes/admin/staff.py:304,backend/tests/test_admin_staff_schema_cache_reload.py,INFERRED,orphan,-,-,-
Admin Dashboard & Operations,Unmapped endpoint,ORPHAN,-,happy,POST /staff/{staff_id}/mfa-reset,backend/routes/admin/staff.py:398,backend/tests/test_admin_staff_schema_cache_reload.py,INFERRED,orphan,-,-,-
Admin Dashboard & Operations,Unmapped endpoint,ORPHAN,-,happy,DELETE /staff/{staff_id},backend/routes/admin/staff.py:456,backend/tests/test_admin_staff_schema_cache_reload.py,INFERRED,orphan,-,-,-
Integrations & Webhooks,Stripe Connect/payout sync,S-integ-03,"As finance, Stripe Connect payouts are synced/ledgered",happy,POST /stripe/connect-ledger/sync,backend/routes/admin/stripe_connect_ledger.py:84,backend/tests/test_stripe_connect_ledger_service.py,INFERRED,mapped,-,-,-
Integrations & Webhooks,Stripe webhooks,S-integ-01,"As a system, Stripe webhook events are claimed idempotently and processed",happy,GET /stuck,backend/routes/admin/stripe_events.py:109,backend/tests/test_step_f_stripe_events_column_fix_migration.py,INFERRED,mapped,-,-,-
Integrations & Webhooks,Stripe webhooks,S-integ-01,"As a system, Stripe webhook events are claimed idempotently and processed",happy,GET /stuck/count,backend/routes/admin/stripe_events.py:146,backend/tests/test_step_f_stripe_events_column_fix_migration.py,INFERRED,mapped,-,-,-
Integrations & Webhooks,Stripe webhooks,S-integ-01,"As a system, Stripe webhook events are claimed idempotently and processed",happy,GET /{event_id},backend/routes/admin/stripe_events.py:160,backend/tests/test_step_f_stripe_events_column_fix_migration.py,INFERRED,mapped,-,-,-
Integrations & Webhooks,Stripe webhooks,S-integ-01,"As a system, Stripe webhook events are claimed idempotently and processed",happy,POST /{event_id}/replay,backend/routes/admin/stripe_events.py:188,backend/tests/test_step_f_stripe_events_column_fix_migration.py,INFERRED,mapped,-,-,-
Integrations & Webhooks,Stripe webhooks,S-integ-01,"As a system, Stripe webhook events are claimed idempotently and processed",happy,POST /{event_id}/dismiss,backend/routes/admin/stripe_events.py:268,backend/tests/test_step_f_stripe_events_column_fix_migration.py,INFERRED,mapped,-,-,-
Integrations & Webhooks,Unmapped endpoint,ORPHAN,-,happy,POST /stripe/import/validate,backend/routes/admin/stripe_import.py:131,backend/tests/test_admin_stripe_import.py,INFERRED,orphan,-,-,-
Integrations & Webhooks,Unmapped endpoint,ORPHAN,-,happy,POST /stripe/import/commit,backend/routes/admin/stripe_import.py:146,backend/tests/test_admin_stripe_import.py,INFERRED,orphan,-,-,-
Integrations & Webhooks,Unmapped endpoint,ORPHAN,-,happy,POST /stripe/import/update-driver,backend/routes/admin/stripe_import.py:252,backend/tests/test_admin_stripe_import.py,INFERRED,orphan,-,-,-
Integrations & Webhooks,Unmapped endpoint,ORPHAN,-,happy,GET /stripe/import/status,backend/routes/admin/stripe_import.py:337,backend/tests/test_admin_stripe_import.py,INFERRED,orphan,-,-,-
Integrations & Webhooks,Unmapped endpoint,ORPHAN,-,happy,POST /stripe/import/discover,backend/routes/admin/stripe_import.py:354,backend/tests/test_admin_stripe_import.py,INFERRED,orphan,-,-,-
Integrations & Webhooks,Stripe Connect/payout sync,S-integ-03,"As finance, Stripe Connect payouts are synced/ledgered",happy,GET /stripe/mode-audit,backend/routes/admin/stripe_mode_audit.py:110,backend/tests/test_stripe_mode_audit.py,INFERRED,mapped,-,-,-
Integrations & Webhooks,Stripe Connect/payout sync,S-integ-03,"As finance, Stripe Connect payouts are synced/ledgered",happy,POST /stripe/mode-audit/probe,backend/routes/admin/stripe_mode_audit.py:157,backend/tests/test_stripe_mode_audit.py,INFERRED,mapped,-,-,-
Integrations & Webhooks,Stripe Connect/payout sync,S-integ-03,"As finance, Stripe Connect payouts are synced/ledgered",happy,POST /stripe/customer-emails/backfill,backend/routes/admin/stripe_mode_audit.py:291,backend/tests/test_stripe_mode_audit.py,INFERRED,mapped,-,-,-
Integrations & Webhooks,Stripe Connect/payout sync,S-integ-03,"As finance, Stripe Connect payouts are synced/ledgered",happy,POST /stripe/payout-sync/validate,backend/routes/admin/stripe_payout_sync.py:110,backend/tests/test_stripe_payout_sync_service.py,INFERRED,mapped,-,-,-
Integrations & Webhooks,Stripe Connect/payout sync,S-integ-03,"As finance, Stripe Connect payouts are synced/ledgered",happy,POST /stripe/payout-sync/commit,backend/routes/admin/stripe_payout_sync.py:122,backend/tests/test_stripe_payout_sync_service.py,INFERRED,mapped,-,-,-
Promotions & Loyalty,Marketing/subscriptions,S-promo-05,"As a rider/driver, I subscribe to a paid plan (Spinr Pass)",happy,GET /subscription-plans,backend/routes/admin/subscriptions.py:59,backend/tests/test_driver_subscriptions_tax_ledger_coverage.py,INFERRED,mapped,-,-,-
Promotions & Loyalty,Marketing/subscriptions,S-promo-05,"As a rider/driver, I subscribe to a paid plan (Spinr Pass)",happy,POST /subscription-plans,backend/routes/admin/subscriptions.py:66,backend/tests/test_driver_subscriptions_tax_ledger_coverage.py,INFERRED,mapped,-,-,-
Promotions & Loyalty,Marketing/subscriptions,S-promo-05,"As a rider/driver, I subscribe to a paid plan (Spinr Pass)",happy,PUT /subscription-plans/{plan_id},backend/routes/admin/subscriptions.py:94,backend/tests/test_driver_subscriptions_tax_ledger_coverage.py,INFERRED,mapped,-,-,-
Promotions & Loyalty,Marketing/subscriptions,S-promo-05,"As a rider/driver, I subscribe to a paid plan (Spinr Pass)",happy,DELETE /subscription-plans/{plan_id},backend/routes/admin/subscriptions.py:111,backend/tests/test_driver_subscriptions_tax_ledger_coverage.py,INFERRED,mapped,-,-,-
Promotions & Loyalty,Marketing/subscriptions,S-promo-05,"As a rider/driver, I subscribe to a paid plan (Spinr Pass)",happy,GET /driver-subscriptions,backend/routes/admin/subscriptions.py:122,backend/tests/test_driver_subscriptions_tax_ledger_coverage.py,INFERRED,mapped,-,-,-
Promotions & Loyalty,Marketing/subscriptions,S-promo-05,"As a rider/driver, I subscribe to a paid plan (Spinr Pass)",happy,GET /subscription-stats,backend/routes/admin/subscriptions.py:131,backend/tests/test_driver_subscriptions_tax_ledger_coverage.py,INFERRED,mapped,-,-,-
Promotions & Loyalty,Marketing/subscriptions,S-promo-05,"As a rider/driver, I subscribe to a paid plan (Spinr Pass)",happy,GET /subscription/payments,backend/routes/admin/subscriptions.py:285,backend/tests/test_driver_subscriptions_tax_ledger_coverage.py,INFERRED,mapped,-,-,-
Promotions & Loyalty,Marketing/subscriptions,S-promo-05,"As a rider/driver, I subscribe to a paid plan (Spinr Pass)",happy,PUT /service-areas/{area_id}/subscription-tax,backend/routes/admin/subscriptions.py:420,backend/tests/test_driver_subscriptions_tax_ledger_coverage.py,INFERRED,mapped,-,-,-
Promotions & Loyalty,Marketing/subscriptions,S-promo-05,"As a rider/driver, I subscribe to a paid plan (Spinr Pass)",happy,GET /offer-analytics,backend/routes/admin/subscriptions.py:477,backend/tests/test_driver_subscriptions_tax_ledger_coverage.py,INFERRED,mapped,-,-,-
Promotions & Loyalty,Marketing/subscriptions,S-promo-05,"As a rider/driver, I subscribe to a paid plan (Spinr Pass)",happy,GET /subscription/payments/{payment_id}/invoice.pdf,backend/routes/admin/subscriptions.py:644,backend/tests/test_driver_subscriptions_tax_ledger_coverage.py,INFERRED,mapped,-,-,-
Promotions & Loyalty,Marketing/subscriptions,S-promo-05,"As a rider/driver, I subscribe to a paid plan (Spinr Pass)",happy,POST /subscription/payments/{payment_id}/resend-invoice,backend/routes/admin/subscriptions.py:685,backend/tests/test_driver_subscriptions_tax_ledger_coverage.py,INFERRED,mapped,-,-,-
Admin Dashboard & Operations,Dispute resolution,S-admin-04,"As an admin, I resolve disputes and support tickets",happy,GET /disputes,backend/routes/admin/support.py:107,backend/tests/test_support_tickets_ai_suggest.py,INFERRED,mapped,OBS-006,-,-
Admin Dashboard & Operations,Dispute resolution,S-admin-04,"As an admin, I resolve disputes and support tickets",happy,GET /disputes/stats,backend/routes/admin/support.py:156,backend/tests/test_support_tickets_ai_suggest.py,INFERRED,mapped,OBS-006,-,-
Admin Dashboard & Operations,Dispute resolution,S-admin-04,"As an admin, I resolve disputes and support tickets",happy,GET /disputes/chargebacks,backend/routes/admin/support.py:185,backend/tests/test_support_tickets_ai_suggest.py,INFERRED,mapped,OBS-006,-,-
Admin Dashboard & Operations,Dispute resolution,S-admin-04,"As an admin, I resolve disputes and support tickets",happy,POST /disputes,backend/routes/admin/support.py:266,backend/tests/test_support_tickets_ai_suggest.py,INFERRED,mapped,OBS-006,-,-
Admin Dashboard & Operations,Dispute resolution,S-admin-04,"As an admin, I resolve disputes and support tickets",happy,GET /disputes/{dispute_id},backend/routes/admin/support.py:289,backend/tests/test_support_tickets_ai_suggest.py,INFERRED,mapped,OBS-006,-,-
Admin Dashboard & Operations,Dispute resolution,S-admin-04,"As an admin, I resolve disputes and support tickets",happy,PUT /disputes/{dispute_id},backend/routes/admin/support.py:300,backend/tests/test_support_tickets_ai_suggest.py,INFERRED,mapped,OBS-006,-,-
Admin Dashboard & Operations,Dispute resolution,S-admin-04,"As an admin, I resolve disputes and support tickets",happy,PUT /disputes/{dispute_id}/resolve,backend/routes/admin/support.py:327,backend/tests/test_support_tickets_ai_suggest.py,INFERRED,mapped,OBS-006,-,-
Admin Dashboard & Operations,Dispute resolution,S-admin-04,"As an admin, I resolve disputes and support tickets",happy,DELETE /disputes/{dispute_id},backend/routes/admin/support.py:351,backend/tests/test_support_tickets_ai_suggest.py,INFERRED,mapped,OBS-006,-,-
Admin Dashboard & Operations,Dispute resolution,S-admin-04,"As an admin, I resolve disputes and support tickets",happy,GET /tickets,backend/routes/admin/support.py:362,backend/tests/test_support_tickets_ai_suggest.py,INFERRED,mapped,OBS-006,-,-
Admin Dashboard & Operations,Dispute resolution,S-admin-04,"As an admin, I resolve disputes and support tickets",happy,POST /tickets,backend/routes/admin/support.py:386,backend/tests/test_support_tickets_ai_suggest.py,INFERRED,mapped,OBS-006,-,-
Admin Dashboard & Operations,Dispute resolution,S-admin-04,"As an admin, I resolve disputes and support tickets",happy,GET /tickets/{ticket_id},backend/routes/admin/support.py:407,backend/tests/test_support_tickets_ai_suggest.py,INFERRED,mapped,OBS-006,-,-
Admin Dashboard & Operations,Dispute resolution,S-admin-04,"As an admin, I resolve disputes and support tickets",happy,POST /tickets/{ticket_id}/reply,backend/routes/admin/support.py:420,backend/tests/test_support_tickets_ai_suggest.py,INFERRED,mapped,OBS-006,-,-
Admin Dashboard & Operations,Dispute resolution,S-admin-04,"As an admin, I resolve disputes and support tickets",happy,POST /tickets/{ticket_id}/close,backend/routes/admin/support.py:452,backend/tests/test_support_tickets_ai_suggest.py,INFERRED,mapped,OBS-006,-,-
Admin Dashboard & Operations,Dispute resolution,S-admin-04,"As an admin, I resolve disputes and support tickets",happy,PUT /tickets/{ticket_id},backend/routes/admin/support.py:464,backend/tests/test_support_tickets_ai_suggest.py,INFERRED,mapped,OBS-006,-,-
Admin Dashboard & Operations,Dispute resolution,S-admin-04,"As an admin, I resolve disputes and support tickets",happy,DELETE /tickets/{ticket_id},backend/routes/admin/support.py:489,backend/tests/test_support_tickets_ai_suggest.py,INFERRED,mapped,OBS-006,-,-
Admin Dashboard & Operations,Dispute resolution,S-admin-04,"As an admin, I resolve disputes and support tickets",happy,POST /rides/{ride_id}/flag,backend/routes/admin/support.py:500,backend/tests/test_support_tickets_ai_suggest.py,INFERRED,mapped,OBS-006,-,-
Admin Dashboard & Operations,Dispute resolution,S-admin-04,"As an admin, I resolve disputes and support tickets",happy,GET /flags,backend/routes/admin/support.py:541,backend/tests/test_support_tickets_ai_suggest.py,INFERRED,mapped,OBS-006,-,-
Admin Dashboard & Operations,Dispute resolution,S-admin-04,"As an admin, I resolve disputes and support tickets",happy,PUT /flags/{flag_id}/deactivate,backend/routes/admin/support.py:561,backend/tests/test_support_tickets_ai_suggest.py,INFERRED,mapped,OBS-006,-,-
Admin Dashboard & Operations,Dispute resolution,S-admin-04,"As an admin, I resolve disputes and support tickets",happy,DELETE /flags/{flag_id},backend/routes/admin/support.py:571,backend/tests/test_support_tickets_ai_suggest.py,INFERRED,mapped,OBS-006,-,-
Admin Dashboard & Operations,Dispute resolution,S-admin-04,"As an admin, I resolve disputes and support tickets",happy,POST /rides/{ride_id}/complaint,backend/routes/admin/support.py:582,backend/tests/test_support_tickets_ai_suggest.py,INFERRED,mapped,OBS-006,-,-
Admin Dashboard & Operations,Dispute resolution,S-admin-04,"As an admin, I resolve disputes and support tickets",happy,PUT /complaints/{complaint_id}/resolve,backend/routes/admin/support.py:615,backend/tests/test_support_tickets_ai_suggest.py,INFERRED,mapped,OBS-006,-,-
Admin Dashboard & Operations,Dispute resolution,S-admin-04,"As an admin, I resolve disputes and support tickets",happy,GET /complaints,backend/routes/admin/support.py:643,backend/tests/test_support_tickets_ai_suggest.py,INFERRED,mapped,OBS-006,-,-
Admin Dashboard & Operations,Dispute resolution,S-admin-04,"As an admin, I resolve disputes and support tickets",happy,DELETE /complaints/{complaint_id},backend/routes/admin/support.py:662,backend/tests/test_support_tickets_ai_suggest.py,INFERRED,mapped,OBS-006,-,-
Admin Dashboard & Operations,Dispute resolution,S-admin-04,"As an admin, I resolve disputes and support tickets",happy,GET /config,backend/routes/admin/support_tickets.py:206,backend/tests/test_support_tickets_ai_suggest.py,INFERRED,mapped,OBS-004,-,-
Admin Dashboard & Operations,Dispute resolution,S-admin-04,"As an admin, I resolve disputes and support tickets",happy,PUT /config,backend/routes/admin/support_tickets.py:212,backend/tests/test_support_tickets_ai_suggest.py,INFERRED,mapped,OBS-004,-,-
Admin Dashboard & Operations,Dispute resolution,S-admin-04,"As an admin, I resolve disputes and support tickets",happy,POST /sync,backend/routes/admin/support_tickets.py:244,backend/tests/test_support_tickets_ai_suggest.py,INFERRED,mapped,OBS-004,-,-
Admin Dashboard & Operations,Dispute resolution,S-admin-04,"As an admin, I resolve disputes and support tickets",happy,POST /config/test,backend/routes/admin/support_tickets.py:260,backend/tests/test_support_tickets_ai_suggest.py,INFERRED,mapped,OBS-004,-,-
Admin Dashboard & Operations,Dispute resolution,S-admin-04,"As an admin, I resolve disputes and support tickets",happy,GET /dashboard,backend/routes/admin/support_tickets.py:352,backend/tests/test_support_tickets_ai_suggest.py,INFERRED,mapped,OBS-004,-,-
Admin Dashboard & Operations,Dispute resolution,S-admin-04,"As an admin, I resolve disputes and support tickets",happy,GET /trends,backend/routes/admin/support_tickets.py:406,backend/tests/test_support_tickets_ai_suggest.py,INFERRED,mapped,OBS-004,-,-
Admin Dashboard & Operations,Dispute resolution,S-admin-04,"As an admin, I resolve disputes and support tickets",happy,GET /agents,backend/routes/admin/support_tickets.py:449,backend/tests/test_support_tickets_ai_suggest.py,INFERRED,mapped,OBS-004,-,-
Admin Dashboard & Operations,Dispute resolution,S-admin-04,"As an admin, I resolve disputes and support tickets",happy,GET /departments,backend/routes/admin/support_tickets.py:457,backend/tests/test_support_tickets_ai_suggest.py,INFERRED,mapped,OBS-004,-,-
Admin Dashboard & Operations,Dispute resolution,S-admin-04,"As an admin, I resolve disputes and support tickets",happy,POST /tickets,backend/routes/admin/support_tickets.py:478,backend/tests/test_support_tickets_ai_suggest.py,INFERRED,mapped,OBS-004,-,-
Admin Dashboard & Operations,Dispute resolution,S-admin-04,"As an admin, I resolve disputes and support tickets",happy,GET /tickets,backend/routes/admin/support_tickets.py:502,backend/tests/test_support_tickets_ai_suggest.py,INFERRED,mapped,OBS-004,-,-
Admin Dashboard & Operations,Dispute resolution,S-admin-04,"As an admin, I resolve disputes and support tickets",happy,GET /search,backend/routes/admin/support_tickets.py:545,backend/tests/test_support_tickets_ai_suggest.py,INFERRED,mapped,OBS-004,-,-
Admin Dashboard & Operations,Dispute resolution,S-admin-04,"As an admin, I resolve disputes and support tickets",happy,GET /tickets/{ticket_id},backend/routes/admin/support_tickets.py:586,backend/tests/test_support_tickets_ai_suggest.py,INFERRED,mapped,OBS-004,-,-
Admin Dashboard & Operations,Dispute resolution,S-admin-04,"As an admin, I resolve disputes and support tickets",happy,GET /tickets/{ticket_id}/threads,backend/routes/admin/support_tickets.py:594,backend/tests/test_support_tickets_ai_suggest.py,INFERRED,mapped,OBS-004,-,-
Admin Dashboard & Operations,Dispute resolution,S-admin-04,"As an admin, I resolve disputes and support tickets",happy,GET /tickets/{ticket_id}/threads/{thread_id},backend/routes/admin/support_tickets.py:602,backend/tests/test_support_tickets_ai_suggest.py,INFERRED,mapped,OBS-004,-,-
Admin Dashboard & Operations,Dispute resolution,S-admin-04,"As an admin, I resolve disputes and support tickets",happy,POST /tickets/{ticket_id}/reply,backend/routes/admin/support_tickets.py:618,backend/tests/test_support_tickets_ai_suggest.py,INFERRED,mapped,OBS-004,-,-
Admin Dashboard & Operations,Dispute resolution,S-admin-04,"As an admin, I resolve disputes and support tickets",happy,POST /tickets/{ticket_id}/comment,backend/routes/admin/support_tickets.py:658,backend/tests/test_support_tickets_ai_suggest.py,INFERRED,mapped,OBS-004,-,-
Admin Dashboard & Operations,Dispute resolution,S-admin-04,"As an admin, I resolve disputes and support tickets",happy,PATCH /tickets/{ticket_id},backend/routes/admin/support_tickets.py:682,backend/tests/test_support_tickets_ai_suggest.py,INFERRED,mapped,OBS-004,-,-
Admin Dashboard & Operations,Dispute resolution,S-admin-04,"As an admin, I resolve disputes and support tickets",happy,POST /tickets/{ticket_id}/tags,backend/routes/admin/support_tickets.py:704,backend/tests/test_support_tickets_ai_suggest.py,INFERRED,mapped,OBS-004,-,-
Admin Dashboard & Operations,Dispute resolution,S-admin-04,"As an admin, I resolve disputes and support tickets",happy,GET /service-areas,backend/routes/admin/support_tickets.py:734,backend/tests/test_support_tickets_ai_suggest.py,INFERRED,mapped,OBS-004,-,-
Admin Dashboard & Operations,Dispute resolution,S-admin-04,"As an admin, I resolve disputes and support tickets",happy,GET /tickets/{ticket_id}/service-area,backend/routes/admin/support_tickets.py:746,backend/tests/test_support_tickets_ai_suggest.py,INFERRED,mapped,OBS-004,-,-
Admin Dashboard & Operations,Dispute resolution,S-admin-04,"As an admin, I resolve disputes and support tickets",happy,PUT /tickets/{ticket_id}/service-area,backend/routes/admin/support_tickets.py:768,backend/tests/test_support_tickets_ai_suggest.py,INFERRED,mapped,OBS-004,-,-
Admin Dashboard & Operations,Dispute resolution,S-admin-04,"As an admin, I resolve disputes and support tickets",happy,POST /tickets/{ticket_id}/ai-suggest-reply,backend/routes/admin/support_tickets.py:845,backend/tests/test_support_tickets_ai_suggest.py,INFERRED,mapped,OBS-004,-,-
Legacy Import & Data Migration,Booking/wallet/address import,S-legacy-05,"As ops, legacy bookings/wallets/addresses are imported",happy,POST /tax-ids/import/validate,backend/routes/admin/tax_id_import.py:407,backend/tests/test_admin_tax_id_import.py,INFERRED,mapped,-,-,-
Legacy Import & Data Migration,Booking/wallet/address import,S-legacy-05,"As ops, legacy bookings/wallets/addresses are imported",happy,POST /tax-ids/import/commit,backend/routes/admin/tax_id_import.py:423,backend/tests/test_admin_tax_id_import.py,INFERRED,mapped,-,-,-
Legacy Import & Data Migration,Booking/wallet/address import,S-legacy-05,"As ops, legacy bookings/wallets/addresses are imported",happy,POST /tax-ids/import/prepare-validate,backend/routes/admin/tax_id_import.py:445,backend/tests/test_admin_tax_id_import.py,INFERRED,mapped,-,-,-
Legacy Import & Data Migration,Booking/wallet/address import,S-legacy-05,"As ops, legacy bookings/wallets/addresses are imported",happy,POST /tax-ids/import/prepare-commit,backend/routes/admin/tax_id_import.py:489,backend/tests/test_admin_tax_id_import.py,INFERRED,mapped,-,-,-
Admin Dashboard & Operations,Rider management,S-admin-02,"As an admin, I manage rider accounts",happy,GET /users,backend/routes/admin/users.py:68,backend/tests/test_admin_users_management.py,INFERRED,mapped,DRIFT-005;INFO-005,-,-
Admin Dashboard & Operations,Rider management,S-admin-02,"As an admin, I manage rider accounts",happy,POST /users/search,backend/routes/admin/users.py:152,backend/tests/test_admin_users_management.py,INFERRED,mapped,DRIFT-005;INFO-005,-,-
Admin Dashboard & Operations,Rider management,S-admin-02,"As an admin, I manage rider accounts",happy,GET /users/{user_id},backend/routes/admin/users.py:229,backend/tests/test_admin_users_management.py,INFERRED,mapped,DRIFT-005;INFO-005,-,-
Admin Dashboard & Operations,Rider management,S-admin-02,"As an admin, I manage rider accounts",happy,PUT /users/{user_id}/status,backend/routes/admin/users.py:267,backend/tests/test_admin_users_management.py,INFERRED,mapped,DRIFT-005;INFO-005,-,-
Admin Dashboard & Operations,Rider management,S-admin-02,"As an admin, I manage rider accounts",happy,PATCH /users/{user_id}/role,backend/routes/admin/users.py:395,backend/tests/test_admin_users_management.py,INFERRED,mapped,DRIFT-005;INFO-005,-,-
Admin Dashboard & Operations,Rider management,S-admin-02,"As an admin, I manage rider accounts",happy,GET /export/users,backend/routes/admin/users.py:475,backend/tests/test_admin_users_management.py,INFERRED,mapped,DRIFT-005;INFO-005,-,-
Admin Dashboard & Operations,Rider management,S-admin-02,"As an admin, I manage rider accounts",happy,GET /dsars,backend/routes/admin/users.py:528,backend/tests/test_admin_users_management.py,INFERRED,mapped,DRIFT-005;INFO-005,-,-
Admin Dashboard & Operations,Rider management,S-admin-02,"As an admin, I manage rider accounts",happy,PATCH /dsars/{request_id}/status,backend/routes/admin/users.py:562,backend/tests/test_admin_users_management.py,INFERRED,mapped,DRIFT-005;INFO-005,-,-
Admin Dashboard & Operations,Bulk operations / fleet,S-admin-08,"As an admin, I manage the vehicle fleet in bulk",happy,GET /vehicle-types,backend/routes/admin/vehicle_fleet.py:168,backend/tests/test_admin_vehicle_fleet_coverage.py,INFERRED,mapped,-,-,-
Admin Dashboard & Operations,Bulk operations / fleet,S-admin-08,"As an admin, I manage the vehicle fleet in bulk",happy,POST /vehicle-types,backend/routes/admin/vehicle_fleet.py:175,backend/tests/test_admin_vehicle_fleet_coverage.py,INFERRED,mapped,-,-,-
Admin Dashboard & Operations,Bulk operations / fleet,S-admin-08,"As an admin, I manage the vehicle fleet in bulk",happy,PUT /vehicle-types/{type_id},backend/routes/admin/vehicle_fleet.py:199,backend/tests/test_admin_vehicle_fleet_coverage.py,INFERRED,mapped,-,-,-
Admin Dashboard & Operations,Bulk operations / fleet,S-admin-08,"As an admin, I manage the vehicle fleet in bulk",happy,POST /vehicle-types/{type_id}/upload-illustration,backend/routes/admin/vehicle_fleet.py:239,backend/tests/test_admin_vehicle_fleet_coverage.py,INFERRED,mapped,-,-,-
Admin Dashboard & Operations,Bulk operations / fleet,S-admin-08,"As an admin, I manage the vehicle fleet in bulk",happy,POST /vehicle-types/{type_id}/upload-marker,backend/routes/admin/vehicle_fleet.py:312,backend/tests/test_admin_vehicle_fleet_coverage.py,INFERRED,mapped,-,-,-
Admin Dashboard & Operations,Bulk operations / fleet,S-admin-08,"As an admin, I manage the vehicle fleet in bulk",happy,DELETE /vehicle-types/{type_id},backend/routes/admin/vehicle_fleet.py:380,backend/tests/test_admin_vehicle_fleet_coverage.py,INFERRED,mapped,-,-,-
Admin Dashboard & Operations,Bulk operations / fleet,S-admin-08,"As an admin, I manage the vehicle fleet in bulk",happy,GET /fare-configs,backend/routes/admin/vehicle_fleet.py:450,backend/tests/test_admin_vehicle_fleet_coverage.py,INFERRED,mapped,-,-,-
Admin Dashboard & Operations,Bulk operations / fleet,S-admin-08,"As an admin, I manage the vehicle fleet in bulk",happy,POST /fare-configs,backend/routes/admin/vehicle_fleet.py:457,backend/tests/test_admin_vehicle_fleet_coverage.py,INFERRED,mapped,-,-,-
Admin Dashboard & Operations,Bulk operations / fleet,S-admin-08,"As an admin, I manage the vehicle fleet in bulk",happy,PUT /fare-configs/{config_id},backend/routes/admin/vehicle_fleet.py:482,backend/tests/test_admin_vehicle_fleet_coverage.py,INFERRED,mapped,-,-,-
Admin Dashboard & Operations,Bulk operations / fleet,S-admin-08,"As an admin, I manage the vehicle fleet in bulk",happy,DELETE /fare-configs/{config_id},backend/routes/admin/vehicle_fleet.py:513,backend/tests/test_admin_vehicle_fleet_coverage.py,INFERRED,mapped,-,-,-
Admin Dashboard & Operations,Bulk operations / fleet,S-admin-08,"As an admin, I manage the vehicle fleet in bulk",happy,POST /rides/{ride_id}/lost-and-found,backend/routes/admin/vehicle_fleet.py:526,backend/tests/test_admin_vehicle_fleet_coverage.py,INFERRED,mapped,-,-,-
Admin Dashboard & Operations,Bulk operations / fleet,S-admin-08,"As an admin, I manage the vehicle fleet in bulk",happy,PUT /lost-and-found/{item_id}/resolve,backend/routes/admin/vehicle_fleet.py:591,backend/tests/test_admin_vehicle_fleet_coverage.py,INFERRED,mapped,-,-,-
Admin Dashboard & Operations,Bulk operations / fleet,S-admin-08,"As an admin, I manage the vehicle fleet in bulk",happy,GET /lost-and-found,backend/routes/admin/vehicle_fleet.py:612,backend/tests/test_admin_vehicle_fleet_coverage.py,INFERRED,mapped,-,-,-
Admin Dashboard & Operations,Bulk operations / fleet,S-admin-08,"As an admin, I manage the vehicle fleet in bulk",happy,PUT /lost-and-found/{item_id},backend/routes/admin/vehicle_fleet.py:653,backend/tests/test_admin_vehicle_fleet_coverage.py,INFERRED,mapped,-,-,-
Admin Dashboard & Operations,Bulk operations / fleet,S-admin-08,"As an admin, I manage the vehicle fleet in bulk",happy,DELETE /lost-and-found/{item_id},backend/routes/admin/vehicle_fleet.py:682,backend/tests/test_admin_vehicle_fleet_coverage.py,INFERRED,mapped,-,-,-
Maps & Routing,Unmapped endpoint,ORPHAN,-,happy,GET ,backend/routes/admin/venues.py:46,backend/tests/test_admin_venues_crud.py,INFERRED,orphan,-,-,-
Maps & Routing,Unmapped endpoint,ORPHAN,-,happy,POST ,backend/routes/admin/venues.py:77,backend/tests/test_admin_venues_crud.py,INFERRED,orphan,-,-,-
Maps & Routing,Unmapped endpoint,ORPHAN,-,happy,PUT /{venue_id},backend/routes/admin/venues.py:88,backend/tests/test_admin_venues_crud.py,INFERRED,orphan,-,-,-
Maps & Routing,Unmapped endpoint,ORPHAN,-,happy,DELETE /{venue_id},backend/routes/admin/venues.py:102,backend/tests/test_admin_venues_crud.py,INFERRED,orphan,-,-,-
Ride Completion & Payments,Wallet settlement,S-pay-02,"As a rider, I can pay with wallet balance; insufficient balance is rejected cleanly",happy,GET /{user_id},backend/routes/admin/wallet.py:78,backend/tests/test_corporate_wallet_freeze.py,INFERRED,mapped,-,-,-
Ride Completion & Payments,Wallet settlement,S-pay-02,"As a rider, I can pay with wallet balance; insufficient balance is rejected cleanly",happy,POST /credit,backend/routes/admin/wallet.py:128,backend/tests/test_corporate_wallet_freeze.py,INFERRED,mapped,-,-,-
Ride Completion & Payments,Wallet settlement,S-pay-02,"As a rider, I can pay with wallet balance; insufficient balance is rejected cleanly",happy,POST /debit,backend/routes/admin/wallet.py:231,backend/tests/test_corporate_wallet_freeze.py,INFERRED,mapped,-,-,-
Ride Completion & Payments,Wallet settlement,S-pay-02,"As a rider, I can pay with wallet balance; insufficient balance is rejected cleanly",happy,POST /wallets/import/validate,backend/routes/admin/wallet_import.py:164,backend/tests/test_wallet_import_service.py,INFERRED,mapped,-,-,-
Ride Completion & Payments,Wallet settlement,S-pay-02,"As a rider, I can pay with wallet balance; insufficient balance is rejected cleanly",happy,POST /wallets/import/commit,backend/routes/admin/wallet_import.py:182,backend/tests/test_wallet_import_service.py,INFERRED,mapped,-,-,-
Admin Dashboard & Operations,Unmapped endpoint,ORPHAN,-,happy,GET /appeals,backend/routes/drivers/appeals.py:43,backend/tests/test_admin_driver_appeals.py,INFERRED,orphan,-,-,-
Admin Dashboard & Operations,Unmapped endpoint,ORPHAN,-,happy,POST /appeals,backend/routes/drivers/appeals.py:50,backend/tests/test_admin_driver_appeals.py,INFERRED,orphan,-,-,-
"Safety, Trust & Fraud",License/ID/background checks,S-safety-03,"As a driver, my license and CRC/VSC are verified before I can drive",happy,GET /crc-consent,backend/routes/drivers/crc_consent.py:30,backend/tests/test_driver_crc_consent.py,INFERRED,mapped,-,-,-
"Safety, Trust & Fraud",License/ID/background checks,S-safety-03,"As a driver, my license and CRC/VSC are verified before I can drive",happy,POST /crc-consent,backend/routes/drivers/crc_consent.py:49,backend/tests/test_driver_crc_consent.py,INFERRED,mapped,-,-,-
Driver Earnings & Payouts,Earnings calculation,S-earn-01,"As a driver, I see accurate per-trip and period earnings (100% of fare)",happy,GET /balance,backend/routes/drivers/earnings.py:47,backend/tests/test_reconcile_legacy_driver_earnings.py,INFERRED,mapped,MONEY-001;MONEY-005;RECURRENCE-001;RECURRENCE-003,-,-
Driver Earnings & Payouts,Earnings calculation,S-earn-01,"As a driver, I see accurate per-trip and period earnings (100% of fare)",happy,GET /bonuses,backend/routes/drivers/earnings.py:326,backend/tests/test_reconcile_legacy_driver_earnings.py,INFERRED,mapped,MONEY-001;MONEY-005;RECURRENCE-001;RECURRENCE-003,-,-
Driver Earnings & Payouts,Earnings calculation,S-earn-01,"As a driver, I see accurate per-trip and period earnings (100% of fare)",happy,GET /earnings,backend/routes/drivers/earnings.py:364,backend/tests/test_reconcile_legacy_driver_earnings.py,INFERRED,mapped,MONEY-001;MONEY-005;RECURRENCE-001;RECURRENCE-003,-,-
Driver Earnings & Payouts,Earnings calculation,S-earn-01,"As a driver, I see accurate per-trip and period earnings (100% of fare)",happy,GET /earnings/daily,backend/routes/drivers/earnings.py:547,backend/tests/test_reconcile_legacy_driver_earnings.py,INFERRED,mapped,MONEY-001;MONEY-005;RECURRENCE-001;RECURRENCE-003,-,-
Driver Earnings & Payouts,Earnings calculation,S-earn-01,"As a driver, I see accurate per-trip and period earnings (100% of fare)",happy,GET /earnings/trips,backend/routes/drivers/earnings.py:609,backend/tests/test_reconcile_legacy_driver_earnings.py,INFERRED,mapped,MONEY-001;MONEY-005;RECURRENCE-001;RECURRENCE-003,-,-
Driver Earnings & Payouts,Earnings calculation,S-earn-01,"As a driver, I see accurate per-trip and period earnings (100% of fare)",happy,GET /earnings/weekly,backend/routes/drivers/earnings.py:678,backend/tests/test_reconcile_legacy_driver_earnings.py,INFERRED,mapped,MONEY-001;MONEY-005;RECURRENCE-001;RECURRENCE-003,-,-
Driver Earnings & Payouts,Earnings calculation,S-earn-01,"As a driver, I see accurate per-trip and period earnings (100% of fare)",happy,GET /earnings/monthly,backend/routes/drivers/earnings.py:798,backend/tests/test_reconcile_legacy_driver_earnings.py,INFERRED,mapped,MONEY-001;MONEY-005;RECURRENCE-001;RECURRENCE-003,-,-
Driver Earnings & Payouts,Earnings calculation,S-earn-01,"As a driver, I see accurate per-trip and period earnings (100% of fare)",happy,GET /earnings/comparison,backend/routes/drivers/earnings.py:900,backend/tests/test_reconcile_legacy_driver_earnings.py,INFERRED,mapped,MONEY-001;MONEY-005;RECURRENCE-001;RECURRENCE-003,-,-
Driver Earnings & Payouts,Earnings calculation,S-earn-01,"As a driver, I see accurate per-trip and period earnings (100% of fare)",happy,GET /earnings/forecast,backend/routes/drivers/earnings.py:987,backend/tests/test_reconcile_legacy_driver_earnings.py,INFERRED,mapped,MONEY-001;MONEY-005;RECURRENCE-001;RECURRENCE-003,-,-
Ride Fulfillment,Real-time location (WS),S-fulfil-02,"As a rider/driver, I see live location updates during the ride via WebSocket",happy,GET /nearby,backend/routes/drivers/location.py:716,backend/tests/test_validate_ride_location.py,INFERRED,mapped,DRIFT-005;OBS-002,-,-
Ride Fulfillment,Real-time location (WS),S-fulfil-02,"As a rider/driver, I see live location updates during the ride via WebSocket",happy,GET ,backend/routes/drivers/location.py:864,backend/tests/test_validate_ride_location.py,INFERRED,mapped,DRIFT-005;OBS-002,-,-
Ride Fulfillment,Real-time location (WS),S-fulfil-02,"As a rider/driver, I see live location updates during the ride via WebSocket",happy,POST ,backend/routes/drivers/location.py:886,backend/tests/test_validate_ride_location.py,INFERRED,mapped,DRIFT-005;OBS-002,-,-
Ride Fulfillment,Real-time location (WS),S-fulfil-02,"As a rider/driver, I see live location updates during the ride via WebSocket",happy,POST /location-live,backend/routes/drivers/location.py:973,backend/tests/test_validate_ride_location.py,INFERRED,mapped,DRIFT-005;OBS-002,-,-
Ride Fulfillment,Real-time location (WS),S-fulfil-02,"As a rider/driver, I see live location updates during the ride via WebSocket",happy,POST /location-batch,backend/routes/drivers/location.py:1056,backend/tests/test_validate_ride_location.py,INFERRED,mapped,DRIFT-005;OBS-002,-,-
Ride Fulfillment,Real-time location (WS),S-fulfil-02,"As a rider/driver, I see live location updates during the ride via WebSocket",happy,POST /attest-nonce,backend/routes/drivers/location.py:1340,backend/tests/test_validate_ride_location.py,INFERRED,mapped,DRIFT-005;OBS-002,-,-
Ride Fulfillment,Real-time location (WS),S-fulfil-02,"As a rider/driver, I see live location updates during the ride via WebSocket",happy,POST /attest-device,backend/routes/drivers/location.py:1353,backend/tests/test_validate_ride_location.py,INFERRED,mapped,DRIFT-005;OBS-002,-,-
Ride Completion & Payments,Receipt generation,S-pay-05,"As a rider, I receive a receipt with GST/PST/booking fee/surge line items",happy,POST /offers/{offer_id}/receipts,backend/routes/drivers/offer_receipts.py:90,backend/tests/test_offer_receipts.py,INFERRED,mapped,-,-,-
Driver Earnings & Payouts,Per-driver payouts,S-earn-04,"As a driver, my earnings are paid out to my bank account",happy,GET /bank-account,backend/routes/drivers/payouts.py:102,backend/tests/test_payouts_coverage.py,INFERRED,mapped,INFO-005;MONEY-005,-,-
Driver Earnings & Payouts,Per-driver payouts,S-earn-04,"As a driver, my earnings are paid out to my bank account",happy,POST /stripe-onboard,backend/routes/drivers/payouts.py:329,backend/tests/test_payouts_coverage.py,INFERRED,mapped,INFO-005;MONEY-005,-,-
Driver Earnings & Payouts,Per-driver payouts,S-earn-04,"As a driver, my earnings are paid out to my bank account",happy,POST /stripe-sync,backend/routes/drivers/payouts.py:413,backend/tests/test_payouts_coverage.py,INFERRED,mapped,INFO-005;MONEY-005,-,-
Driver Earnings & Payouts,Per-driver payouts,S-earn-04,"As a driver, my earnings are paid out to my bank account",happy,GET /stripe-return,backend/routes/drivers/payouts.py:498,backend/tests/test_payouts_coverage.py,INFERRED,mapped,INFO-005;MONEY-005,-,-
Driver Earnings & Payouts,Per-driver payouts,S-earn-04,"As a driver, my earnings are paid out to my bank account",happy,GET /stripe-refresh,backend/routes/drivers/payouts.py:513,backend/tests/test_payouts_coverage.py,INFERRED,mapped,INFO-005;MONEY-005,-,-
Driver Earnings & Payouts,Per-driver payouts,S-earn-04,"As a driver, my earnings are paid out to my bank account",happy,POST /stripe-account-session,backend/routes/drivers/payouts.py:526,backend/tests/test_payouts_coverage.py,INFERRED,mapped,INFO-005;MONEY-005,-,-
Driver Earnings & Payouts,Per-driver payouts,S-earn-04,"As a driver, my earnings are paid out to my bank account",happy,GET /stripe-embedded,backend/routes/drivers/payouts.py:698,backend/tests/test_payouts_coverage.py,INFERRED,mapped,INFO-005;MONEY-005,-,-
Driver Earnings & Payouts,Per-driver payouts,S-earn-04,"As a driver, my earnings are paid out to my bank account",happy,POST /bank-account,backend/routes/drivers/payouts.py:712,backend/tests/test_payouts_coverage.py,INFERRED,mapped,INFO-005;MONEY-005,-,-
Driver Earnings & Payouts,Per-driver payouts,S-earn-04,"As a driver, my earnings are paid out to my bank account",happy,DELETE /bank-account,backend/routes/drivers/payouts.py:744,backend/tests/test_payouts_coverage.py,INFERRED,mapped,INFO-005;MONEY-005,-,-
Driver Earnings & Payouts,Per-driver payouts,S-earn-04,"As a driver, my earnings are paid out to my bank account",happy,POST /payouts,backend/routes/drivers/payouts.py:849,backend/tests/test_payouts_coverage.py,INFERRED,mapped,INFO-005;MONEY-005,-,-
Driver Earnings & Payouts,Per-driver payouts,S-earn-04,"As a driver, my earnings are paid out to my bank account",happy,POST /payouts/_legacy,backend/routes/drivers/payouts.py:901,backend/tests/test_payouts_coverage.py,INFERRED,mapped,INFO-005;MONEY-005,-,-
Driver Earnings & Payouts,Per-driver payouts,S-earn-04,"As a driver, my earnings are paid out to my bank account",happy,POST /payouts/instant,backend/routes/drivers/payouts.py:1081,backend/tests/test_payouts_coverage.py,INFERRED,mapped,INFO-005;MONEY-005,-,-
Driver Earnings & Payouts,Per-driver payouts,S-earn-04,"As a driver, my earnings are paid out to my bank account",happy,GET /payouts/instant/quote,backend/routes/drivers/payouts.py:1337,backend/tests/test_payouts_coverage.py,INFERRED,mapped,INFO-005;MONEY-005,-,-
Driver Earnings & Payouts,Per-driver payouts,S-earn-04,"As a driver, my earnings are paid out to my bank account",happy,GET /payouts,backend/routes/drivers/payouts.py:1358,backend/tests/test_payouts_coverage.py,INFERRED,mapped,INFO-005;MONEY-005,-,-
Driver Earnings & Payouts,Per-driver payouts,S-earn-04,"As a driver, my earnings are paid out to my bank account",happy,GET /stripe/bank-payouts,backend/routes/drivers/payouts.py:1409,backend/tests/test_payouts_coverage.py,INFERRED,mapped,INFO-005;MONEY-005,-,-
Driver Earnings & Payouts,Per-driver payouts,S-earn-04,"As a driver, my earnings are paid out to my bank account",happy,GET /stripe/ledger,backend/routes/drivers/payouts.py:1455,backend/tests/test_payouts_coverage.py,INFERRED,mapped,INFO-005;MONEY-005,-,-
Authentication & Authorization,Profile management,S-auth-06,"As a rider/driver, I can view/edit my profile",happy,GET /config,backend/routes/drivers/profile.py:53,backend/tests/test_profile_completeness.py,INFERRED,mapped,-,-,-
Authentication & Authorization,Profile management,S-auth-06,"As a rider/driver, I can view/edit my profile",happy,GET /me,backend/routes/drivers/profile.py:99,backend/tests/test_profile_completeness.py,INFERRED,mapped,-,-,-
Authentication & Authorization,Profile management,S-auth-06,"As a rider/driver, I can view/edit my profile",happy,PUT /me,backend/routes/drivers/profile.py:152,backend/tests/test_profile_completeness.py,INFERRED,mapped,-,-,-
Authentication & Authorization,Profile management,S-auth-06,"As a rider/driver, I can view/edit my profile",happy,GET /demand-heatmap,backend/routes/drivers/profile.py:456,backend/tests/test_profile_completeness.py,INFERRED,mapped,-,-,-
Authentication & Authorization,Profile management,S-auth-06,"As a rider/driver, I can view/edit my profile",happy,POST /register,backend/routes/drivers/profile.py:813,backend/tests/test_profile_completeness.py,INFERRED,mapped,-,-,-
Authentication & Authorization,Profile management,S-auth-06,"As a rider/driver, I can view/edit my profile",happy,POST /destination,backend/routes/drivers/profile.py:1009,backend/tests/test_profile_completeness.py,INFERRED,mapped,-,-,-
Authentication & Authorization,Profile management,S-auth-06,"As a rider/driver, I can view/edit my profile",happy,DELETE /destination,backend/routes/drivers/profile.py:1035,backend/tests/test_profile_completeness.py,INFERRED,mapped,-,-,-
Authentication & Authorization,Profile management,S-auth-06,"As a rider/driver, I can view/edit my profile",happy,GET /destination,backend/routes/drivers/profile.py:1056,backend/tests/test_profile_completeness.py,INFERRED,mapped,-,-,-
Promotions & Loyalty,Referral codes,S-promo-04,"As a rider/driver, I refer others and earn a reward",happy,GET /referral,backend/routes/drivers/referrals.py:90,backend/tests/test_referrals_coverage.py,INFERRED,mapped,INFO-005,-,-
Promotions & Loyalty,Referral codes,S-promo-04,"As a rider/driver, I refer others and earn a reward",happy,POST /referral/apply,backend/routes/drivers/referrals.py:207,backend/tests/test_referrals_coverage.py,INFERRED,mapped,INFO-005,-,-
Promotions & Loyalty,Referral codes,S-promo-04,"As a rider/driver, I refer others and earn a reward",happy,GET /referrals,backend/routes/drivers/referrals.py:274,backend/tests/test_referrals_coverage.py,INFERRED,mapped,INFO-005,-,-
Promotions & Loyalty,Referral codes,S-promo-04,"As a rider/driver, I refer others and earn a reward",happy,GET /leaderboard,backend/routes/drivers/referrals.py:341,backend/tests/test_referrals_coverage.py,INFERRED,mapped,INFO-005,-,-
Ride Fulfillment,Driver-side ride flow,S-fulfil-10,"As a driver, I move a ride through accept/arrive/start/complete/cancel",happy,POST /rides/{ride_id}/cancel,backend/routes/drivers/ride_cancel.py:40,backend/tests/test_ride_cancellation_branches.py,INFERRED,mapped,-,-,-
Ride Fulfillment,Driver-side ride flow,S-fulfil-10,"As a driver, I move a ride through accept/arrive/start/complete/cancel",happy,POST /rides/{ride_id}/noshow,backend/routes/drivers/ride_cancel.py:491,backend/tests/test_ride_cancellation_branches.py,INFERRED,mapped,-,-,-
Ride Fulfillment,Driver-side ride flow,S-fulfil-10,"As a driver, I move a ride through accept/arrive/start/complete/cancel",happy,POST /rides/{ride_id}/rate-rider,backend/routes/drivers/ride_cancel.py:846,backend/tests/test_ride_cancellation_branches.py,INFERRED,mapped,-,-,-
Ride Fulfillment,Driver-side ride flow,S-fulfil-10,"As a driver, I move a ride through accept/arrive/start/complete/cancel",happy,POST /rides/{ride_id}/complete,backend/routes/drivers/ride_complete.py:397,backend/tests/test_ride_complete_coverage.py,INFERRED,mapped,-,-,-
Ride Fulfillment,Driver-side ride flow,S-fulfil-10,"As a driver, I move a ride through accept/arrive/start/complete/cancel",happy,POST /rides/{ride_id}/accept,backend/routes/drivers/ride_flow.py:79,backend/tests/test_driver_ride_flow_coverage.py,INFERRED,mapped,DISPATCH-004;INFO-005;OBS-001;OBS-006,-,-
Ride Fulfillment,Driver-side ride flow,S-fulfil-10,"As a driver, I move a ride through accept/arrive/start/complete/cancel",happy,POST /rides/{ride_id}/decline,backend/routes/drivers/ride_flow.py:653,backend/tests/test_driver_ride_flow_coverage.py,INFERRED,mapped,DISPATCH-004;INFO-005;OBS-001;OBS-006,-,-
Ride Fulfillment,Driver-side ride flow,S-fulfil-10,"As a driver, I move a ride through accept/arrive/start/complete/cancel",happy,POST /rides/{ride_id}/arrive,backend/routes/drivers/ride_flow.py:1032,backend/tests/test_driver_ride_flow_coverage.py,INFERRED,mapped,DISPATCH-004;INFO-005;OBS-001;OBS-006,-,-
Ride Fulfillment,Driver-side ride flow,S-fulfil-10,"As a driver, I move a ride through accept/arrive/start/complete/cancel",happy,POST /rides/{ride_id}/verify-otp,backend/routes/drivers/ride_flow.py:1164,backend/tests/test_driver_ride_flow_coverage.py,INFERRED,mapped,DISPATCH-004;INFO-005;OBS-001;OBS-006,-,-
Ride Fulfillment,Driver-side ride flow,S-fulfil-10,"As a driver, I move a ride through accept/arrive/start/complete/cancel",happy,POST /rides/{ride_id}/start,backend/routes/drivers/ride_flow.py:1263,backend/tests/test_driver_ride_flow_coverage.py,INFERRED,mapped,DISPATCH-004;INFO-005;OBS-001;OBS-006,-,-
Ride Fulfillment,Driver-side ride flow,S-fulfil-10,"As a driver, I move a ride through accept/arrive/start/complete/cancel",happy,GET /rides/active,backend/routes/drivers/ride_reads.py:57,backend/tests/test_driver_ride_reads_rate_limit.py,INFERRED,mapped,-,-,-
Ride Fulfillment,Driver-side ride flow,S-fulfil-10,"As a driver, I move a ride through accept/arrive/start/complete/cancel",happy,GET /rides/{ride_id}/offer,backend/routes/drivers/ride_reads.py:274,backend/tests/test_driver_ride_reads_rate_limit.py,INFERRED,mapped,-,-,-
Ride Fulfillment,Driver-side ride flow,S-fulfil-10,"As a driver, I move a ride through accept/arrive/start/complete/cancel",happy,GET /rides/upcoming,backend/routes/drivers/ride_reads.py:500,backend/tests/test_driver_ride_reads_rate_limit.py,INFERRED,mapped,-,-,-
Ride Fulfillment,Driver-side ride flow,S-fulfil-10,"As a driver, I move a ride through accept/arrive/start/complete/cancel",happy,GET /rides/history,backend/routes/drivers/ride_reads.py:550,backend/tests/test_driver_ride_reads_rate_limit.py,INFERRED,mapped,-,-,-
Ride Fulfillment,Driver online/available status,S-fulfil-09,"As a driver, toggling online sets is_online; is_available is system-computed",happy,GET /me/availability,backend/routes/drivers/status.py:187,backend/tests/test_migration_status_service.py,INFERRED,mapped,DISPATCH-004,-,-
Ride Fulfillment,Driver online/available status,S-fulfil-09,"As a driver, toggling online sets is_online; is_available is system-computed",happy,POST /me/availability,backend/routes/drivers/status.py:226,backend/tests/test_migration_status_service.py,INFERRED,mapped,DISPATCH-004,-,-
Ride Fulfillment,Driver online/available status,S-fulfil-09,"As a driver, toggling online sets is_online; is_available is system-computed",happy,GET /{driver_id},backend/routes/drivers/status.py:268,backend/tests/test_migration_status_service.py,INFERRED,mapped,DISPATCH-004,-,-
Ride Fulfillment,Driver online/available status,S-fulfil-09,"As a driver, toggling online sets is_online; is_available is system-computed",happy,PUT /{driver_id}/status,backend/routes/drivers/status.py:335,backend/tests/test_migration_status_service.py,INFERRED,mapped,DISPATCH-004,-,-
Promotions & Loyalty,Marketing/subscriptions,S-promo-05,"As a rider/driver, I subscribe to a paid plan (Spinr Pass)",happy,GET /subscription/plans,backend/routes/drivers/subscriptions.py:39,backend/tests/test_driver_subscriptions_tax_ledger_coverage.py,INFERRED,mapped,-,-,-
Promotions & Loyalty,Marketing/subscriptions,S-promo-05,"As a rider/driver, I subscribe to a paid plan (Spinr Pass)",happy,GET /subscription/current,backend/routes/drivers/subscriptions.py:87,backend/tests/test_driver_subscriptions_tax_ledger_coverage.py,INFERRED,mapped,-,-,-
Promotions & Loyalty,Marketing/subscriptions,S-promo-05,"As a rider/driver, I subscribe to a paid plan (Spinr Pass)",happy,GET /subscription/checkout-return,backend/routes/drivers/subscriptions.py:271,backend/tests/test_driver_subscriptions_tax_ledger_coverage.py,INFERRED,mapped,-,-,-
Promotions & Loyalty,Marketing/subscriptions,S-promo-05,"As a rider/driver, I subscribe to a paid plan (Spinr Pass)",happy,POST /subscription/subscribe,backend/routes/drivers/subscriptions.py:320,backend/tests/test_driver_subscriptions_tax_ledger_coverage.py,INFERRED,mapped,-,-,-
Promotions & Loyalty,Marketing/subscriptions,S-promo-05,"As a rider/driver, I subscribe to a paid plan (Spinr Pass)",happy,GET /subscription/verify-session,backend/routes/drivers/subscriptions.py:786,backend/tests/test_driver_subscriptions_tax_ledger_coverage.py,INFERRED,mapped,-,-,-
Promotions & Loyalty,Marketing/subscriptions,S-promo-05,"As a rider/driver, I subscribe to a paid plan (Spinr Pass)",happy,GET /subscription/payments,backend/routes/drivers/subscriptions.py:1413,backend/tests/test_driver_subscriptions_tax_ledger_coverage.py,INFERRED,mapped,-,-,-
Promotions & Loyalty,Marketing/subscriptions,S-promo-05,"As a rider/driver, I subscribe to a paid plan (Spinr Pass)",happy,POST /subscription/payments/{payment_id}/resend-invoice,backend/routes/drivers/subscriptions.py:1490,backend/tests/test_driver_subscriptions_tax_ledger_coverage.py,INFERRED,mapped,-,-,-
Promotions & Loyalty,Marketing/subscriptions,S-promo-05,"As a rider/driver, I subscribe to a paid plan (Spinr Pass)",happy,POST /subscription/cancel,backend/routes/drivers/subscriptions.py:1565,backend/tests/test_driver_subscriptions_tax_ledger_coverage.py,INFERRED,mapped,-,-,-
Driver Earnings & Payouts,T4A/tax generation,S-earn-03,"As a driver, I receive a T4A-compatible annual earnings summary",happy,GET /t4a/years,backend/routes/drivers/tax_exports.py:57,backend/tests/test_tax_exports_app_name.py,INFERRED,mapped,-,-,-
Driver Earnings & Payouts,T4A/tax generation,S-earn-03,"As a driver, I receive a T4A-compatible annual earnings summary",happy,GET /t4a/{year},backend/routes/drivers/tax_exports.py:168,backend/tests/test_tax_exports_app_name.py,INFERRED,mapped,-,-,-
Driver Earnings & Payouts,T4A/tax generation,S-earn-03,"As a driver, I receive a T4A-compatible annual earnings summary",happy,GET /t4a/{year}/pdf,backend/routes/drivers/tax_exports.py:276,backend/tests/test_tax_exports_app_name.py,INFERRED,mapped,-,-,-
Driver Earnings & Payouts,T4A/tax generation,S-earn-03,"As a driver, I receive a T4A-compatible annual earnings summary",happy,GET /earnings/export,backend/routes/drivers/tax_exports.py:291,backend/tests/test_tax_exports_app_name.py,INFERRED,mapped,-,-,-
Driver Earnings & Payouts,T4A/tax generation,S-earn-03,"As a driver, I receive a T4A-compatible annual earnings summary",happy,POST /t4a/{year}/email,backend/routes/drivers/tax_exports.py:427,backend/tests/test_tax_exports_app_name.py,INFERRED,mapped,-,-,-
Driver Earnings & Payouts,T4A/tax generation,S-earn-03,"As a driver, I receive a T4A-compatible annual earnings summary",happy,POST /earnings/export/email,backend/routes/drivers/tax_exports.py:450,backend/tests/test_tax_exports_app_name.py,INFERRED,mapped,-,-,-
Driver Earnings & Payouts,T4A/tax generation,S-earn-03,"As a driver, I receive a T4A-compatible annual earnings summary",happy,POST /statements/email,backend/routes/drivers/tax_exports.py:505,backend/tests/test_tax_exports_app_name.py,INFERRED,mapped,-,-,-
Driver Earnings & Payouts,T4A/tax generation,S-earn-03,"As a driver, I receive a T4A-compatible annual earnings summary",happy,POST /me/export-data,backend/routes/drivers/tax_exports.py:883,backend/tests/test_tax_exports_app_name.py,INFERRED,mapped,-,-,-
Ride Booking & Matching,Ride creation,S-book-02,"As a rider, I can book a ride with pickup/dropoff and vehicle type",happy,POST ,backend/routes/rides/booking.py:380,backend/tests/test_corporate_booking_rate_limit_key.py,INFERRED,mapped,MONEY-005;OBS-001;OBS-006,-,-
Ride Booking & Matching,Unmapped endpoint,ORPHAN,-,happy,POST /{ride_id}/cancel,backend/routes/rides/cancellation.py:42,backend/tests/test_ride_cancellation_branches.py,INFERRED,orphan,OBS-001;OBS-006,-,-
Ride Booking & Matching,Unmapped endpoint,ORPHAN,-,happy,DELETE /scheduled/{ride_id},backend/routes/rides/cancellation.py:956,backend/tests/test_ride_cancellation_branches.py,INFERRED,orphan,OBS-001;OBS-006,-,-
Ride Fulfillment,In-ride chat,S-fulfil-06,"As a rider/driver, I can chat during an active ride",happy,GET /{ride_id}/chat-status,backend/routes/rides/chat.py:27,backend/tests/test_p2_chat.py,INFERRED,mapped,-,-,-
Ride Fulfillment,In-ride chat,S-fulfil-06,"As a rider/driver, I can chat during an active ride",happy,GET /{ride_id}/messages,backend/routes/rides/chat.py:69,backend/tests/test_p2_chat.py,INFERRED,mapped,-,-,-
Ride Fulfillment,In-ride chat,S-fulfil-06,"As a rider/driver, I can chat during an active ride",happy,POST /{ride_id}/messages,backend/routes/rides/chat.py:103,backend/tests/test_p2_chat.py,INFERRED,mapped,-,-,-
Ride Fulfillment,In-ride chat,S-fulfil-06,"As a rider/driver, I can chat during an active ride",happy,POST /{ride_id}/typing,backend/routes/rides/chat.py:209,backend/tests/test_p2_chat.py,INFERRED,mapped,-,-,-
Ride Booking & Matching,Fare estimation,S-book-01,"As a rider, I see the full price incl. surge before I book",happy,POST /estimate,backend/routes/rides/estimates.py:672,NONE,INFERRED,mapped,-,-,-
Ride Fulfillment,In-ride state machine,S-fulfil-04,"As a system, ride state transitions are guarded and emit WS events",happy,POST /{ride_id}/simulate-arrival,backend/routes/rides/lifecycle.py:42,backend/tests/test_refund_lifecycle_webhook.py,INFERRED,mapped,-,-,-
Ride Fulfillment,In-ride state machine,S-fulfil-04,"As a system, ride state transitions are guarded and emit WS events",happy,POST /{ride_id}/start,backend/routes/rides/lifecycle.py:70,backend/tests/test_refund_lifecycle_webhook.py,INFERRED,mapped,-,-,-
Ride Fulfillment,In-ride state machine,S-fulfil-04,"As a system, ride state transitions are guarded and emit WS events",happy,POST /{ride_id}/complete,backend/routes/rides/lifecycle.py:170,backend/tests/test_refund_lifecycle_webhook.py,INFERRED,mapped,-,-,-
Ride Fulfillment,Lost & found,S-fulfil-08,"As a rider/driver, I can report/claim a lost item after a ride",happy,POST /{ride_id}/lost-and-found,backend/routes/rides/lost_found.py:32,backend/tests/test_lost_found.py,INFERRED,mapped,-,-,-
Ride Completion & Payments,Unmapped endpoint,ORPHAN,-,happy,POST /{ride_id}/tip,backend/routes/rides/payments.py:123,backend/tests/test_payments_stripe_error_specificity.py,INFERRED,orphan,DRIFT-005;MONEY-004;OBS-006;RECURRENCE-001,-,-
Ride Completion & Payments,Unmapped endpoint,ORPHAN,-,happy,POST /{ride_id}/process-payment,backend/routes/rides/payments.py:374,backend/tests/test_payments_stripe_error_specificity.py,INFERRED,orphan,DRIFT-005;MONEY-004;OBS-006;RECURRENCE-001,-,-
Ride Booking & Matching,Ride history & detail,S-book-10,"As a rider/driver, I can view past ride history and detail",happy,GET /active,backend/routes/rides/queries.py:46,NONE,INFERRED,mapped,-,-,-
Ride Booking & Matching,Ride history & detail,S-book-10,"As a rider/driver, I can view past ride history and detail",happy,GET /history,backend/routes/rides/queries.py:157,NONE,INFERRED,mapped,-,-,-
Ride Booking & Matching,Ride history & detail,S-book-10,"As a rider/driver, I can view past ride history and detail",happy,GET /stats,backend/routes/rides/queries.py:232,NONE,INFERRED,mapped,-,-,-
Ride Booking & Matching,Ride history & detail,S-book-10,"As a rider/driver, I can view past ride history and detail",happy,GET /scheduled,backend/routes/rides/queries.py:304,NONE,INFERRED,mapped,-,-,-
Ride Booking & Matching,Ride history & detail,S-book-10,"As a rider/driver, I can view past ride history and detail",happy,GET /{ride_id},backend/routes/rides/queries.py:351,NONE,INFERRED,mapped,-,-,-
Ride Completion & Payments,Rating,S-pay-06,"As a rider/driver, I am prompted to rate after ride completion",happy,POST /{ride_id}/rate,backend/routes/rides/rating.py:43,backend/tests/test_p0_rating_and_payment.py,INFERRED,mapped,-,-,-
Ride Completion & Payments,Receipt generation,S-pay-05,"As a rider, I receive a receipt with GST/PST/booking fee/surge line items",happy,GET /{ride_id}/receipt,backend/routes/rides/receipts.py:42,backend/tests/test_offer_receipts.py,INFERRED,mapped,-,-,-
Ride Completion & Payments,Receipt generation,S-pay-05,"As a rider, I receive a receipt with GST/PST/booking fee/surge line items",happy,GET /{ride_id}/receipt.pdf,backend/routes/rides/receipts.py:202,backend/tests/test_offer_receipts.py,INFERRED,mapped,-,-,-
Ride Completion & Payments,Receipt generation,S-pay-05,"As a rider, I receive a receipt with GST/PST/booking fee/surge line items",happy,POST /{ride_id}/email-receipt,backend/routes/rides/receipts.py:274,backend/tests/test_offer_receipts.py,INFERRED,mapped,-,-,-
"Safety, Trust & Fraud",SOS / emergency,S-safety-01,"As a rider/driver, I can trigger SOS and it notifies contacts + safety team",happy,POST /{ride_id}/emergency,backend/routes/rides/safety.py:92,backend/tests/test_dispute_ledger_replay_safety.py,INFERRED,mapped,INFO-005;OBS-006;SAFETY-001;SAFETY-002;SAFETY-005,-,-
"Safety, Trust & Fraud",SOS / emergency,S-safety-01,"As a rider/driver, I can trigger SOS and it notifies contacts + safety team",happy,POST /{ride_id}/emergency/false-alarm,backend/routes/rides/safety.py:483,backend/tests/test_dispute_ledger_replay_safety.py,INFERRED,mapped,INFO-005;OBS-006;SAFETY-001;SAFETY-002;SAFETY-005,-,-
"Safety, Trust & Fraud",SOS / emergency,S-safety-01,"As a rider/driver, I can trigger SOS and it notifies contacts + safety team",happy,POST /emergency,backend/routes/rides/safety.py:589,backend/tests/test_dispute_ledger_replay_safety.py,INFERRED,mapped,INFO-005;OBS-006;SAFETY-001;SAFETY-002;SAFETY-005,-,-
"Safety, Trust & Fraud",SOS / emergency,S-safety-01,"As a rider/driver, I can trigger SOS and it notifies contacts + safety team",happy,POST /{ride_id}/safety-checkin,backend/routes/rides/safety.py:912,backend/tests/test_dispute_ledger_replay_safety.py,INFERRED,mapped,INFO-005;OBS-006;SAFETY-001;SAFETY-002;SAFETY-005,-,-
Ride Fulfillment,Trip sharing,S-fulfil-07,"As a rider, I can share my trip status with a contact",happy,GET /{ride_id}/share,backend/routes/rides/sharing.py:42,NONE,INFERRED,mapped,-,-,-
Ride Fulfillment,Trip sharing,S-fulfil-07,"As a rider, I can share my trip status with a contact",happy,POST /{ride_id}/share,backend/routes/rides/sharing.py:127,NONE,INFERRED,mapped,-,-,-
Ride Fulfillment,Trip sharing,S-fulfil-07,"As a rider, I can share my trip status with a contact",happy,GET /{ride_id}/shared-contacts,backend/routes/rides/sharing.py:218,NONE,INFERRED,mapped,-,-,-
Ride Fulfillment,Trip sharing,S-fulfil-07,"As a rider, I can share my trip status with a contact",happy,GET /track/{share_token},backend/routes/rides/sharing.py:229,NONE,INFERRED,mapped,-,-,-
Ride Fulfillment,Trip sharing,S-fulfil-07,"As a rider, I can share my trip status with a contact",happy,POST /{ride_id}/live-activity/register,backend/routes/rides/sharing.py:331,NONE,INFERRED,mapped,-,-,-
Ride Booking & Matching,Multi-stop routing,S-book-09,"As a rider, I can add multiple stops to a trip",happy,POST /{ride_id}/stops,backend/routes/rides/stops.py:72,NONE,INFERRED,mapped,-,-,-
Ride Booking & Matching,Multi-stop routing,S-book-09,"As a rider, I can add multiple stops to a trip",happy,DELETE /{ride_id}/stops/{stop_index},backend/routes/rides/stops.py:136,NONE,INFERRED,mapped,-,-,-
Ride Booking & Matching,Multi-stop routing,S-book-09,"As a rider, I can add multiple stops to a trip",happy,POST /{ride_id}/stops/{stop_index}/complete,backend/routes/rides/stops.py:196,NONE,INFERRED,mapped,-,-,-
Ride Booking & Matching,Multi-stop routing,S-book-09,"As a rider, I can add multiple stops to a trip",happy,PATCH /{ride_id}/notes,backend/routes/rides/stops.py:258,NONE,INFERRED,mapped,-,-,-
Ride Fulfillment,Real-time location (WS),S-fulfil-02,"As a rider/driver, I see live location updates during the ride via WebSocket",happy,GET /{ride_id}/live-route,backend/routes/rides/tracking.py:69,backend/tests/test_appcheck_public_tracking_exempt.py,INFERRED,mapped,-,-,-
Ride Fulfillment,Real-time location (WS),S-fulfil-02,"As a rider/driver, I see live location updates during the ride via WebSocket",happy,GET /{ride_id}/navigation-steps,backend/routes/rides/tracking.py:206,backend/tests/test_appcheck_public_tracking_exempt.py,INFERRED,mapped,-,-,-
Platform Foundation & Schema,Unmapped service module,ORPHAN,-,happy,admin_export_approvals.py,backend/services/admin_export_approvals.py,backend/tests/test_admin_export_approvals.py,INFERRED,orphan,-,-,-
Legacy Import & Data Migration,Booking/wallet/address import,S-legacy-05,"As ops, legacy bookings/wallets/addresses are imported",happy,booking_import_service.py,backend/services/booking_import_service.py,backend/tests/test_booking_import_service.py,INFERRED,mapped,-,-,-
Platform Foundation & Schema,Unmapped service module,ORPHAN,-,happy,cancellation_service.py,backend/services/cancellation_service.py,backend/tests/test_cancellation_service_driver_push.py,INFERRED,orphan,-,-,-
Corporate / B2B Billing,Per-ride corporate charge,S-corp-04,"As a corporate rider, my ride is charged to my company account",happy,company_booking_service.py,backend/services/company_booking_service.py,backend/tests/test_company_guest_booking.py,INFERRED,mapped,-,-,-
Corporate / B2B Billing,Allowance cap & ledger,S-corp-03,"As a corporate admin, member allowances are capped and tracked atomically",happy,corporate_allowance_service.py,backend/services/corporate_allowance_service.py,backend/tests/services/test_corporate_allowance_service.py,INFERRED,mapped,-,-,-
Corporate / B2B Billing,Membership lifecycle,S-corp-05,"As a corporate admin, I manage member add/remove/suspend",happy,corporate_member_offboarding_service.py,backend/services/corporate_member_offboarding_service.py,backend/tests/test_corporate_member_offboarding_service_coverage.py,INFERRED,mapped,-,-,-
Corporate / B2B Billing,Membership lifecycle,S-corp-05,"As a corporate admin, I manage member add/remove/suspend",happy,corporate_membership_service.py,backend/services/corporate_membership_service.py,backend/tests/services/test_corporate_membership_service.py,INFERRED,mapped,-,-,-
Corporate / B2B Billing,Unmapped service module,ORPHAN,-,happy,corporate_policy_service.py,backend/services/corporate_policy_service.py,backend/tests/services/test_corporate_policy_service.py,INFERRED,orphan,-,-,-
Corporate / B2B Billing,Unmapped service module,ORPHAN,-,happy,corporate_stripe_identity.py,backend/services/corporate_stripe_identity.py,backend/tests/test_corporate_stripe_customer.py,INFERRED,orphan,-,-,-
Corporate / B2B Billing,Invoicing/subscriptions,S-corp-06,"As a corporate admin, my company is billed via a subscription plan",happy,corporate_subscription_service.py,backend/services/corporate_subscription_service.py,backend/tests/test_corporate_subscription_service.py,INFERRED,mapped,-,-,-
Corporate / B2B Billing,Membership lifecycle,S-corp-05,"As a corporate admin, I manage member add/remove/suspend",happy,corporate_suspension_service.py,backend/services/corporate_suspension_service.py,backend/tests/test_corporate_suspension_service_coverage.py,INFERRED,mapped,-,-,-
Corporate / B2B Billing,Allowance cap & ledger,S-corp-03,"As a corporate admin, member allowances are capped and tracked atomically",happy,corporate_wallet_service.py,backend/services/corporate_wallet_service.py,backend/tests/services/test_corporate_wallet_service.py,INFERRED,mapped,-,-,-
Corporate / B2B Billing,Allowance cap & ledger,S-corp-03,"As a corporate admin, member allowances are capped and tracked atomically",happy,corporate_wallet_winddown_service.py,backend/services/corporate_wallet_winddown_service.py,backend/tests/test_corporate_wallet_winddown_service.py,INFERRED,mapped,-,-,-
Maps & Routing,H3 heatmapping,S-maps-04,"As an admin, I view demand heatmaps by H3 cell",happy,demand_tiles.py,backend/services/demand_tiles.py,backend/tests/test_demand_tiles.py,INFERRED,mapped,-,-,-
Ride Booking & Matching,Offer matching,S-book-03,"As a driver, I receive ride offers matched to my location/vehicle/WAV status",happy,dispatch_candidates.py,backend/services/dispatch_candidates.py,backend/tests/test_dispatch_candidates.py,INFERRED,mapped,DISPATCH-002,-,-
Ride Booking & Matching,Offer matching,S-book-03,"As a driver, I receive ride offers matched to my location/vehicle/WAV status",happy,dispatch_service.py,backend/services/dispatch_service.py,backend/tests/services/test_dispatch_service.py,INFERRED,mapped,DISPATCH-001;INFO-005;OBS-006,-,-
Platform Foundation & Schema,Unmapped service module,ORPHAN,-,happy,dormant_driver_sin_purge_service.py,backend/services/dormant_driver_sin_purge_service.py,backend/tests/test_dormant_driver_sin_purge_service.py,INFERRED,orphan,OBS-003,-,-
"Safety, Trust & Fraud",Dispute/appeal handling,S-safety-06,"As a driver, I can appeal an admin decision",happy,driver_appeals.py,backend/services/driver_appeals.py,backend/tests/test_admin_driver_appeals.py,INFERRED,mapped,-,-,-
Ride Fulfillment,Unmapped service module,ORPHAN,-,happy,driver_availability_service.py,backend/services/driver_availability_service.py,backend/tests/test_dormant_driver_sin_purge_service.py,INFERRED,orphan,-,-,-
"Safety, Trust & Fraud",License/ID/background checks,S-safety-03,"As a driver, my license and CRC/VSC are verified before I can drive",happy,driver_crc_consent.py,backend/services/driver_crc_consent.py,backend/tests/test_driver_crc_consent.py,INFERRED,mapped,-,-,-
Platform Foundation & Schema,Unmapped service module,ORPHAN,-,happy,driver_dormancy_service.py,backend/services/driver_dormancy_service.py,backend/tests/test_driver_dormancy_service.py,INFERRED,orphan,-,-,-
Legacy Import & Data Migration,Driver import,S-legacy-01,"As ops, legacy drivers are imported/backfilled",happy,driver_import_service.py,backend/services/driver_import_service.py,backend/tests/test_driver_import_service_coverage.py,INFERRED,mapped,OBS-003;OBS-006,-,-
Ride Booking & Matching,Offer matching,S-book-03,"As a driver, I receive ride offers matched to my location/vehicle/WAV status",happy,driver_offer_service.py,backend/services/driver_offer_service.py,backend/tests/test_driver_offer_service.py,INFERRED,mapped,DISPATCH-001;DISPATCH-002,-,-
Ride Fulfillment,Unmapped service module,ORPHAN,-,happy,driver_session_end_service.py,backend/services/driver_session_end_service.py,backend/tests/test_admin_service_areas_coverage.py,INFERRED,orphan,-,-,-
Ride Completion & Payments,Fare finalization,S-pay-01,"As a rider, my fare is finalized correctly at trip end",happy,fare_service.py,backend/services/fare_service.py,backend/tests/services/test_fare_service.py,INFERRED,mapped,MONEY-004,-,-
Corporate / B2B Billing,Unmapped service module,ORPHAN,-,happy,guest_notification_service.py,backend/services/guest_notification_service.py,backend/tests/test_guest_notification_service_coverage.py,INFERRED,orphan,-,-,-
Corporate / B2B Billing,Unmapped service module,ORPHAN,-,happy,guest_user_service.py,backend/services/guest_user_service.py,backend/tests/test_guest_notification_service_coverage.py,INFERRED,orphan,-,-,-
Maps & Routing,H3 heatmapping,S-maps-04,"As an admin, I view demand heatmaps by H3 cell",happy,h3_heatmap.py,backend/services/h3_heatmap.py,backend/tests/test_h3_heatmap.py,INFERRED,mapped,-,-,-
Promotions & Loyalty,Driver quests/bonuses,S-promo-02,"As a driver, I complete quests for bonus incentives",happy,incentive_service.py,backend/services/incentive_service.py,backend/tests/test_incentive_service.py,INFERRED,mapped,-,-,-
"Safety, Trust & Fraud",Insurance period tracking,S-safety-02,"As a system, every driver moment maps to an insurance period, logged append-only",happy,insurance_period_gps_correction.py,backend/services/insurance_period_gps_correction.py,backend/tests/test_insurance_period_gps_correction.py,INFERRED,mapped,-,-,-
"Safety, Trust & Fraud",Insurance period tracking,S-safety-02,"As a system, every driver moment maps to an insurance period, logged append-only",happy,insurance_period_reconstruction_verification.py,backend/services/insurance_period_reconstruction_verification.py,backend/tests/test_insurance_period_reconstruction_verification.py,INFERRED,mapped,-,-,-
Ride Completion & Payments,Reconciliation,S-pay-07,"As finance, payments/ledger reconcile against Stripe daily",happy,ledger_service.py,backend/services/ledger_service.py,backend/tests/test_ledger_service.py,INFERRED,mapped,RECURRENCE-001;RECURRENCE-003;RECURRENCE-004,-,-
Legacy Import & Data Migration,Earnings/payout backfill,S-legacy-03,"As ops, legacy earnings/payouts are backfilled and reconciled",happy,legacy_gst_backfill_service.py,backend/services/legacy_gst_backfill_service.py,backend/tests/test_legacy_gst_backfill_service.py,INFERRED,mapped,-,-,-
Legacy Import & Data Migration,Data-quality / crosswalk,S-legacy-04,"As ops, legacy record IDs are crosswalked and data-quality checked",happy,legacy_id_crosswalk_service.py,backend/services/legacy_id_crosswalk_service.py,backend/tests/test_legacy_id_crosswalk_service.py,INFERRED,mapped,-,-,-
Legacy Import & Data Migration,Earnings/payout backfill,S-legacy-03,"As ops, legacy earnings/payouts are backfilled and reconciled",happy,legacy_payout_correction_service.py,backend/services/legacy_payout_correction_service.py,backend/tests/test_legacy_payout_correction_service.py,INFERRED,mapped,-,-,-
Legacy Import & Data Migration,Earnings/payout backfill,S-legacy-03,"As ops, legacy earnings/payouts are backfilled and reconciled",happy,legacy_tax_amount_backfill_service.py,backend/services/legacy_tax_amount_backfill_service.py,backend/tests/test_legacy_tax_amount_backfill_service.py,INFERRED,mapped,-,-,-
Platform Foundation & Schema,Unmapped service module,ORPHAN,-,happy,lms_service.py,backend/services/lms_service.py,NONE,INFERRED,orphan,-,-,-
Promotions & Loyalty,Marketing/subscriptions,S-promo-05,"As a rider/driver, I subscribe to a paid plan (Spinr Pass)",happy,marketing_consent.py,backend/services/marketing_consent.py,backend/tests/test_marketing_consent.py,INFERRED,mapped,-,-,-
Platform Foundation & Schema,Unmapped service module,ORPHAN,-,happy,meta_conversions_service.py,backend/services/meta_conversions_service.py,backend/tests/test_meta_conversions.py,INFERRED,orphan,-,-,-
Legacy Import & Data Migration,Data-quality / crosswalk,S-legacy-04,"As ops, legacy record IDs are crosswalked and data-quality checked",happy,migration_data_quality_service.py,backend/services/migration_data_quality_service.py,backend/tests/test_migration_data_quality_service.py,INFERRED,mapped,-,-,-
Legacy Import & Data Migration,Data-quality / crosswalk,S-legacy-04,"As ops, legacy record IDs are crosswalked and data-quality checked",happy,migration_driver_repair_service.py,backend/services/migration_driver_repair_service.py,backend/tests/test_migration_driver_repair_service.py,INFERRED,mapped,-,-,-
Legacy Import & Data Migration,Data-quality / crosswalk,S-legacy-04,"As ops, legacy record IDs are crosswalked and data-quality checked",happy,migration_status_service.py,backend/services/migration_status_service.py,backend/tests/test_migration_status_service.py,INFERRED,mapped,-,-,-
Ride Completion & Payments,Unmapped service module,ORPHAN,-,happy,outbox.py,backend/services/outbox.py,backend/tests/rls/test_transactional_outbox.py,INFERRED,orphan,-,-,-
Ride Completion & Payments,Receipt generation,S-pay-05,"As a rider, I receive a receipt with GST/PST/booking fee/surge line items",happy,outbox_receipts.py,backend/services/outbox_receipts.py,backend/tests/test_outbox_receipts.py,INFERRED,mapped,-,-,-
Ride Completion & Payments,Unmapped service module,ORPHAN,-,happy,payment_service.py,backend/services/payment_service.py,NONE,INFERRED,orphan,INFO-005;OBS-001;OBS-005;OBS-006;SAFETY-005,-,-
Platform Foundation & Schema,Unmapped service module,ORPHAN,-,happy,pre_launch_flag_service.py,backend/services/pre_launch_flag_service.py,backend/tests/test_pre_launch_flag_service.py,INFERRED,orphan,-,-,-
Legacy Import & Data Migration,Rider import,S-legacy-02,"As ops, legacy riders are imported/backfilled",happy,rider_import_service.py,backend/services/rider_import_service.py,backend/tests/test_saved_address_import_service.py,INFERRED,mapped,-,-,-
Legacy Import & Data Migration,Booking/wallet/address import,S-legacy-05,"As ops, legacy bookings/wallets/addresses are imported",happy,saved_address_import_service.py,backend/services/saved_address_import_service.py,backend/tests/test_saved_address_import_service.py,INFERRED,mapped,-,-,-
"Safety, Trust & Fraud",SOS / emergency,S-safety-01,"As a rider/driver, I can trigger SOS and it notifies contacts + safety team",happy,sos_contact_consent.py,backend/services/sos_contact_consent.py,backend/tests/test_sos_contact_consent.py,INFERRED,mapped,-,-,-
Driver Earnings & Payouts,Period statements,S-earn-02,"As a driver, I receive periodic earnings statements",happy,statement_totals_backfill.py,backend/services/statement_totals_backfill.py,backend/tests/test_backfill_statement_totals.py,INFERRED,mapped,-,-,-
Integrations & Webhooks,Stripe Connect/payout sync,S-integ-03,"As finance, Stripe Connect payouts are synced/ledgered",happy,stripe_connect_ledger_service.py,backend/services/stripe_connect_ledger_service.py,backend/tests/test_stripe_connect_ledger_service.py,INFERRED,mapped,-,-,-
Platform Foundation & Schema,Unmapped service module,ORPHAN,-,happy,stripe_customer_email_backfill.py,backend/services/stripe_customer_email_backfill.py,backend/tests/test_stripe_customer_email_backfill.py,INFERRED,orphan,-,-,-
Integrations & Webhooks,Stripe KYC/Identity,S-integ-04,"As a driver/corporate admin, identity is verified via Stripe Identity",happy,stripe_kyc_sync.py,backend/services/stripe_kyc_sync.py,backend/tests/test_stripe_kyc_sync.py,INFERRED,mapped,-,-,-
Legacy Import & Data Migration,Unmapped service module,ORPHAN,-,happy,stripe_mapping_import_service.py,backend/services/stripe_mapping_import_service.py,backend/tests/test_stripe_mapping_import_service.py,INFERRED,orphan,-,-,-
Integrations & Webhooks,Stripe Connect/payout sync,S-integ-03,"As finance, Stripe Connect payouts are synced/ledgered",happy,stripe_payout_sync_service.py,backend/services/stripe_payout_sync_service.py,backend/tests/test_stripe_payout_sync_service.py,INFERRED,mapped,-,-,-
Platform Foundation & Schema,Unmapped service module,ORPHAN,-,happy,test_account_cleanup_service.py,backend/services/test_account_cleanup_service.py,backend/tests/test_test_account_cleanup_service.py,INFERRED,orphan,-,-,-
Legacy Import & Data Migration,Booking/wallet/address import,S-legacy-05,"As ops, legacy bookings/wallets/addresses are imported",happy,wallet_import_service.py,backend/services/wallet_import_service.py,backend/tests/test_wallet_import_service.py,INFERRED,mapped,-,-,-
Integrations & Webhooks,Zoho Desk sync,S-integ-02,"As support, tickets sync to/from Zoho Desk",happy,zoho_desk_db.py,backend/services/zoho_desk_db.py,backend/tests/test_zoho_desk_db_coverage.py,INFERRED,mapped,-,-,-
Integrations & Webhooks,Zoho Desk sync,S-integ-02,"As support, tickets sync to/from Zoho Desk",happy,zoho_desk_integration.py,backend/services/zoho_desk_integration.py,backend/tests/test_zoho_desk_integration_coverage.py,INFERRED,mapped,OBS-004,-,-
Integrations & Webhooks,Zoho Desk sync,S-integ-02,"As support, tickets sync to/from Zoho Desk",happy,zoho_desk_service.py,backend/services/zoho_desk_service.py,backend/tests/test_zoho_desk_service_coverage.py,INFERRED,mapped,-,-,-
Integrations & Webhooks,Zoho Desk sync,S-integ-02,"As support, tickets sync to/from Zoho Desk",happy,zoho_ticket_service_area.py,backend/services/zoho_ticket_service_area.py,backend/tests/test_zoho_ticket_service_area.py,INFERRED,mapped,OBS-006,-,-
Promotions & Loyalty,Marketing/subscriptions,S-promo-05,"As a rider/driver, I subscribe to a paid plan (Spinr Pass)",happy,subscription_expiry (6h),backend/core/background_loop_registry.py (role=deferred); impl in backend/core/lifespan.py,NONE,VERIFIED,mapped,DISPATCH-004;MONEY-005,-,-
Ride Booking & Matching,Surge pricing,S-book-05,"As a rider, surge is shown before booking and capped at 2.5x, never retroactive",happy,surge_engine (2min),backend/core/background_loop_registry.py (role=deferred); impl in backend/core/lifespan.py,backend/tests/test_surge_engine.py,VERIFIED,mapped,DISPATCH-004;MONEY-005,-,-
Ride Booking & Matching,Offer matching,S-book-03,"As a driver, I receive ride offers matched to my location/vehicle/WAV status",happy,scheduled_dispatcher (60s),backend/core/background_loop_registry.py (role=api); impl in backend/core/lifespan.py,NONE,VERIFIED,mapped,DISPATCH-004;MONEY-005,-,-
Ride Completion & Payments,Refunds/disputes on fares,S-pay-08,"As a rider, a disputed/failed charge is retried or refunded",happy,payment_retry (5min),backend/core/background_loop_registry.py (role=deferred); impl in backend/core/lifespan.py,backend/tests/test_payment_retry_coverage.py,VERIFIED,mapped,DISPATCH-004;MONEY-005,-,-
Ride Completion & Payments,Stripe charge/capture,S-pay-03,"As a rider, my card is charged/captured via Stripe with idempotency",happy,preauth_capture (5min),backend/core/background_loop_registry.py (role=deferred); impl in backend/core/lifespan.py,backend/tests/test_preauth_capture.py,VERIFIED,mapped,DISPATCH-004;MONEY-005,-,-
Driver Earnings & Payouts,Per-driver payouts,S-earn-04,"As a driver, my earnings are paid out to my bank account",happy,referral_payout (5min),backend/core/background_loop_registry.py (role=deferred); impl in backend/core/lifespan.py,backend/tests/test_referral_payout_deadline.py,VERIFIED,mapped,DISPATCH-004;MONEY-005,-,-
Observability & Monitoring,Background loop (unmapped),ORPHAN,-,happy,driver_claim_reaper (60s),backend/core/background_loop_registry.py (role=api); impl in backend/core/lifespan.py,backend/tests/test_driver_claim_reaper.py,VERIFIED,orphan,DISPATCH-004;MONEY-005,-,-
Observability & Monitoring,Background loop (unmapped),ORPHAN,-,happy,document_expiry (12h),backend/core/background_loop_registry.py (role=deferred); impl in backend/core/lifespan.py,backend/tests/test_accept_ride_document_expiry.py,VERIFIED,orphan,DISPATCH-004;MONEY-005,-,-
Observability & Monitoring,Background loop (unmapped),ORPHAN,-,happy,driver_onboarding_reminders (15min),backend/core/background_loop_registry.py (role=worker_wave1); impl in backend/core/lifespan.py,backend/tests/test_driver_onboarding_reminders.py,VERIFIED,orphan,DISPATCH-004;MONEY-005,-,-
Observability & Monitoring,Background loop (unmapped),ORPHAN,-,happy,corporate_autotopup (10min),backend/core/background_loop_registry.py (role=deferred); impl in backend/core/lifespan.py,backend/tests/test_corporate_autotopup_mode_drift.py,VERIFIED,orphan,DISPATCH-004;MONEY-005,-,-
Observability & Monitoring,Background loop (unmapped),ORPHAN,-,happy,corporate_low_balance (1h),backend/core/background_loop_registry.py (role=deferred); impl in backend/core/lifespan.py,backend/tests/test_corporate_low_balance.py,VERIFIED,orphan,DISPATCH-004;MONEY-005,-,-
Corporate / B2B Billing,Allowance cap & ledger,S-corp-03,"As a corporate admin, member allowances are capped and tracked atomically",happy,allowance_reset (1h),backend/core/background_loop_registry.py (role=deferred); impl in backend/core/lifespan.py,backend/tests/test_allowance_reset_coverage.py,VERIFIED,mapped,DISPATCH-004;MONEY-005,-,-
Corporate / B2B Billing,KYB verification,S-corp-02,"As a corporate admin, my company completes KYB verification",happy,kyb_reverification (24h),backend/core/background_loop_registry.py (role=deferred); impl in backend/core/lifespan.py,backend/tests/test_kyb_reverification.py,VERIFIED,mapped,DISPATCH-004;MONEY-005,-,-
Maps & Routing,Distance/ETA,S-maps-02,"As a system, distance/ETA is computed via road route with haversine fallback",happy,route_finalizer (15s),backend/core/background_loop_registry.py (role=deferred); impl in backend/core/lifespan.py,backend/tests/test_route_finalizer_recompute.py,VERIFIED,mapped,DISPATCH-004;MONEY-005,-,-
Maps & Routing,Distance/ETA,S-maps-02,"As a system, distance/ETA is computed via road route with haversine fallback",happy,route_gap_monitor (15s),backend/core/background_loop_registry.py (role=deferred); impl in backend/core/lifespan.py,backend/tests/test_route_gap_monitor.py,VERIFIED,mapped,DISPATCH-004;MONEY-005,-,-
Ride Fulfillment,Route deviation / GPS integrity,S-fulfil-11,"As a system, GPS spoofing/route deviation is detected and flagged",happy,route_deviation_alerter (30s),backend/core/background_loop_registry.py (role=api); impl in backend/core/lifespan.py,backend/tests/test_route_deviation_alerter.py,VERIFIED,mapped,DISPATCH-004;MONEY-005,-,-
Ride Completion & Payments,Reconciliation,S-pay-07,"As finance, payments/ledger reconcile against Stripe daily",happy,stale_intent_reconciler (15min),backend/core/background_loop_registry.py (role=api); impl in backend/core/lifespan.py,backend/tests/test_stale_intent_reconciler.py,VERIFIED,mapped,DISPATCH-004;MONEY-005,-,-
"Safety, Trust & Fraud",SOS / emergency,S-safety-01,"As a rider/driver, I can trigger SOS and it notifies contacts + safety team",happy,safety_checkin (30s),backend/core/background_loop_registry.py (role=api); impl in backend/core/lifespan.py,backend/tests/test_safety_checkin_loop.py,VERIFIED,mapped,DISPATCH-004;MONEY-005,-,-
Observability & Monitoring,Background loop (unmapped),ORPHAN,-,happy,retention_purge (24h),backend/core/background_loop_registry.py (role=deferred); impl in backend/core/lifespan.py,backend/tests/test_retention_purge_coverage.py,VERIFIED,orphan,DISPATCH-004;MONEY-005,-,-
Observability & Monitoring,Background loop (unmapped),ORPHAN,-,happy,data_export_purge (1h),backend/core/background_loop_registry.py (role=deferred); impl in backend/core/lifespan.py,backend/tests/test_data_export_purge_coverage.py,VERIFIED,orphan,DISPATCH-004;MONEY-005,-,-
Ride Completion & Payments,Reconciliation,S-pay-07,"As finance, payments/ledger reconcile against Stripe daily",happy,reconciliation (daily 02:00 UTC),backend/core/background_loop_registry.py (role=deferred); impl in backend/core/lifespan.py,backend/tests/test_reconciliation.py,VERIFIED,mapped,DISPATCH-004;MONEY-005,-,-
Ride Completion & Payments,Reconciliation,S-pay-07,"As finance, payments/ledger reconcile against Stripe daily",happy,stripe_reconcile (24h),backend/core/background_loop_registry.py (role=deferred); impl in backend/core/lifespan.py,backend/tests/test_stripe_reconcile_orphan_hold_and_cc.py,VERIFIED,mapped,DISPATCH-004;MONEY-005,-,-
Ride Completion & Payments,Refunds/disputes on fares,S-pay-08,"As a rider, a disputed/failed charge is retried or refunded",happy,dispute_evidence_reminder (6h),backend/core/background_loop_registry.py (role=deferred); impl in backend/core/lifespan.py,backend/tests/test_dispute_evidence_reminder.py,VERIFIED,mapped,DISPATCH-004;MONEY-005,-,-
Ride Completion & Payments,Reconciliation,S-pay-07,"As finance, payments/ledger reconcile against Stripe daily",happy,ledger_projection (15min),backend/core/background_loop_registry.py (role=deferred); impl in backend/core/lifespan.py,backend/tests/test_ledger_projection.py,VERIFIED,mapped,DISPATCH-004;MONEY-005,-,-
Ride Completion & Payments,Reconciliation,S-pay-07,"As finance, payments/ledger reconcile against Stripe daily",happy,distance_reconciliation (daily 04:00 UTC),backend/core/background_loop_registry.py (role=deferred); impl in backend/core/lifespan.py,backend/tests/test_distance_reconciliation_coverage.py,VERIFIED,mapped,DISPATCH-004;MONEY-005,-,-
Maps & Routing,Distance/ETA,S-maps-02,"As a system, distance/ETA is computed via road route with haversine fallback",happy,period1_distance_finalizer (5min),backend/core/background_loop_registry.py (role=api); impl in backend/core/lifespan.py,backend/tests/test_period1_distance_finalizer.py,VERIFIED,mapped,DISPATCH-004;MONEY-005,-,-
Observability & Monitoring,Background loop (unmapped),ORPHAN,-,happy,driver_daily_rollup (30min),backend/core/background_loop_registry.py (role=deferred); impl in backend/core/lifespan.py,backend/tests/test_driver_daily_rollup.py,VERIFIED,orphan,DISPATCH-004;MONEY-005,-,-
Observability & Monitoring,Background loop (unmapped),ORPHAN,-,happy,stale_p3_closer (15min),backend/core/background_loop_registry.py (role=api); impl in backend/core/lifespan.py,backend/tests/test_stale_p3_closer.py,VERIFIED,orphan,DISPATCH-004;MONEY-005,-,-
Ride Completion & Payments,Reconciliation,S-pay-07,"As finance, payments/ledger reconcile against Stripe daily",happy,insurance_period_reconciler (10min),backend/core/background_loop_registry.py (role=api); impl in backend/core/lifespan.py,backend/tests/test_insurance_period_reconciler.py,VERIFIED,mapped,DISPATCH-004;MONEY-005,-,-
Ride Completion & Payments,Reconciliation,S-pay-07,"As finance, payments/ledger reconcile against Stripe daily",happy,h3_index_reconciler (2min),backend/core/background_loop_registry.py (role=deferred); impl in backend/core/lifespan.py,backend/tests/test_h3_index_reconciler.py,VERIFIED,mapped,DISPATCH-004;MONEY-005,-,-
Driver Earnings & Payouts,T4A/tax generation,S-earn-03,"As a driver, I receive a T4A-compatible annual earnings summary",happy,t4a_annual_job (yearly Feb 28),backend/core/background_loop_registry.py (role=deferred); impl in backend/core/lifespan.py,backend/tests/test_t4a_annual_job.py,VERIFIED,mapped,DISPATCH-004;MONEY-005,-,-
Driver Earnings & Payouts,Period statements,S-earn-02,"As a driver, I receive periodic earnings statements",happy,driver_statements (30min),backend/core/background_loop_registry.py (role=deferred); impl in backend/core/lifespan.py,backend/tests/test_admin_driver_statements.py,VERIFIED,mapped,DISPATCH-004;MONEY-005,-,-
Observability & Monitoring,Background loop (unmapped),ORPHAN,-,happy,stuck_ride_sweeper (60s),backend/core/background_loop_registry.py (role=api); impl in backend/core/lifespan.py,backend/tests/test_stuck_ride_sweeper_coverage.py,VERIFIED,orphan,DISPATCH-004;MONEY-005,-,-
Observability & Monitoring,Background loop (unmapped),ORPHAN,-,happy,stale_in_progress_ride_alerter (5min),backend/core/background_loop_registry.py (role=api); impl in backend/core/lifespan.py,backend/tests/test_stale_in_progress_ride_alerter.py,VERIFIED,orphan,DISPATCH-004;MONEY-005,-,-
Observability & Monitoring,Background loop (unmapped),ORPHAN,-,happy,retention_guard_monitor (6h),backend/core/background_loop_registry.py (role=api); impl in backend/core/lifespan.py,backend/tests/test_retention_guard_monitor.py,VERIFIED,orphan,DISPATCH-004;MONEY-005,-,-
Ride Completion & Payments,Reconciliation,S-pay-07,"As finance, payments/ledger reconcile against Stripe daily",happy,orphaned_hold_reconciler (15m),backend/core/background_loop_registry.py (role=deferred); impl in backend/core/lifespan.py,backend/tests/test_orphaned_hold_reconciler_loop_coverage.py,VERIFIED,mapped,DISPATCH-004;MONEY-005,-,-
Ride Booking & Matching,Offer matching,S-book-03,"As a driver, I receive ride offers matched to my location/vehicle/WAV status",happy,offer_expiry_reaper (10s),backend/core/background_loop_registry.py (role=api); impl in backend/core/lifespan.py,backend/tests/test_offer_expiry_reaper.py,VERIFIED,mapped,DISPATCH-004;MONEY-005,-,-
Ride Completion & Payments,Reconciliation,S-pay-07,"As finance, payments/ledger reconcile against Stripe daily",happy,driver_readiness_reconciler (20s),backend/core/background_loop_registry.py (role=api); impl in backend/core/lifespan.py,backend/tests/test_driver_readiness_reconciler.py,VERIFIED,mapped,DISPATCH-004;MONEY-005,-,-
Observability & Monitoring,Background loop (unmapped),ORPHAN,-,happy,suspension_reactivation (10min),backend/core/background_loop_registry.py (role=deferred); impl in backend/core/lifespan.py,backend/tests/test_suspension_reactivation.py,VERIFIED,orphan,DISPATCH-004;MONEY-005,-,-
Notifications & Messaging,FCM push offers,S-notif-01,"As a driver, I receive a push notification for a ride offer",happy,push_retry (30s),backend/core/background_loop_registry.py (role=worker_wave1); impl in backend/core/lifespan.py,backend/tests/test_c_push_retry_atomic.py,VERIFIED,mapped,DISPATCH-004;MONEY-005,-,-
Integrations & Webhooks,Zoho Desk sync,S-integ-02,"As support, tickets sync to/from Zoho Desk",happy,zoho_desk_sync (10min),backend/core/background_loop_registry.py (role=worker_wave1); impl in backend/core/lifespan.py,backend/tests/test_zoho_desk_sync_coverage.py,VERIFIED,mapped,DISPATCH-004;MONEY-005,-,-
Observability & Monitoring,Background loop (unmapped),ORPHAN,-,happy,support_sla_breach_sweep (5min),backend/core/background_loop_registry.py (role=deferred); impl in backend/core/lifespan.py,backend/tests/test_support_sla.py,VERIFIED,orphan,DISPATCH-004;MONEY-005,-,-
Observability & Monitoring,Loop watchdog,S-obs-03,"As an engineer, background loops are monitored for liveness",happy,capacity_watchdog (60s),backend/core/background_loop_registry.py (role=api); impl in backend/core/lifespan.py,backend/tests/test_capacity_watchdog.py,VERIFIED,mapped,DISPATCH-004;MONEY-005,-,-
Driver Earnings & Payouts,Per-driver payouts,S-earn-04,"As a driver, my earnings are paid out to my bank account",happy,"auto_payout (1h, Sundays)",backend/core/background_loop_registry.py (role=deferred); impl in backend/core/lifespan.py,backend/tests/test_auto_payout.py,VERIFIED,mapped,DISPATCH-004;MONEY-005,-,-
Observability & Monitoring,Loop watchdog,S-obs-03,"As an engineer, background loops are monitored for liveness",happy,loop_watchdog (5min),backend/core/background_loop_registry.py (role=api); impl in backend/core/lifespan.py,NONE,VERIFIED,mapped,DISPATCH-004;MONEY-005,-,-
Platform Foundation & Schema,Core schema/infra,S-plat-01,"As the platform, core tables/infra exist to support all domains",happy,00_schema_migrations_table.sql,backend/migrations/00_schema_migrations_table.sql,NONE,INFERRED,mapped,-,-,-
Ride Fulfillment,Schema change (unmapped to a story),ORPHAN,-,happy,01_add_driver_user_id.sql,backend/migrations/01_add_driver_user_id.sql,NONE,INFERRED,orphan,-,-,-
Ride Fulfillment,Schema change (unmapped to a story),ORPHAN,-,happy,02_dynamic_documents.sql,backend/migrations/02_dynamic_documents.sql,NONE,INFERRED,orphan,-,-,-
Corporate / B2B Billing,Schema change (unmapped to a story),ORPHAN,-,happy,03_corporate_accounts_heatmap.sql,backend/migrations/03_corporate_accounts_heatmap.sql,NONE,INFERRED,orphan,-,-,-
Ride Completion & Payments,Schema change (unmapped to a story),ORPHAN,-,happy,04_stripe_payments.sql,backend/migrations/04_stripe_payments.sql,NONE,INFERRED,orphan,-,-,-
Corporate / B2B Billing,Schema change (unmapped to a story),ORPHAN,-,happy,05_corporate_accounts.sql,backend/migrations/05_corporate_accounts.sql,NONE,INFERRED,orphan,-,-,-
Platform Foundation & Schema,Schema change (unmapped to a story),ORPHAN,-,happy,06_cloud_messaging.sql,backend/migrations/06_cloud_messaging.sql,NONE,INFERRED,orphan,-,-,-
Promotions & Loyalty,Coupon/promo codes,S-promo-01,"As a rider, I can apply a promo code to a ride",happy,07_promotions_extra_columns.sql,backend/migrations/07_promotions_extra_columns.sql,NONE,INFERRED,mapped,-,-,-
Platform Foundation & Schema,Core schema/infra,S-plat-01,"As the platform, core tables/infra exist to support all domains",happy,08_complete_schema.sql,backend/migrations/08_complete_schema.sql,NONE,INFERRED,mapped,-,-,-
Maps & Routing,Service-area geometry,S-maps-03,"As an admin, I define service-area boundaries",happy,08_service_area_subregions.sql,backend/migrations/08_service_area_subregions.sql,NONE,INFERRED,mapped,-,-,-
Promotions & Loyalty,Marketing/subscriptions,S-promo-05,"As a rider/driver, I subscribe to a paid plan (Spinr Pass)",happy,09_subscription_plans.sql,backend/migrations/09_subscription_plans.sql,NONE,INFERRED,mapped,-,-,-
Ride Booking & Matching,Offer matching,S-book-03,"As a driver, I receive ride offers matched to my location/vehicle/WAV status",happy,100_batch_dispatch.sql,backend/migrations/100_batch_dispatch.sql,NONE,INFERRED,mapped,-,-,-
Ride Fulfillment,Schema change (unmapped to a story),ORPHAN,-,happy,100_rides_planned_route_polyline.sql,backend/migrations/100_rides_planned_route_polyline.sql,NONE,INFERRED,orphan,-,-,-
Notifications & Messaging,FCM push offers,S-notif-01,"As a driver, I receive a push notification for a ride offer",happy,100_users_add_fcm_token.sql,backend/migrations/100_users_add_fcm_token.sql,NONE,INFERRED,mapped,-,-,-
Ride Fulfillment,Schema change (unmapped to a story),ORPHAN,-,happy,101_users_add_is_rider.sql,backend/migrations/101_users_add_is_rider.sql,NONE,INFERRED,orphan,-,-,-
Ride Fulfillment,Schema change (unmapped to a story),ORPHAN,-,happy,102_approve_rider_profile_images.sql,backend/migrations/102_approve_rider_profile_images.sql,NONE,INFERRED,orphan,-,-,-
Notifications & Messaging,Schema change (unmapped to a story),ORPHAN,-,happy,102_push_tokens_client_type.sql,backend/migrations/102_push_tokens_client_type.sql,NONE,INFERRED,orphan,-,-,-
Promotions & Loyalty,Driver quests/bonuses,S-promo-02,"As a driver, I complete quests for bonus incentives",happy,103_backfill_incentive_claims.sql,backend/migrations/103_backfill_incentive_claims.sql,NONE,INFERRED,mapped,-,-,-
Driver Earnings & Payouts,Earnings calculation,S-earn-01,"As a driver, I see accurate per-trip and period earnings (100% of fare)",happy,104_rides_driver_earnings_snapshot.sql,backend/migrations/104_rides_driver_earnings_snapshot.sql,NONE,INFERRED,mapped,-,-,-
Maps & Routing,Service-area geometry,S-maps-03,"As an admin, I define service-area boundaries",happy,105_service_areas_timezone.sql,backend/migrations/105_service_areas_timezone.sql,NONE,INFERRED,mapped,-,-,-
Ride Booking & Matching,Surge pricing,S-book-05,"As a rider, surge is shown before booking and capped at 2.5x, never retroactive",happy,106_backfill_surge_enabled.sql,backend/migrations/106_backfill_surge_enabled.sql,NONE,INFERRED,mapped,-,-,-
Ride Booking & Matching,Offer matching,S-book-03,"As a driver, I receive ride offers matched to my location/vehicle/WAV status",happy,106_settings_dispatch_globals.sql,backend/migrations/106_settings_dispatch_globals.sql,NONE,INFERRED,mapped,-,-,-
Ride Completion & Payments,Wallet settlement,S-pay-02,"As a rider, I can pay with wallet balance; insufficient balance is rejected cleanly",happy,107_wallet_pay_idempotent.sql,backend/migrations/107_wallet_pay_idempotent.sql,NONE,INFERRED,mapped,-,-,-
Ride Completion & Payments,Wallet settlement,S-pay-02,"As a rider, I can pay with wallet balance; insufficient balance is rejected cleanly",happy,108_wallet_pay_ride_id_text_cast.sql,backend/migrations/108_wallet_pay_ride_id_text_cast.sql,NONE,INFERRED,mapped,-,-,-
Ride Completion & Payments,Wallet settlement,S-pay-02,"As a rider, I can pay with wallet balance; insufficient balance is rejected cleanly",happy,109_wallet_pay_missing_ride_guard.sql,backend/migrations/109_wallet_pay_missing_ride_guard.sql,NONE,INFERRED,mapped,-,-,-
Platform Foundation & Schema,Schema change (unmapped to a story),ORPHAN,-,happy,10_disputes_table.sql,backend/migrations/10_disputes_table.sql,NONE,INFERRED,orphan,-,-,-
Maps & Routing,Service-area geometry,S-maps-03,"As an admin, I define service-area boundaries",happy,10b_service_area_driver_matching.sql,backend/migrations/10b_service_area_driver_matching.sql,NONE,INFERRED,mapped,-,-,-
Ride Fulfillment,Schema change (unmapped to a story),ORPHAN,-,happy,110_drivers_device_attestation.sql,backend/migrations/110_drivers_device_attestation.sql,NONE,INFERRED,orphan,-,-,-
Admin Dashboard & Operations,Schema change (unmapped to a story),ORPHAN,-,happy,110_settings_resend_email.sql,backend/migrations/110_settings_resend_email.sql,NONE,INFERRED,orphan,-,-,-
Ride Completion & Payments,Wallet settlement,S-pay-02,"As a rider, I can pay with wallet balance; insufficient balance is rejected cleanly",happy,110_wallet_pay_for_ride_tip_atomic.sql,backend/migrations/110_wallet_pay_for_ride_tip_atomic.sql,NONE,INFERRED,mapped,-,-,-
Ride Completion & Payments,Wallet settlement,S-pay-02,"As a rider, I can pay with wallet balance; insufficient balance is rejected cleanly",happy,111_wallet_pay_for_ride_security_hardening.sql,backend/migrations/111_wallet_pay_for_ride_security_hardening.sql,NONE,INFERRED,mapped,-,-,-
Ride Fulfillment,Lost & found,S-fulfil-08,"As a rider/driver, I can report/claim a lost item after a ride",happy,112_lost_and_found_add_contact_method.sql,backend/migrations/112_lost_and_found_add_contact_method.sql,NONE,INFERRED,mapped,-,-,-
Ride Fulfillment,Schema change (unmapped to a story),ORPHAN,-,happy,113_drivers_add_heading.sql,backend/migrations/113_drivers_add_heading.sql,NONE,INFERRED,orphan,-,-,-
Ride Fulfillment,Lost & found,S-fulfil-08,"As a rider/driver, I can report/claim a lost item after a ride",happy,114_lost_and_found_add_item_category.sql,backend/migrations/114_lost_and_found_add_item_category.sql,NONE,INFERRED,mapped,-,-,-
Ride Fulfillment,Schema change (unmapped to a story),ORPHAN,-,happy,114_ride_history_stable_cursor_index.sql,backend/migrations/114_ride_history_stable_cursor_index.sql,NONE,INFERRED,orphan,-,-,-
Ride Booking & Matching,Offer matching,S-book-03,"As a driver, I receive ride offers matched to my location/vehicle/WAV status",happy,114_rides_scheduled_dispatch_flags.sql,backend/migrations/114_rides_scheduled_dispatch_flags.sql,NONE,INFERRED,mapped,-,-,-
Ride Fulfillment,In-ride chat,S-fulfil-06,"As a rider/driver, I can chat during an active ride",happy,115_lost_and_found_chat.sql,backend/migrations/115_lost_and_found_chat.sql,NONE,INFERRED,mapped,-,-,-
Ride Fulfillment,Lost & found,S-fulfil-08,"As a rider/driver, I can report/claim a lost item after a ride",happy,116_lost_and_found_rider_user_id.sql,backend/migrations/116_lost_and_found_rider_user_id.sql,NONE,INFERRED,mapped,-,-,-
Notifications & Messaging,FCM push offers,S-notif-01,"As a driver, I receive a push notification for a ride offer",happy,117_push_retry_target_app.sql,backend/migrations/117_push_retry_target_app.sql,NONE,INFERRED,mapped,-,-,-
Ride Fulfillment,Schema change (unmapped to a story),ORPHAN,-,happy,117_ride_routes.sql,backend/migrations/117_ride_routes.sql,NONE,INFERRED,orphan,-,-,-
Ride Fulfillment,Schema change (unmapped to a story),ORPHAN,-,happy,118_route_quality_received_at.sql,backend/migrations/118_route_quality_received_at.sql,NONE,INFERRED,orphan,-,-,-
Ride Fulfillment,Real-time location (WS),S-fulfil-02,"As a rider/driver, I see live location updates during the ride via WebSocket",happy,119_route_tracking_perf_indexes.sql,backend/migrations/119_route_tracking_perf_indexes.sql,NONE,INFERRED,mapped,-,-,-
Ride Fulfillment,Schema change (unmapped to a story),ORPHAN,-,happy,11_driver_needs_review.sql,backend/migrations/11_driver_needs_review.sql,NONE,INFERRED,orphan,-,-,-
"Safety, Trust & Fraud",Schema change (unmapped to a story),ORPHAN,-,happy,120_ensure_emergency_contacts_and_gps_column.sql,backend/migrations/120_ensure_emergency_contacts_and_gps_column.sql,NONE,INFERRED,orphan,-,-,-
Integrations & Webhooks,Zoho Desk sync,S-integ-02,"As support, tickets sync to/from Zoho Desk",happy,121_zoho_desk_integration.sql,backend/migrations/121_zoho_desk_integration.sql,NONE,INFERRED,mapped,-,-,-
Integrations & Webhooks,Zoho Desk sync,S-integ-02,"As support, tickets sync to/from Zoho Desk",happy,122_zoho_desk_default_from_email.sql,backend/migrations/122_zoho_desk_default_from_email.sql,NONE,INFERRED,mapped,-,-,-
Integrations & Webhooks,Zoho Desk sync,S-integ-02,"As support, tickets sync to/from Zoho Desk",happy,123_zoho_desk_tickets_mirror.sql,backend/migrations/123_zoho_desk_tickets_mirror.sql,NONE,INFERRED,mapped,-,-,-
Integrations & Webhooks,Zoho Desk sync,S-integ-02,"As support, tickets sync to/from Zoho Desk",happy,124_zoho_desk_sync_cursor.sql,backend/migrations/124_zoho_desk_sync_cursor.sql,NONE,INFERRED,mapped,-,-,-
Integrations & Webhooks,Zoho Desk sync,S-integ-02,"As support, tickets sync to/from Zoho Desk",happy,125_lost_and_found_zoho_ticket.sql,backend/migrations/125_lost_and_found_zoho_ticket.sql,NONE,INFERRED,mapped,-,-,-
Integrations & Webhooks,Zoho Desk sync,S-integ-02,"As support, tickets sync to/from Zoho Desk",happy,126_disputes_zoho_ticket.sql,backend/migrations/126_disputes_zoho_ticket.sql,NONE,INFERRED,mapped,-,-,-
Integrations & Webhooks,Zoho Desk sync,S-integ-02,"As support, tickets sync to/from Zoho Desk",happy,127_zoho_desk_mirror_backfilled.sql,backend/migrations/127_zoho_desk_mirror_backfilled.sql,NONE,INFERRED,mapped,-,-,-
Integrations & Webhooks,Zoho Desk sync,S-integ-02,"As support, tickets sync to/from Zoho Desk",happy,128_support_entities_zoho_ticket.sql,backend/migrations/128_support_entities_zoho_ticket.sql,NONE,INFERRED,mapped,-,-,-
Ride Fulfillment,Pickup confirmation,S-fulfil-03,"As a driver, I confirm pickup to start the ride",happy,129_ride_routes_pickup_road_polyline.sql,backend/migrations/129_ride_routes_pickup_road_polyline.sql,NONE,INFERRED,mapped,-,-,-
Ride Fulfillment,In-ride state machine,S-fulfil-04,"As a system, ride state transitions are guarded and emit WS events",happy,12_driver_lifecycle_status.sql,backend/migrations/12_driver_lifecycle_status.sql,NONE,INFERRED,mapped,DRIFT-003,-,-
Ride Booking & Matching,Offer matching,S-book-03,"As a driver, I receive ride offers matched to my location/vehicle/WAV status",happy,130_ride_offers_offered_at_index.sql,backend/migrations/130_ride_offers_offered_at_index.sql,NONE,INFERRED,mapped,-,-,-
Ride Booking & Matching,Offer matching,S-book-03,"As a driver, I receive ride offers matched to my location/vehicle/WAV status",happy,131_ride_offers_preempted_status.sql,backend/migrations/131_ride_offers_preempted_status.sql,NONE,INFERRED,mapped,-,-,-
Integrations & Webhooks,Zoho Desk sync,S-integ-02,"As support, tickets sync to/from Zoho Desk",happy,132_zoho_desk_auto_sync_toggle.sql,backend/migrations/132_zoho_desk_auto_sync_toggle.sql,NONE,INFERRED,mapped,-,-,-
Ride Fulfillment,Pickup confirmation,S-fulfil-03,"As a driver, I confirm pickup to start the ride",happy,133_rides_pickup_nav_coords.sql,backend/migrations/133_rides_pickup_nav_coords.sql,NONE,INFERRED,mapped,-,-,-
Maps & Routing,Schema change (unmapped to a story),ORPHAN,-,happy,134_venues_pickup_points.sql,backend/migrations/134_venues_pickup_points.sql,NONE,INFERRED,orphan,-,-,-
Maps & Routing,Schema change (unmapped to a story),ORPHAN,-,happy,135_seed_pickup_venues.sql,backend/migrations/135_seed_pickup_venues.sql,NONE,INFERRED,orphan,-,-,-
"Safety, Trust & Fraud",RLS policies,S-safety-04,"As a system, row-level security policies protect user data at the DB layer",happy,136_rewrite_supabase_storage_urls.sql,backend/migrations/136_rewrite_supabase_storage_urls.sql,NONE,INFERRED,mapped,-,-,-
Ride Completion & Payments,Refunds/disputes on fares,S-pay-08,"As a rider, a disputed/failed charge is retried or refunded",happy,136_rides_payment_retry_count.sql,backend/migrations/136_rides_payment_retry_count.sql,NONE,INFERRED,mapped,-,-,-
Platform Foundation & Schema,Schema change (unmapped to a story),ORPHAN,-,happy,137_fix_pii_encrypt_pgsodium_perms.sql,backend/migrations/137_fix_pii_encrypt_pgsodium_perms.sql,NONE,INFERRED,orphan,-,-,-
Ride Fulfillment,Schema change (unmapped to a story),ORPHAN,-,happy,137_rides_started_at_generated_column.sql,backend/migrations/137_rides_started_at_generated_column.sql,NONE,INFERRED,orphan,-,-,-
Ride Fulfillment,Schema change (unmapped to a story),ORPHAN,-,happy,138_driver_pii_use_vault_create_secret.sql,backend/migrations/138_driver_pii_use_vault_create_secret.sql,NONE,INFERRED,orphan,-,-,-
Ride Booking & Matching,Fare estimation,S-book-01,"As a rider, I see the full price incl. surge before I book",happy,138_drivers_estimate_recency_index.sql,backend/migrations/138_drivers_estimate_recency_index.sql,NONE,INFERRED,mapped,-,-,-
Driver Earnings & Payouts,Per-driver payouts,S-earn-04,"As a driver, my earnings are paid out to my bank account",happy,138_payouts_missing_columns.sql,backend/migrations/138_payouts_missing_columns.sql,NONE,INFERRED,mapped,-,-,-
Ride Fulfillment,Schema change (unmapped to a story),ORPHAN,-,happy,139_driver_onboarding_reminder_log.sql,backend/migrations/139_driver_onboarding_reminder_log.sql,NONE,INFERRED,orphan,-,-,-
Ride Fulfillment,Schema change (unmapped to a story),ORPHAN,-,happy,13_driver_notes.sql,backend/migrations/13_driver_notes.sql,NONE,INFERRED,orphan,-,-,-
AI Assistant,Rider AI assistant,S-ai-01,"As a rider, I can ask an AI assistant for help",happy,140_ai_assistant_conversations.sql,backend/migrations/140_ai_assistant_conversations.sql,NONE,INFERRED,mapped,-,-,-
Ride Fulfillment,Schema change (unmapped to a story),ORPHAN,-,happy,140_vehicle_types_add_marker_variant.sql,backend/migrations/140_vehicle_types_add_marker_variant.sql,NONE,INFERRED,orphan,-,-,-
AI Assistant,Schema change (unmapped to a story),ORPHAN,-,happy,141_retention_purge_ai_messages.sql,backend/migrations/141_retention_purge_ai_messages.sql,NONE,INFERRED,orphan,-,-,-
Ride Fulfillment,Schema change (unmapped to a story),ORPHAN,-,happy,141_vehicle_types_add_marker_image_url.sql,backend/migrations/141_vehicle_types_add_marker_image_url.sql,NONE,INFERRED,orphan,-,-,-
"Safety, Trust & Fraud",RLS policies,S-safety-04,"As a system, row-level security policies protect user data at the DB layer",happy,142_fix_rls_financial_tables.sql,backend/migrations/142_fix_rls_financial_tables.sql,NONE,INFERRED,mapped,-,-,-
Ride Fulfillment,Schema change (unmapped to a story),ORPHAN,-,happy,142_rides_route_validation_column.sql,backend/migrations/142_rides_route_validation_column.sql,NONE,INFERRED,orphan,-,-,-
Ride Booking & Matching,Surge pricing,S-book-05,"As a rider, surge is shown before booking and capped at 2.5x, never retroactive",happy,142_surge_pricing_schema.sql,backend/migrations/142_surge_pricing_schema.sql,NONE,INFERRED,mapped,-,-,-
Ride Booking & Matching,Surge pricing,S-book-05,"As a rider, surge is shown before booking and capped at 2.5x, never retroactive",happy,143_retention_purge_surge_pricing.sql,backend/migrations/143_retention_purge_surge_pricing.sql,NONE,INFERRED,mapped,-,-,-
Ride Booking & Matching,Offer matching,S-book-03,"As a driver, I receive ride offers matched to my location/vehicle/WAV status",happy,143_ride_offers_cancelled_status.sql,backend/migrations/143_ride_offers_cancelled_status.sql,NONE,INFERRED,mapped,-,-,-
Ride Booking & Matching,Offer matching,S-book-03,"As a driver, I receive ride offers matched to my location/vehicle/WAV status",happy,143_ride_offers_one_accepted_index.sql,backend/migrations/143_ride_offers_one_accepted_index.sql,NONE,INFERRED,mapped,-,-,-
Admin Dashboard & Operations,Schema change (unmapped to a story),ORPHAN,-,happy,144_ai_conversations_admin_actor.sql,backend/migrations/144_ai_conversations_admin_actor.sql,NONE,INFERRED,orphan,-,-,-
Admin Dashboard & Operations,Schema change (unmapped to a story),ORPHAN,-,happy,145_settings_add_ai_columns.sql,backend/migrations/145_settings_add_ai_columns.sql,NONE,INFERRED,orphan,-,-,-
Admin Dashboard & Operations,Schema change (unmapped to a story),ORPHAN,-,happy,146_settings_stale_intent_hours.sql,backend/migrations/146_settings_stale_intent_hours.sql,NONE,INFERRED,orphan,-,-,-
Ride Fulfillment,Schema change (unmapped to a story),ORPHAN,-,happy,147_drivers_stale_intent_index.sql,backend/migrations/147_drivers_stale_intent_index.sql,NONE,INFERRED,orphan,-,-,-
Ride Completion & Payments,Schema change (unmapped to a story),ORPHAN,-,happy,148_driver_subscriptions_stripe_fields.sql,backend/migrations/148_driver_subscriptions_stripe_fields.sql,NONE,INFERRED,orphan,-,-,-
Integrations & Webhooks,Stripe Connect/payout sync,S-integ-03,"As finance, Stripe Connect payouts are synced/ledgered",happy,149_settings_stripe_connect_webhook_secret.sql,backend/migrations/149_settings_stripe_connect_webhook_secret.sql,NONE,INFERRED,mapped,-,-,-
Ride Fulfillment,Schema change (unmapped to a story),ORPHAN,-,happy,14_driver_activity_log.sql,backend/migrations/14_driver_activity_log.sql,NONE,INFERRED,orphan,-,-,-
Promotions & Loyalty,Marketing/subscriptions,S-promo-05,"As a rider/driver, I subscribe to a paid plan (Spinr Pass)",happy,150_subscription_recurring_billing.sql,backend/migrations/150_subscription_recurring_billing.sql,NONE,INFERRED,mapped,-,-,-
Ride Completion & Payments,Schema change (unmapped to a story),ORPHAN,-,happy,151_subscription_payments_ledger.sql,backend/migrations/151_subscription_payments_ledger.sql,NONE,INFERRED,orphan,-,-,-
Ride Fulfillment,Schema change (unmapped to a story),ORPHAN,-,happy,152_driver_subscriptions_one_pending_index.sql,backend/migrations/152_driver_subscriptions_one_pending_index.sql,NONE,INFERRED,orphan,-,-,-
Ride Fulfillment,Schema change (unmapped to a story),ORPHAN,-,happy,153_driver_subscriptions_one_pending_index.sql,backend/migrations/153_driver_subscriptions_one_pending_index.sql,NONE,INFERRED,orphan,-,-,-
Admin Dashboard & Operations,Schema change (unmapped to a story),ORPHAN,-,happy,154_settings_aws_ses_email.sql,backend/migrations/154_settings_aws_ses_email.sql,NONE,INFERRED,orphan,-,-,-
Platform Foundation & Schema,Schema change (unmapped to a story),ORPHAN,-,happy,155_email_suppressions_and_send_log.sql,backend/migrations/155_email_suppressions_and_send_log.sql,NONE,INFERRED,orphan,-,-,-
Ride Fulfillment,Schema change (unmapped to a story),ORPHAN,-,happy,156_drivers_driver_code.sql,backend/migrations/156_drivers_driver_code.sql,NONE,INFERRED,orphan,-,-,-
Ride Fulfillment,Schema change (unmapped to a story),ORPHAN,-,happy,156_ride_preauth_columns.sql,backend/migrations/156_ride_preauth_columns.sql,NONE,INFERRED,orphan,-,-,-
Ride Fulfillment,Schema change (unmapped to a story),ORPHAN,-,happy,157_driver_availability_claimed_at.sql,backend/migrations/157_driver_availability_claimed_at.sql,NONE,INFERRED,orphan,-,-,-
Ride Fulfillment,Schema change (unmapped to a story),ORPHAN,-,happy,157_driver_vehicle_history.sql,backend/migrations/157_driver_vehicle_history.sql,NONE,INFERRED,orphan,-,-,-
Ride Fulfillment,Schema change (unmapped to a story),ORPHAN,-,happy,158_rides_paid_at.sql,backend/migrations/158_rides_paid_at.sql,NONE,INFERRED,orphan,-,-,-
Driver Earnings & Payouts,Per-driver payouts,S-earn-04,"As a driver, my earnings are paid out to my bank account",happy,159_payouts_overview_aggregates_fn.sql,backend/migrations/159_payouts_overview_aggregates_fn.sql,NONE,INFERRED,mapped,-,-,-
Ride Fulfillment,Schema change (unmapped to a story),ORPHAN,-,happy,15_ride_aggregate_columns.sql,backend/migrations/15_ride_aggregate_columns.sql,NONE,INFERRED,orphan,-,-,-
Ride Fulfillment,Schema change (unmapped to a story),ORPHAN,-,happy,160_ride_daily_counts_fn.sql,backend/migrations/160_ride_daily_counts_fn.sql,NONE,INFERRED,orphan,-,-,-
Ride Fulfillment,Schema change (unmapped to a story),ORPHAN,-,happy,161_ride_money_rollup_fn.sql,backend/migrations/161_ride_money_rollup_fn.sql,NONE,INFERRED,orphan,-,-,-
Driver Earnings & Payouts,Per-driver payouts,S-earn-04,"As a driver, my earnings are paid out to my bank account",happy,162_payout_stats_fn.sql,backend/migrations/162_payout_stats_fn.sql,NONE,INFERRED,mapped,-,-,-
Driver Earnings & Payouts,Earnings calculation,S-earn-01,"As a driver, I see accurate per-trip and period earnings (100% of fare)",happy,163_earnings_overview_aggregates_fn.sql,backend/migrations/163_earnings_overview_aggregates_fn.sql,NONE,INFERRED,mapped,-,-,-
Ride Booking & Matching,Offer matching,S-book-03,"As a driver, I receive ride offers matched to my location/vehicle/WAV status",happy,164_driver_offer_analytics_fns.sql,backend/migrations/164_driver_offer_analytics_fns.sql,NONE,INFERRED,mapped,-,-,-
Platform Foundation & Schema,Schema change (unmapped to a story),ORPHAN,-,happy,165_analytics_count_fns.sql,backend/migrations/165_analytics_count_fns.sql,NONE,INFERRED,orphan,-,-,-
Platform Foundation & Schema,Schema change (unmapped to a story),ORPHAN,-,happy,166_analytics_overview_fn.sql,backend/migrations/166_analytics_overview_fn.sql,NONE,INFERRED,orphan,-,-,-
Authentication & Authorization,Schema change (unmapped to a story),ORPHAN,-,happy,167_users_account_status.sql,backend/migrations/167_users_account_status.sql,NONE,INFERRED,orphan,-,-,-
Authentication & Authorization,Schema change (unmapped to a story),ORPHAN,-,happy,168_users_updated_at_trigger.sql,backend/migrations/168_users_updated_at_trigger.sql,NONE,INFERRED,orphan,-,-,-
Ride Fulfillment,Schema change (unmapped to a story),ORPHAN,-,happy,169_rides_card_brand_last4.sql,backend/migrations/169_rides_card_brand_last4.sql,NONE,INFERRED,orphan,-,-,-
Ride Fulfillment,Schema change (unmapped to a story),ORPHAN,-,happy,16_driver_daily_stats.sql,backend/migrations/16_driver_daily_stats.sql,NONE,INFERRED,orphan,-,-,-
Ride Booking & Matching,Surge pricing,S-book-05,"As a rider, surge is shown before booking and capped at 2.5x, never retroactive",happy,170_drivers_location_geog_surge.sql,backend/migrations/170_drivers_location_geog_surge.sql,NONE,INFERRED,mapped,-,-,-
Promotions & Loyalty,Referral codes,S-promo-04,"As a rider/driver, I refer others and earn a reward",happy,171_referral_payouts.sql,backend/migrations/171_referral_payouts.sql,NONE,INFERRED,mapped,-,-,-
Promotions & Loyalty,Referral codes,S-promo-04,"As a rider/driver, I refer others and earn a reward",happy,172_users_referral_columns.sql,backend/migrations/172_users_referral_columns.sql,NONE,INFERRED,mapped,-,-,-
Promotions & Loyalty,Referral codes,S-promo-04,"As a rider/driver, I refer others and earn a reward",happy,173_service_area_referral_rewards.sql,backend/migrations/173_service_area_referral_rewards.sql,NONE,INFERRED,mapped,-,-,-
Promotions & Loyalty,Referral codes,S-promo-04,"As a rider/driver, I refer others and earn a reward",happy,174_referral_payouts_credit_timestamps.sql,backend/migrations/174_referral_payouts_credit_timestamps.sql,NONE,INFERRED,mapped,-,-,-
Authentication & Authorization,Session management,S-auth-05,"As a user, my session persists safely and logs out on invalid refresh",happy,175_users_sessions_invalid_before.sql,backend/migrations/175_users_sessions_invalid_before.sql,NONE,INFERRED,mapped,-,-,-
Promotions & Loyalty,Referral codes,S-promo-04,"As a rider/driver, I refer others and earn a reward",happy,176_service_area_referral_terms.sql,backend/migrations/176_service_area_referral_terms.sql,NONE,INFERRED,mapped,-,-,-
Ride Completion & Payments,Schema change (unmapped to a story),ORPHAN,-,happy,177_ride_stripe_invoice.sql,backend/migrations/177_ride_stripe_invoice.sql,NONE,INFERRED,orphan,-,-,-
Platform Foundation & Schema,Schema change (unmapped to a story),ORPHAN,-,happy,178_sub_expiry_warned_3d.sql,backend/migrations/178_sub_expiry_warned_3d.sql,NONE,INFERRED,orphan,-,-,-
Ride Fulfillment,Schema change (unmapped to a story),ORPHAN,-,happy,179_driver_bonuses.sql,backend/migrations/179_driver_bonuses.sql,NONE,INFERRED,orphan,-,-,-
Corporate / B2B Billing,Schema change (unmapped to a story),ORPHAN,-,happy,17_corporate_accounts_fk.sql,backend/migrations/17_corporate_accounts_fk.sql,NONE,INFERRED,orphan,-,-,-
Promotions & Loyalty,Driver quests/bonuses,S-promo-02,"As a driver, I complete quests for bonus incentives",happy,180_backfill_quest_driver_bonuses.sql,backend/migrations/180_backfill_quest_driver_bonuses.sql,NONE,INFERRED,mapped,-,-,-
Promotions & Loyalty,Marketing/subscriptions,S-promo-05,"As a rider/driver, I subscribe to a paid plan (Spinr Pass)",happy,181_subscription_plans_missing_columns.sql,backend/migrations/181_subscription_plans_missing_columns.sql,NONE,INFERRED,mapped,-,-,-
Maps & Routing,Service-area geometry,S-maps-03,"As an admin, I define service-area boundaries",happy,182_service_area_subscription_required.sql,backend/migrations/182_service_area_subscription_required.sql,NONE,INFERRED,mapped,-,-,-
Promotions & Loyalty,Marketing/subscriptions,S-promo-05,"As a rider/driver, I subscribe to a paid plan (Spinr Pass)",happy,183_subscription_plans_backfill_duration.sql,backend/migrations/183_subscription_plans_backfill_duration.sql,NONE,INFERRED,mapped,-,-,-
Promotions & Loyalty,Marketing/subscriptions,S-promo-05,"As a rider/driver, I subscribe to a paid plan (Spinr Pass)",happy,184_subscription_plans_backfill_subscriber_count.sql,backend/migrations/184_subscription_plans_backfill_subscriber_count.sql,NONE,INFERRED,mapped,-,-,-
Maps & Routing,Service-area geometry,S-maps-03,"As an admin, I define service-area boundaries",happy,185_service_area_vehicle_cascade.sql,backend/migrations/185_service_area_vehicle_cascade.sql,NONE,INFERRED,mapped,-,-,-
Maps & Routing,Service-area geometry,S-maps-03,"As an admin, I define service-area boundaries",happy,185_service_areas_subscription_tax_config.sql,backend/migrations/185_service_areas_subscription_tax_config.sql,NONE,INFERRED,mapped,-,-,-
Ride Completion & Payments,Schema change (unmapped to a story),ORPHAN,-,happy,186_subscription_payments_tax_columns.sql,backend/migrations/186_subscription_payments_tax_columns.sql,NONE,INFERRED,orphan,-,-,-
Platform Foundation & Schema,Schema change (unmapped to a story),ORPHAN,-,happy,187_retention_purge_received_at_fix.sql,backend/migrations/187_retention_purge_received_at_fix.sql,NONE,INFERRED,orphan,-,-,-
Ride Completion & Payments,Schema change (unmapped to a story),ORPHAN,-,happy,188_subscription_payments_stripe_invoice_url.sql,backend/migrations/188_subscription_payments_stripe_invoice_url.sql,NONE,INFERRED,orphan,-,-,-
Promotions & Loyalty,Referral codes,S-promo-04,"As a rider/driver, I refer others and earn a reward",happy,189_service_area_referral_window_days.sql,backend/migrations/189_service_area_referral_window_days.sql,NONE,INFERRED,mapped,-,-,-
Admin Dashboard & Operations,Schema change (unmapped to a story),ORPHAN,-,happy,18_admin_staff.sql,backend/migrations/18_admin_staff.sql,NONE,INFERRED,orphan,-,-,-
Promotions & Loyalty,Marketing/subscriptions,S-promo-05,"As a rider/driver, I subscribe to a paid plan (Spinr Pass)",happy,190_marketing_consents.sql,backend/migrations/190_marketing_consents.sql,NONE,INFERRED,mapped,-,-,-
Promotions & Loyalty,Marketing/subscriptions,S-promo-05,"As a rider/driver, I subscribe to a paid plan (Spinr Pass)",happy,191_marketing_suppressions.sql,backend/migrations/191_marketing_suppressions.sql,NONE,INFERRED,mapped,-,-,-
Admin Dashboard & Operations,Schema change (unmapped to a story),ORPHAN,-,happy,192_settings_business_identity.sql,backend/migrations/192_settings_business_identity.sql,NONE,INFERRED,orphan,-,-,-
Promotions & Loyalty,Marketing/subscriptions,S-promo-05,"As a rider/driver, I subscribe to a paid plan (Spinr Pass)",happy,193_cloud_messages_marketing.sql,backend/migrations/193_cloud_messages_marketing.sql,NONE,INFERRED,mapped,-,-,-
Admin Dashboard & Operations,Schema change (unmapped to a story),ORPHAN,-,happy,194_admin_dashboard_money_fn.sql,backend/migrations/194_admin_dashboard_money_fn.sql,NONE,INFERRED,orphan,-,-,-
Ride Fulfillment,Schema change (unmapped to a story),ORPHAN,-,happy,195_ride_live_activities.sql,backend/migrations/195_ride_live_activities.sql,NONE,INFERRED,orphan,-,-,-
Ride Completion & Payments,Wallet settlement,S-pay-02,"As a rider, I can pay with wallet balance; insufficient balance is rejected cleanly",happy,196_wallet_apply_credit.sql,backend/migrations/196_wallet_apply_credit.sql,NONE,INFERRED,mapped,-,-,-
Ride Completion & Payments,Wallet settlement,S-pay-02,"As a rider, I can pay with wallet balance; insufficient balance is rejected cleanly",happy,197_wallet_txn_reference_index.sql,backend/migrations/197_wallet_txn_reference_index.sql,NONE,INFERRED,mapped,-,-,-
Promotions & Loyalty,Referral codes,S-promo-04,"As a rider/driver, I refer others and earn a reward",happy,198_wallet_txn_types_referral_fare_split.sql,backend/migrations/198_wallet_txn_types_referral_fare_split.sql,NONE,INFERRED,mapped,-,-,-
Promotions & Loyalty,Referral codes,S-promo-04,"As a rider/driver, I refer others and earn a reward",happy,199_wallet_txn_type_referral_bonus.sql,backend/migrations/199_wallet_txn_type_referral_bonus.sql,NONE,INFERRED,mapped,-,-,-
Ride Completion & Payments,Wallet settlement,S-pay-02,"As a rider, I can pay with wallet balance; insufficient balance is rejected cleanly",happy,19_wallet.sql,backend/migrations/19_wallet.sql,NONE,INFERRED,mapped,-,-,-
Platform Foundation & Schema,Schema change (unmapped to a story),ORPHAN,-,happy,200_data_export_objects.sql,backend/migrations/200_data_export_objects.sql,NONE,INFERRED,orphan,-,-,-
Integrations & Webhooks,Zoho Desk sync,S-integ-02,"As support, tickets sync to/from Zoho Desk",happy,200_zoho_desk_ticket_service_area.sql,backend/migrations/200_zoho_desk_ticket_service_area.sql,NONE,INFERRED,mapped,-,-,-
Maps & Routing,Service-area geometry,S-maps-03,"As an admin, I define service-area boundaries",happy,201_service_area_driver_referee_reward.sql,backend/migrations/201_service_area_driver_referee_reward.sql,NONE,INFERRED,mapped,-,-,-
Admin Dashboard & Operations,Schema change (unmapped to a story),ORPHAN,-,happy,202_admin_media_storage_buckets.sql,backend/migrations/202_admin_media_storage_buckets.sql,NONE,INFERRED,orphan,-,-,-
Corporate / B2B Billing,Schema change (unmapped to a story),ORPHAN,-,happy,203_corporate_rpc_security_definer.sql,backend/migrations/203_corporate_rpc_security_definer.sql,NONE,INFERRED,orphan,-,-,-
Ride Fulfillment,Schema change (unmapped to a story),ORPHAN,-,happy,204_driver_leaderboard_rpc.sql,backend/migrations/204_driver_leaderboard_rpc.sql,NONE,INFERRED,orphan,-,-,-
Ride Completion & Payments,Wallet settlement,S-pay-02,"As a rider, I can pay with wallet balance; insufficient balance is rejected cleanly",happy,205_wallet_rpc_execute_lockdown.sql,backend/migrations/205_wallet_rpc_execute_lockdown.sql,NONE,INFERRED,mapped,-,-,-
Corporate / B2B Billing,Schema change (unmapped to a story),ORPHAN,-,happy,206_corporate_sections.sql,backend/migrations/206_corporate_sections.sql,NONE,INFERRED,orphan,-,-,-
Platform Foundation & Schema,Schema change (unmapped to a story),ORPHAN,-,happy,207_guest_bookings.sql,backend/migrations/207_guest_bookings.sql,NONE,INFERRED,orphan,-,-,-
Admin Dashboard & Operations,Schema change (unmapped to a story),ORPHAN,-,happy,208_settings_add_ai_faq_cache.sql,backend/migrations/208_settings_add_ai_faq_cache.sql,NONE,INFERRED,orphan,-,-,-
Admin Dashboard & Operations,Schema change (unmapped to a story),ORPHAN,-,happy,209_faqs_add_embeddings.sql,backend/migrations/209_faqs_add_embeddings.sql,NONE,INFERRED,orphan,-,-,-
Promotions & Loyalty,Driver quests/bonuses,S-promo-02,"As a driver, I complete quests for bonus incentives",happy,20_quests.sql,backend/migrations/20_quests.sql,NONE,INFERRED,mapped,-,-,-
Ride Fulfillment,Schema change (unmapped to a story),ORPHAN,-,happy,210_seed_driver_faqs.sql,backend/migrations/210_seed_driver_faqs.sql,NONE,INFERRED,orphan,-,-,-
Admin Dashboard & Operations,Schema change (unmapped to a story),ORPHAN,-,happy,211_settings_add_ai_semantic_columns.sql,backend/migrations/211_settings_add_ai_semantic_columns.sql,NONE,INFERRED,orphan,-,-,-
Ride Fulfillment,Schema change (unmapped to a story),ORPHAN,-,happy,212_seed_saskatchewan_driver_faqs.sql,backend/migrations/212_seed_saskatchewan_driver_faqs.sql,NONE,INFERRED,orphan,-,-,-
Corporate / B2B Billing,KYB verification,S-corp-02,"As a corporate admin, my company completes KYB verification",happy,213_corporate_kyb_reviewed_by_text.sql,backend/migrations/213_corporate_kyb_reviewed_by_text.sql,NONE,INFERRED,mapped,-,-,-
Corporate / B2B Billing,Schema change (unmapped to a story),ORPHAN,-,happy,214_corporate_actor_user_id_text.sql,backend/migrations/214_corporate_actor_user_id_text.sql,NONE,INFERRED,orphan,-,-,-
Platform Foundation & Schema,Schema change (unmapped to a story),ORPHAN,-,happy,215_profile_photos_public_bucket.sql,backend/migrations/215_profile_photos_public_bucket.sql,NONE,INFERRED,orphan,-,-,-
Platform Foundation & Schema,Schema change (unmapped to a story),ORPHAN,-,happy,216_deletion_hard_delete_no_anonymize.sql,backend/migrations/216_deletion_hard_delete_no_anonymize.sql,NONE,INFERRED,orphan,-,-,-
AI Assistant,Schema change (unmapped to a story),ORPHAN,-,happy,217_ai_tool_audit.sql,backend/migrations/217_ai_tool_audit.sql,NONE,INFERRED,orphan,-,-,-
AI Assistant,Schema change (unmapped to a story),ORPHAN,-,happy,218_ai_security_events.sql,backend/migrations/218_ai_security_events.sql,NONE,INFERRED,orphan,-,-,-
Ride Fulfillment,Schema change (unmapped to a story),ORPHAN,-,happy,219_drivers_destination_mode.sql,backend/migrations/219_drivers_destination_mode.sql,NONE,INFERRED,orphan,-,-,-
Promotions & Loyalty,Rider loyalty,S-promo-03,"As a rider, I earn loyalty rewards",happy,21_loyalty.sql,backend/migrations/21_loyalty.sql,NONE,INFERRED,mapped,-,-,-
Corporate / B2B Billing,Schema change (unmapped to a story),ORPHAN,-,happy,220_corporate_email_otp_records.sql,backend/migrations/220_corporate_email_otp_records.sql,NONE,INFERRED,orphan,-,-,-
Ride Fulfillment,Schema change (unmapped to a story),ORPHAN,-,happy,221_drivers_bulk_import_fields.sql,backend/migrations/221_drivers_bulk_import_fields.sql,NONE,INFERRED,orphan,-,-,-
Ride Fulfillment,Schema change (unmapped to a story),ORPHAN,-,happy,222_drivers_general_regulatory_approval.sql,backend/migrations/222_drivers_general_regulatory_approval.sql,NONE,INFERRED,orphan,-,-,-
Maps & Routing,Service-area geometry,S-maps-03,"As an admin, I define service-area boundaries",happy,223_service_areas_regulatory_authority.sql,backend/migrations/223_service_areas_regulatory_authority.sql,NONE,INFERRED,mapped,-,-,-
Corporate / B2B Billing,Schema change (unmapped to a story),ORPHAN,-,happy,224_corporate_self_serve_signup.sql,backend/migrations/224_corporate_self_serve_signup.sql,NONE,INFERRED,orphan,-,-,-
Driver Earnings & Payouts,Earnings calculation,S-earn-01,"As a driver, I see accurate per-trip and period earnings (100% of fare)",happy,224_notification_preferences_earnings_summary.sql,backend/migrations/224_notification_preferences_earnings_summary.sql,NONE,INFERRED,mapped,-,-,-
Ride Booking & Matching,Offer matching,S-book-03,"As a driver, I receive ride offers matched to my location/vehicle/WAV status",happy,224_ride_offers_expires_at.sql,backend/migrations/224_ride_offers_expires_at.sql,NONE,INFERRED,mapped,-,-,-
Corporate / B2B Billing,KYB verification,S-corp-02,"As a corporate admin, my company completes KYB verification",happy,225_corporate_kyb_v1_columns.sql,backend/migrations/225_corporate_kyb_v1_columns.sql,NONE,INFERRED,mapped,-,-,-
Ride Fulfillment,Schema change (unmapped to a story),ORPHAN,-,happy,225_rides_event_version.sql,backend/migrations/225_rides_event_version.sql,NONE,INFERRED,orphan,-,-,-
Platform Foundation & Schema,Schema change (unmapped to a story),ORPHAN,-,happy,226_price_searches.sql,backend/migrations/226_price_searches.sql,NONE,INFERRED,orphan,-,-,-
Driver Earnings & Payouts,Earnings calculation,S-earn-01,"As a driver, I see accurate per-trip and period earnings (100% of fare)",happy,227_earnings_overview_funnel_agg.sql,backend/migrations/227_earnings_overview_funnel_agg.sql,NONE,INFERRED,mapped,-,-,-
Platform Foundation & Schema,Schema change (unmapped to a story),ORPHAN,-,happy,228_retention_purge_price_searches.sql,backend/migrations/228_retention_purge_price_searches.sql,NONE,INFERRED,orphan,-,-,-
Maps & Routing,Service-area geometry,S-maps-03,"As an admin, I define service-area boundaries",happy,229_faqs_service_area.sql,backend/migrations/229_faqs_service_area.sql,NONE,INFERRED,mapped,-,-,-
Admin Dashboard & Operations,Schema change (unmapped to a story),ORPHAN,-,happy,229_settings_lms_integration.sql,backend/migrations/229_settings_lms_integration.sql,NONE,INFERRED,orphan,-,-,-
Integrations & Webhooks,Stripe webhooks,S-integ-01,"As a system, Stripe webhook events are claimed idempotently and processed",happy,22_stripe_events.sql,backend/migrations/22_stripe_events.sql,NONE,INFERRED,mapped,-,-,-
Ride Fulfillment,Schema change (unmapped to a story),ORPHAN,-,happy,230_seed_rider_faqs.sql,backend/migrations/230_seed_rider_faqs.sql,NONE,INFERRED,orphan,-,-,-
Promotions & Loyalty,Driver quests/bonuses,S-promo-02,"As a driver, I complete quests for bonus incentives",happy,231_data_export_requests.sql,backend/migrations/231_data_export_requests.sql,NONE,INFERRED,mapped,-,-,-
Admin Dashboard & Operations,Schema change (unmapped to a story),ORPHAN,-,happy,232_admin_staff_schema_cache_reload.sql,backend/migrations/232_admin_staff_schema_cache_reload.sql,NONE,INFERRED,orphan,-,-,-
Admin Dashboard & Operations,Schema change (unmapped to a story),ORPHAN,-,happy,233_admin_staff_last_activity_at.sql,backend/migrations/233_admin_staff_last_activity_at.sql,NONE,INFERRED,orphan,-,-,-
Ride Fulfillment,Schema change (unmapped to a story),ORPHAN,-,happy,234_backfill_driver_placeholder_name.sql,backend/migrations/234_backfill_driver_placeholder_name.sql,NONE,INFERRED,orphan,-,-,-
Ride Fulfillment,Real-time location (WS),S-fulfil-02,"As a rider/driver, I see live location updates during the ride via WebSocket",happy,235_trip_location_route_integrity.sql,backend/migrations/235_trip_location_route_integrity.sql,NONE,INFERRED,mapped,-,-,-
Ride Fulfillment,Schema change (unmapped to a story),ORPHAN,-,happy,236_ride_route_snapshot_revision.sql,backend/migrations/236_ride_route_snapshot_revision.sql,NONE,INFERRED,orphan,-,-,-
Ride Fulfillment,Real-time location (WS),S-fulfil-02,"As a rider/driver, I see live location updates during the ride via WebSocket",happy,237_ride_location_gap_events.sql,backend/migrations/237_ride_location_gap_events.sql,NONE,INFERRED,mapped,-,-,-
Ride Fulfillment,Schema change (unmapped to a story),ORPHAN,-,happy,238_trip_route_integrity_retention.sql,backend/migrations/238_trip_route_integrity_retention.sql,NONE,INFERRED,orphan,-,-,-
Ride Fulfillment,Real-time location (WS),S-fulfil-02,"As a rider/driver, I see live location updates during the ride via WebSocket",happy,239_trip_location_route_indexes.sql,backend/migrations/239_trip_location_route_indexes.sql,NONE,INFERRED,mapped,-,-,-
Platform Foundation & Schema,Schema change (unmapped to a story),ORPHAN,-,happy,23_profile_image_url.sql,backend/migrations/23_profile_image_url.sql,NONE,INFERRED,orphan,-,-,-
Ride Completion & Payments,Schema change (unmapped to a story),ORPHAN,-,happy,240_ride_route_snapshot_object_ledger.sql,backend/migrations/240_ride_route_snapshot_object_ledger.sql,NONE,INFERRED,orphan,-,-,-
Promotions & Loyalty,Referral codes,S-promo-04,"As a rider/driver, I refer others and earn a reward",happy,241_users_referral_code_partial_index.sql,backend/migrations/241_users_referral_code_partial_index.sql,NONE,INFERRED,mapped,-,-,-
Ride Fulfillment,Schema change (unmapped to a story),ORPHAN,-,happy,242_ride_distance_recomputes.sql,backend/migrations/242_ride_distance_recomputes.sql,NONE,INFERRED,orphan,-,-,-
Ride Fulfillment,Schema change (unmapped to a story),ORPHAN,-,happy,243_ride_routes_snapshot_attempts.sql,backend/migrations/243_ride_routes_snapshot_attempts.sql,NONE,INFERRED,orphan,-,-,-
Ride Fulfillment,Schema change (unmapped to a story),ORPHAN,-,happy,244_vehicle_vin_plaintext_at_rest.sql,backend/migrations/244_vehicle_vin_plaintext_at_rest.sql,NONE,INFERRED,orphan,-,-,-
"Safety, Trust & Fraud",Schema change (unmapped to a story),ORPHAN,-,happy,245_backfill_failed_route_reconstruction.sql,backend/migrations/245_backfill_failed_route_reconstruction.sql,NONE,INFERRED,orphan,-,-,-
"Safety, Trust & Fraud",Schema change (unmapped to a story),ORPHAN,-,happy,246_ride_distance_integrity_events.sql,backend/migrations/246_ride_distance_integrity_events.sql,NONE,INFERRED,orphan,-,-,-
Ride Fulfillment,Schema change (unmapped to a story),ORPHAN,-,happy,247_rides_distance_reconciled_at.sql,backend/migrations/247_rides_distance_reconciled_at.sql,NONE,INFERRED,orphan,-,-,-
Corporate / B2B Billing,Allowance cap & ledger,S-corp-03,"As a corporate admin, member allowances are capped and tracked atomically",happy,248_corporate_allowance_ride_debit.sql,backend/migrations/248_corporate_allowance_ride_debit.sql,NONE,INFERRED,mapped,-,-,-
Ride Completion & Payments,Schema change (unmapped to a story),ORPHAN,-,happy,248_fare_road_basis_and_quote_lock.sql,backend/migrations/248_fare_road_basis_and_quote_lock.sql,NONE,INFERRED,orphan,-,-,-
Ride Fulfillment,Schema change (unmapped to a story),ORPHAN,-,happy,249_driver_period_distances.sql,backend/migrations/249_driver_period_distances.sql,NONE,INFERRED,orphan,-,-,-
Ride Completion & Payments,Wallet settlement,S-pay-02,"As a rider, I can pay with wallet balance; insufficient balance is rejected cleanly",happy,249_wallet_apply_delta.sql,backend/migrations/249_wallet_apply_delta.sql,NONE,INFERRED,mapped,-,-,-
Platform Foundation & Schema,Core schema/infra,S-plat-01,"As the platform, core tables/infra exist to support all domains",happy,24_schema_migrations.sql,backend/migrations/24_schema_migrations.sql,NONE,INFERRED,mapped,-,-,-
Driver Earnings & Payouts,Per-driver payouts,S-earn-04,"As a driver, my earnings are paid out to my bank account",happy,250_payout_reservation_guard.sql,backend/migrations/250_payout_reservation_guard.sql,NONE,INFERRED,mapped,-,-,-
Platform Foundation & Schema,Schema change (unmapped to a story),ORPHAN,-,happy,250_period1_distance_accumulator.sql,backend/migrations/250_period1_distance_accumulator.sql,NONE,INFERRED,orphan,-,-,-
Ride Completion & Payments,Schema change (unmapped to a story),ORPHAN,-,happy,251_cancel_fee_payment_intent.sql,backend/migrations/251_cancel_fee_payment_intent.sql,NONE,INFERRED,orphan,-,-,-
Ride Fulfillment,Schema change (unmapped to a story),ORPHAN,-,happy,251_drivers_period1_accum_pending_index.sql,backend/migrations/251_drivers_period1_accum_pending_index.sql,NONE,INFERRED,orphan,-,-,-
Authentication & Authorization,Schema change (unmapped to a story),ORPHAN,-,happy,252_users_email_verified.sql,backend/migrations/252_users_email_verified.sql,NONE,INFERRED,orphan,-,-,-
"Safety, Trust & Fraud",Insurance period tracking,S-safety-02,"As a system, every driver moment maps to an insurance period, logged append-only",happy,253_insurance_period_transition_rpc.sql,backend/migrations/253_insurance_period_transition_rpc.sql,NONE,INFERRED,mapped,-,-,-
Ride Completion & Payments,Refunds/disputes on fares,S-pay-08,"As a rider, a disputed/failed charge is retried or refunded",happy,254_stripe_orphan_refunds.sql,backend/migrations/254_stripe_orphan_refunds.sql,NONE,INFERRED,mapped,-,-,-
Ride Completion & Payments,Refunds/disputes on fares,S-pay-08,"As a rider, a disputed/failed charge is retried or refunded",happy,255_stripe_orphan_refunds_unique_event.sql,backend/migrations/255_stripe_orphan_refunds_unique_event.sql,NONE,INFERRED,mapped,-,-,-
Legacy Import & Data Migration,Schema change (unmapped to a story),ORPHAN,-,happy,256_users_legacy_import_metadata.sql,backend/migrations/256_users_legacy_import_metadata.sql,NONE,INFERRED,orphan,-,-,-
Admin Dashboard & Operations,Schema change (unmapped to a story),ORPHAN,-,happy,256_users_role_reject_admin_values.sql,backend/migrations/256_users_role_reject_admin_values.sql,NONE,INFERRED,orphan,-,-,-
Promotions & Loyalty,Coupon/promo codes,S-promo-01,"As a rider, I can apply a promo code to a ride",happy,257_promo_per_user_atomic_claim.sql,backend/migrations/257_promo_per_user_atomic_claim.sql,NONE,INFERRED,mapped,-,-,-
Ride Completion & Payments,Schema change (unmapped to a story),ORPHAN,-,happy,257_stripe_id_unique_indexes.sql,backend/migrations/257_stripe_id_unique_indexes.sql,NONE,INFERRED,orphan,-,-,-
Corporate / B2B Billing,Allowance cap & ledger,S-corp-03,"As a corporate admin, member allowances are capped and tracked atomically",happy,258_corporate_allowance_cap_in_rpc.sql,backend/migrations/258_corporate_allowance_cap_in_rpc.sql,NONE,INFERRED,mapped,-,-,-
Platform Foundation & Schema,Schema change (unmapped to a story),ORPHAN,-,happy,259_provinces_reference_table.sql,backend/migrations/259_provinces_reference_table.sql,NONE,INFERRED,orphan,-,-,-
Authentication & Authorization,JWT/session,S-auth-03,"As a user, I hold a short-lived access token + rotating refresh token",happy,25_refresh_tokens_and_token_version.sql,backend/migrations/25_refresh_tokens_and_token_version.sql,NONE,INFERRED,mapped,-,-,-
Legacy Import & Data Migration,Schema change (unmapped to a story),ORPHAN,-,happy,260_provinces_backfill_and_fk.sql,backend/migrations/260_provinces_backfill_and_fk.sql,NONE,INFERRED,orphan,-,-,-
Corporate / B2B Billing,Allowance cap & ledger,S-corp-03,"As a corporate admin, member allowances are capped and tracked atomically",happy,261_corporate_allowance_actor_user_id_text.sql,backend/migrations/261_corporate_allowance_actor_user_id_text.sql,NONE,INFERRED,mapped,-,-,-
Platform Foundation & Schema,Schema change (unmapped to a story),ORPHAN,-,happy,262_data_transfer_export_jobs.sql,backend/migrations/262_data_transfer_export_jobs.sql,NONE,INFERRED,orphan,-,-,-
"Safety, Trust & Fraud",RLS policies,S-safety-04,"As a system, row-level security policies protect user data at the DB layer",happy,262_disputes_rls_lockdown.sql,backend/migrations/262_disputes_rls_lockdown.sql,NONE,INFERRED,mapped,-,-,-
Platform Foundation & Schema,Schema change (unmapped to a story),ORPHAN,-,happy,263_compliance_export_events.sql,backend/migrations/263_compliance_export_events.sql,NONE,INFERRED,orphan,-,-,-
Maps & Routing,Service-area geometry,S-maps-03,"As an admin, I define service-area boundaries",happy,263_service_areas_city_backfill.sql,backend/migrations/263_service_areas_city_backfill.sql,NONE,INFERRED,mapped,-,-,-
Platform Foundation & Schema,Schema change (unmapped to a story),ORPHAN,-,happy,264_data_transfer_export_reason.sql,backend/migrations/264_data_transfer_export_reason.sql,NONE,INFERRED,orphan,-,-,-
Ride Fulfillment,Schema change (unmapped to a story),ORPHAN,-,happy,265_drivers_regulatory_authority_backfill.sql,backend/migrations/265_drivers_regulatory_authority_backfill.sql,NONE,INFERRED,orphan,-,-,-
Platform Foundation & Schema,Schema change (unmapped to a story),ORPHAN,-,happy,266_meta_conversions_tracking.sql,backend/migrations/266_meta_conversions_tracking.sql,NONE,INFERRED,orphan,-,-,-
Admin Dashboard & Operations,Schema change (unmapped to a story),ORPHAN,-,happy,267_settings_add_ai_mcp_cap.sql,backend/migrations/267_settings_add_ai_mcp_cap.sql,NONE,INFERRED,orphan,-,-,-
Admin Dashboard & Operations,Data transfer / export,S-admin-05,"As an admin, I export data for PIPEDA access requests",happy,268_admin_export_approvals.sql,backend/migrations/268_admin_export_approvals.sql,NONE,INFERRED,mapped,-,-,-
Legacy Import & Data Migration,Schema change (unmapped to a story),ORPHAN,-,happy,268_rides_legacy_import_metadata.sql,backend/migrations/268_rides_legacy_import_metadata.sql,NONE,INFERRED,orphan,-,-,-
Admin Dashboard & Operations,Schema change (unmapped to a story),ORPHAN,-,happy,269_settings_admin_theme_v2.sql,backend/migrations/269_settings_admin_theme_v2.sql,NONE,INFERRED,orphan,-,-,-
"Safety, Trust & Fraud",RLS policies,S-safety-04,"As a system, row-level security policies protect user data at the DB layer",happy,26_rls_coverage_gap.sql,backend/migrations/26_rls_coverage_gap.sql,NONE,INFERRED,mapped,-,-,-
Admin Dashboard & Operations,Data transfer / export,S-admin-05,"As an admin, I export data for PIPEDA access requests",happy,270_export_approvals_admin_id_no_fk.sql,backend/migrations/270_export_approvals_admin_id_no_fk.sql,NONE,INFERRED,mapped,-,-,-
Ride Fulfillment,Schema change (unmapped to a story),ORPHAN,-,happy,271_recount_driver_total_rides_fn.sql,backend/migrations/271_recount_driver_total_rides_fn.sql,NONE,INFERRED,orphan,-,-,-
Driver Earnings & Payouts,Period statements,S-earn-02,"As a driver, I receive periodic earnings statements",happy,272_driver_statements.sql,backend/migrations/272_driver_statements.sql,NONE,INFERRED,mapped,-,-,-
Notifications & Messaging,FCM push offers,S-notif-01,"As a driver, I receive a push notification for a ride offer",happy,272_push_retry_queue_account_priority.sql,backend/migrations/272_push_retry_queue_account_priority.sql,NONE,INFERRED,mapped,-,-,-
Ride Fulfillment,Schema change (unmapped to a story),ORPHAN,-,happy,273_driver_onboarding_reminder_counts_fn.sql,backend/migrations/273_driver_onboarding_reminder_counts_fn.sql,NONE,INFERRED,orphan,-,-,-
Driver Earnings & Payouts,Period statements,S-earn-02,"As a driver, I receive periodic earnings statements",happy,273_driver_statements_fk_cascade.sql,backend/migrations/273_driver_statements_fk_cascade.sql,NONE,INFERRED,mapped,-,-,-
Admin Dashboard & Operations,Data transfer / export,S-admin-05,"As an admin, I export data for PIPEDA access requests",happy,274_data_transfer_export_jobs_admin_id_no_fk.sql,backend/migrations/274_data_transfer_export_jobs_admin_id_no_fk.sql,NONE,INFERRED,mapped,-,-,-
Ride Fulfillment,Schema change (unmapped to a story),ORPHAN,-,happy,275_drivers_regulator_removal_queue.sql,backend/migrations/275_drivers_regulator_removal_queue.sql,NONE,INFERRED,orphan,-,-,-
Ride Booking & Matching,Scheduled rides,S-book-06,"As a rider, I can schedule a ride for a future time",happy,276_rides_scheduled_time_index.sql,backend/migrations/276_rides_scheduled_time_index.sql,NONE,INFERRED,mapped,-,-,-
Corporate / B2B Billing,Allowance cap & ledger,S-corp-03,"As a corporate admin, member allowances are capped and tracked atomically",happy,277_corporate_allowance_grant_no_master_debit.sql,backend/migrations/277_corporate_allowance_grant_no_master_debit.sql,NONE,INFERRED,mapped,-,-,-
Admin Dashboard & Operations,Schema change (unmapped to a story),ORPHAN,-,happy,278_compliance_export_events_admin_id_no_fk.sql,backend/migrations/278_compliance_export_events_admin_id_no_fk.sql,NONE,INFERRED,orphan,-,-,-
Promotions & Loyalty,Driver quests/bonuses,S-promo-02,"As a driver, I complete quests for bonus incentives",happy,279_audit_logs_request_id.sql,backend/migrations/279_audit_logs_request_id.sql,NONE,INFERRED,mapped,-,-,-
Corporate / B2B Billing,Schema change (unmapped to a story),ORPHAN,-,happy,27_corporate_b2b_v1.sql,backend/migrations/27_corporate_b2b_v1.sql,NONE,INFERRED,orphan,-,-,-
Platform Foundation & Schema,Schema change (unmapped to a story),ORPHAN,-,happy,280_safety_incidents_merge.sql,backend/migrations/280_safety_incidents_merge.sql,NONE,INFERRED,orphan,-,-,-
Corporate / B2B Billing,Invoicing/subscriptions,S-corp-06,"As a corporate admin, my company is billed via a subscription plan",happy,281_corporate_subscriptions.sql,backend/migrations/281_corporate_subscriptions.sql,NONE,INFERRED,mapped,-,-,-
Corporate / B2B Billing,Schema change (unmapped to a story),ORPHAN,-,happy,282_corporate_section_budgets.sql,backend/migrations/282_corporate_section_budgets.sql,NONE,INFERRED,orphan,-,-,-
Corporate / B2B Billing,KYB verification,S-corp-02,"As a corporate admin, my company completes KYB verification",happy,283_corporate_kyb_reverification.sql,backend/migrations/283_corporate_kyb_reverification.sql,NONE,INFERRED,mapped,-,-,-
Ride Booking & Matching,Address/pickup validation,S-book-08,"As a rider, I can save/select addresses and favorites for pickup/dropoff",happy,284_saved_addresses_place_id.sql,backend/migrations/284_saved_addresses_place_id.sql,NONE,INFERRED,mapped,-,-,-
Platform Foundation & Schema,Schema change (unmapped to a story),ORPHAN,-,happy,285_retention_purge_compliance_export_events.sql,backend/migrations/285_retention_purge_compliance_export_events.sql,NONE,INFERRED,orphan,-,-,-
Platform Foundation & Schema,Schema change (unmapped to a story),ORPHAN,-,happy,286_financial_event_entries.sql,backend/migrations/286_financial_event_entries.sql,NONE,INFERRED,orphan,-,-,-
Admin Dashboard & Operations,Schema change (unmapped to a story),ORPHAN,-,happy,286_settings_lifecycle_emails_enabled.sql,backend/migrations/286_settings_lifecycle_emails_enabled.sql,NONE,INFERRED,orphan,-,-,-
Ride Completion & Payments,Schema change (unmapped to a story),ORPHAN,-,happy,286_stripe_id_mode_tracking.sql,backend/migrations/286_stripe_id_mode_tracking.sql,NONE,INFERRED,orphan,-,-,-
Platform Foundation & Schema,Schema change (unmapped to a story),ORPHAN,-,happy,287_financial_events_missing_legs_rpc.sql,backend/migrations/287_financial_events_missing_legs_rpc.sql,NONE,INFERRED,orphan,-,-,-
Corporate / B2B Billing,Schema change (unmapped to a story),ORPHAN,-,happy,287_settings_company_logo_url.sql,backend/migrations/287_settings_company_logo_url.sql,NONE,INFERRED,orphan,-,-,-
Ride Completion & Payments,Schema change (unmapped to a story),ORPHAN,-,happy,287_settings_stripe_reprovision_flag.sql,backend/migrations/287_settings_stripe_reprovision_flag.sql,NONE,INFERRED,orphan,-,-,-
Integrations & Webhooks,Stripe Connect/payout sync,S-integ-03,"As finance, Stripe Connect payouts are synced/ledgered",happy,288_driver_stripe_connect_ledger.sql,backend/migrations/288_driver_stripe_connect_ledger.sql,NONE,INFERRED,mapped,-,-,-
Ride Completion & Payments,Receipt generation,S-pay-05,"As a rider, I receive a receipt with GST/PST/booking fee/surge line items",happy,288_settings_branded_receipt_enabled.sql,backend/migrations/288_settings_branded_receipt_enabled.sql,NONE,INFERRED,mapped,-,-,-
Ride Completion & Payments,Schema change (unmapped to a story),ORPHAN,-,happy,288_settle_ride_card_payment.sql,backend/migrations/288_settle_ride_card_payment.sql,NONE,INFERRED,orphan,-,-,-
Ride Fulfillment,Schema change (unmapped to a story),ORPHAN,-,happy,289_driver_sin_encrypted.sql,backend/migrations/289_driver_sin_encrypted.sql,NONE,INFERRED,orphan,-,-,-
Platform Foundation & Schema,Schema change (unmapped to a story),ORPHAN,-,happy,289_financial_events_purge_delete_gate.sql,backend/migrations/289_financial_events_purge_delete_gate.sql,NONE,INFERRED,orphan,-,-,-
Ride Completion & Payments,Wallet settlement,S-pay-02,"As a rider, I can pay with wallet balance; insufficient balance is rejected cleanly",happy,28_corporate_wallet_rpc.sql,backend/migrations/28_corporate_wallet_rpc.sql,NONE,INFERRED,mapped,-,-,-
Platform Foundation & Schema,Schema change (unmapped to a story),ORPHAN,-,happy,28_requirement_key.sql,backend/migrations/28_requirement_key.sql,NONE,INFERRED,orphan,-,-,-
Platform Foundation & Schema,Schema change (unmapped to a story),ORPHAN,-,happy,290_financial_events_grant_lockdown.sql,backend/migrations/290_financial_events_grant_lockdown.sql,NONE,INFERRED,orphan,-,-,-
Platform Foundation & Schema,Schema change (unmapped to a story),ORPHAN,-,happy,291_financial_events_legs_pending_index.sql,backend/migrations/291_financial_events_legs_pending_index.sql,NONE,INFERRED,orphan,-,-,-
Platform Foundation & Schema,Schema change (unmapped to a story),ORPHAN,-,happy,292_financial_event_entries_created_at_index.sql,backend/migrations/292_financial_event_entries_created_at_index.sql,NONE,INFERRED,orphan,-,-,-
Platform Foundation & Schema,Schema change (unmapped to a story),ORPHAN,-,happy,293_financial_event_entries_unbalanced_scoped.sql,backend/migrations/293_financial_event_entries_unbalanced_scoped.sql,NONE,INFERRED,orphan,-,-,-
Ride Fulfillment,Schema change (unmapped to a story),ORPHAN,-,happy,294_financial_events_ride_id_set_null.sql,backend/migrations/294_financial_events_ride_id_set_null.sql,NONE,INFERRED,orphan,-,-,-
Platform Foundation & Schema,Schema change (unmapped to a story),ORPHAN,-,happy,295_financial_events_immutable_allows_fk_setnull.sql,backend/migrations/295_financial_events_immutable_allows_fk_setnull.sql,NONE,INFERRED,orphan,-,-,-
Platform Foundation & Schema,Schema change (unmapped to a story),ORPHAN,-,happy,296_pipeda_30day_profile_scrub.sql,backend/migrations/296_pipeda_30day_profile_scrub.sql,NONE,INFERRED,orphan,-,-,-
Corporate / B2B Billing,Schema change (unmapped to a story),ORPHAN,-,happy,297_corporate_rpc_ride_idempotency.sql,backend/migrations/297_corporate_rpc_ride_idempotency.sql,NONE,INFERRED,orphan,-,-,-
Ride Booking & Matching,Scheduled rides,S-book-06,"As a rider, I can schedule a ride for a future time",happy,298_rides_scheduled_index.sql,backend/migrations/298_rides_scheduled_index.sql,NONE,INFERRED,mapped,-,-,-
Ride Fulfillment,Schema change (unmapped to a story),ORPHAN,-,happy,299_rider_email_verification_otp.sql,backend/migrations/299_rider_email_verification_otp.sql,NONE,INFERRED,orphan,-,-,-
Corporate / B2B Billing,Allowance cap & ledger,S-corp-03,"As a corporate admin, member allowances are capped and tracked atomically",happy,29_corporate_allowance_rpc.sql,backend/migrations/29_corporate_allowance_rpc.sql,NONE,INFERRED,mapped,-,-,-
Ride Completion & Payments,Wallet settlement,S-pay-02,"As a rider, I can pay with wallet balance; insufficient balance is rejected cleanly",happy,29_wallet_fks_and_admin_types.sql,backend/migrations/29_wallet_fks_and_admin_types.sql,NONE,INFERRED,mapped,-,-,-
Driver Earnings & Payouts,Period statements,S-earn-02,"As a driver, I receive periodic earnings statements",happy,300_driver_statements_skipped_opted_out_comment.sql,backend/migrations/300_driver_statements_skipped_opted_out_comment.sql,NONE,INFERRED,mapped,-,-,-
Ride Fulfillment,Schema change (unmapped to a story),ORPHAN,-,happy,301_driver_decal_generation.sql,backend/migrations/301_driver_decal_generation.sql,NONE,INFERRED,orphan,-,-,-
Legacy Import & Data Migration,Schema change (unmapped to a story),ORPHAN,-,happy,302_ride_money_rollup_exclude_legacy.sql,backend/migrations/302_ride_money_rollup_exclude_legacy.sql,NONE,INFERRED,orphan,-,-,-
Legacy Import & Data Migration,Schema change (unmapped to a story),ORPHAN,-,happy,303_payouts_overview_ytd_exclude_legacy.sql,backend/migrations/303_payouts_overview_ytd_exclude_legacy.sql,NONE,INFERRED,orphan,-,-,-
Notifications & Messaging,In-app notifications,S-notif-03,"As a user, I see an in-app notification inbox",happy,304_settings_notification_throttling.sql,backend/migrations/304_settings_notification_throttling.sql,NONE,INFERRED,mapped,-,-,-
Integrations & Webhooks,Zoho Desk sync,S-integ-02,"As support, tickets sync to/from Zoho Desk",happy,305_zoho_desk_helpdesk_email_signature.sql,backend/migrations/305_zoho_desk_helpdesk_email_signature.sql,NONE,INFERRED,mapped,-,-,-
Integrations & Webhooks,Zoho Desk sync,S-integ-02,"As support, tickets sync to/from Zoho Desk",happy,306_zoho_desk_helpdesk_signature_enabled.sql,backend/migrations/306_zoho_desk_helpdesk_signature_enabled.sql,NONE,INFERRED,mapped,-,-,-
Ride Completion & Payments,Schema change (unmapped to a story),ORPHAN,-,happy,307_drop_dead_gst_hst_number_column.sql,backend/migrations/307_drop_dead_gst_hst_number_column.sql,NONE,INFERRED,orphan,-,-,-
Platform Foundation & Schema,Schema change (unmapped to a story),ORPHAN,-,happy,307_email_send_log_error_detail.sql,backend/migrations/307_email_send_log_error_detail.sql,NONE,INFERRED,orphan,-,-,-
Maps & Routing,Schema change (unmapped to a story),ORPHAN,-,happy,307_seed_saskatoon_pickup_venues.sql,backend/migrations/307_seed_saskatoon_pickup_venues.sql,NONE,INFERRED,orphan,-,-,-
Integrations & Webhooks,Zoho Desk sync,S-integ-02,"As support, tickets sync to/from Zoho Desk",happy,307_zoho_desk_helpdesk_signature_header.sql,backend/migrations/307_zoho_desk_helpdesk_signature_header.sql,NONE,INFERRED,mapped,-,-,-
Platform Foundation & Schema,Schema change (unmapped to a story),ORPHAN,-,happy,308_seed_saskatoon_stores.sql,backend/migrations/308_seed_saskatoon_stores.sql,NONE,INFERRED,orphan,-,-,-
Platform Foundation & Schema,Schema change (unmapped to a story),ORPHAN,-,happy,309_seed_saskatoon_retail_nightlife.sql,backend/migrations/309_seed_saskatoon_retail_nightlife.sql,NONE,INFERRED,orphan,-,-,-
Platform Foundation & Schema,Schema change (unmapped to a story),ORPHAN,-,happy,30_identity_audit.sql,backend/migrations/30_identity_audit.sql,NONE,INFERRED,orphan,-,-,-
Maps & Routing,Schema change (unmapped to a story),ORPHAN,-,happy,310_deactivate_unverified_saskatoon_venues.sql,backend/migrations/310_deactivate_unverified_saskatoon_venues.sql,NONE,INFERRED,orphan,-,-,-
Ride Fulfillment,Schema change (unmapped to a story),ORPHAN,-,happy,310_rides_area_created_idx.sql,backend/migrations/310_rides_area_created_idx.sql,NONE,INFERRED,orphan,-,-,-
Maps & Routing,H3 heatmapping,S-maps-04,"As an admin, I view demand heatmaps by H3 cell",happy,311_settings_heatmap_config.sql,backend/migrations/311_settings_heatmap_config.sql,NONE,INFERRED,mapped,-,-,-
Maps & Routing,Service-area geometry,S-maps-03,"As an admin, I define service-area boundaries",happy,312_service_areas_heatmap_config.sql,backend/migrations/312_service_areas_heatmap_config.sql,NONE,INFERRED,mapped,-,-,-
Ride Fulfillment,Schema change (unmapped to a story),ORPHAN,-,happy,313_fix_imported_ride_polyline_shape.sql,backend/migrations/313_fix_imported_ride_polyline_shape.sql,NONE,INFERRED,orphan,-,-,-
Ride Fulfillment,Schema change (unmapped to a story),ORPHAN,-,happy,313_rides_shared_trip_token_created_at.sql,backend/migrations/313_rides_shared_trip_token_created_at.sql,NONE,INFERRED,orphan,-,-,-
Admin Dashboard & Operations,Schema change (unmapped to a story),ORPHAN,-,happy,313_settings_missing_columns.sql,backend/migrations/313_settings_missing_columns.sql,NONE,INFERRED,orphan,-,-,-
Driver Earnings & Payouts,Per-driver payouts,S-earn-04,"As a driver, my earnings are paid out to my bank account",happy,314_auto_payout_and_instant_kill_switch.sql,backend/migrations/314_auto_payout_and_instant_kill_switch.sql,NONE,INFERRED,mapped,-,-,-
Platform Foundation & Schema,Schema change (unmapped to a story),ORPHAN,-,happy,315_safety_incidents_idempotency_key.sql,backend/migrations/315_safety_incidents_idempotency_key.sql,NONE,INFERRED,orphan,-,-,-
Maps & Routing,Service-area geometry,S-maps-03,"As an admin, I define service-area boundaries",happy,316_service_areas_safety_authority.sql,backend/migrations/316_service_areas_safety_authority.sql,NONE,INFERRED,mapped,-,-,-
Platform Foundation & Schema,Schema change (unmapped to a story),ORPHAN,-,happy,317_check_disabled_guard_triggers.sql,backend/migrations/317_check_disabled_guard_triggers.sql,NONE,INFERRED,orphan,-,-,-
Platform Foundation & Schema,Schema change (unmapped to a story),ORPHAN,-,happy,318_guard_trigger_ddl_realtime_audit.sql,backend/migrations/318_guard_trigger_ddl_realtime_audit.sql,NONE,INFERRED,orphan,-,-,-
"Safety, Trust & Fraud",License/ID/background checks,S-safety-03,"As a driver, my license and CRC/VSC are verified before I can drive",happy,319_driver_crc_consents.sql,backend/migrations/319_driver_crc_consents.sql,NONE,INFERRED,mapped,-,-,-
Ride Completion & Payments,Tip,S-pay-04,"As a rider, I can tip a driver after a ride; duplicate tips are rejected",happy,319_late_tip_debit_types.sql,backend/migrations/319_late_tip_debit_types.sql,NONE,INFERRED,mapped,-,-,-
Ride Fulfillment,Schema change (unmapped to a story),ORPHAN,-,happy,31_driver_dedup_and_constraints.sql,backend/migrations/31_driver_dedup_and_constraints.sql,NONE,INFERRED,orphan,-,-,-
"Safety, Trust & Fraud",Dispute/appeal handling,S-safety-06,"As a driver, I can appeal an admin decision",happy,320_driver_appeals.sql,backend/migrations/320_driver_appeals.sql,NONE,INFERRED,mapped,-,-,-
Ride Fulfillment,Schema change (unmapped to a story),ORPHAN,-,happy,321_purge_pii_retention_step_h_driver_rides_guard.sql,backend/migrations/321_purge_pii_retention_step_h_driver_rides_guard.sql,NONE,INFERRED,orphan,-,-,-
Ride Completion & Payments,Tip,S-pay-04,"As a rider, I can tip a driver after a ride; duplicate tips are rejected",happy,321_tip_collection.sql,backend/migrations/321_tip_collection.sql,NONE,INFERRED,mapped,-,-,-
"Safety, Trust & Fraud",SOS / emergency,S-safety-01,"As a rider/driver, I can trigger SOS and it notifies contacts + safety team",happy,322_consolidate_sos_faq.sql,backend/migrations/322_consolidate_sos_faq.sql,NONE,INFERRED,mapped,-,-,-
Ride Fulfillment,Schema change (unmapped to a story),ORPHAN,-,happy,323_purge_pii_retention_step_d_ride_messages_column_fix.sql,backend/migrations/323_purge_pii_retention_step_d_ride_messages_column_fix.sql,NONE,INFERRED,orphan,-,-,-
Integrations & Webhooks,Stripe webhooks,S-integ-01,"As a system, Stripe webhook events are claimed idempotently and processed",happy,324_purge_pii_retention_step_f_stripe_events_column_fix.sql,backend/migrations/324_purge_pii_retention_step_f_stripe_events_column_fix.sql,NONE,INFERRED,mapped,-,-,-
Admin Dashboard & Operations,Schema change (unmapped to a story),ORPHAN,-,happy,325_faq_answers_drop_ai_voice.sql,backend/migrations/325_faq_answers_drop_ai_voice.sql,NONE,INFERRED,orphan,-,-,-
Ride Completion & Payments,Schema change (unmapped to a story),ORPHAN,-,happy,326_stripe_disputes_evidence_tracking_columns.sql,backend/migrations/326_stripe_disputes_evidence_tracking_columns.sql,NONE,INFERRED,orphan,-,-,-
Admin Dashboard & Operations,Schema change (unmapped to a story),ORPHAN,-,happy,327_merge_duplicate_onboarding_faqs.sql,backend/migrations/327_merge_duplicate_onboarding_faqs.sql,NONE,INFERRED,orphan,-,-,-
Ride Completion & Payments,Schema change (unmapped to a story),ORPHAN,-,happy,327_stripe_disputes_evidence_reminder_claim_flag.sql,backend/migrations/327_stripe_disputes_evidence_reminder_claim_flag.sql,NONE,INFERRED,orphan,-,-,-
Legacy Import & Data Migration,Data-quality / crosswalk,S-legacy-04,"As ops, legacy record IDs are crosswalked and data-quality checked",happy,328_legacy_id_crosswalk.sql,backend/migrations/328_legacy_id_crosswalk.sql,NONE,INFERRED,mapped,-,-,-
Ride Fulfillment,Lost & found,S-fulfil-08,"As a rider/driver, I can report/claim a lost item after a ride",happy,328_lost_and_found_ride_driver_unique.sql,backend/migrations/328_lost_and_found_ride_driver_unique.sql,NONE,INFERRED,mapped,-,-,-
Ride Fulfillment,Schema change (unmapped to a story),ORPHAN,-,happy,329_drivers_dual_run_hold.sql,backend/migrations/329_drivers_dual_run_hold.sql,NONE,INFERRED,orphan,-,-,-
Platform Foundation & Schema,Schema change (unmapped to a story),ORPHAN,-,happy,32_encrypt_sensitive_fields.sql,backend/migrations/32_encrypt_sensitive_fields.sql,NONE,INFERRED,orphan,-,-,-
Corporate / B2B Billing,Schema change (unmapped to a story),ORPHAN,-,happy,330_seed_corporate_and_data_rights_faqs.sql,backend/migrations/330_seed_corporate_and_data_rights_faqs.sql,NONE,INFERRED,orphan,-,-,-
Driver Earnings & Payouts,Per-driver payouts,S-earn-04,"As a driver, my earnings are paid out to my bank account",happy,331_payouts_amount_numeric.sql,backend/migrations/331_payouts_amount_numeric.sql,NONE,INFERRED,mapped,-,-,-
Legacy Import & Data Migration,Schema change (unmapped to a story),ORPHAN,-,happy,332_backfill_legacy_ride_insurance_periods.sql,backend/migrations/332_backfill_legacy_ride_insurance_periods.sql,NONE,INFERRED,orphan,-,-,-
Ride Fulfillment,Schema change (unmapped to a story),ORPHAN,-,happy,333_drivers_regulatory_authority_backfill_round2.sql,backend/migrations/333_drivers_regulatory_authority_backfill_round2.sql,NONE,INFERRED,orphan,-,-,-
Authentication & Authorization,Schema change (unmapped to a story),ORPHAN,-,happy,334_users_consent_version.sql,backend/migrations/334_users_consent_version.sql,NONE,INFERRED,orphan,-,-,-
Ride Fulfillment,Schema change (unmapped to a story),ORPHAN,-,happy,335_purge_pii_retention_step_a_planned_route_polyline.sql,backend/migrations/335_purge_pii_retention_step_a_planned_route_polyline.sql,NONE,INFERRED,orphan,-,-,-
Promotions & Loyalty,Referral codes,S-promo-04,"As a rider/driver, I refer others and earn a reward",happy,336_referral_payout_velocity_cap_setting.sql,backend/migrations/336_referral_payout_velocity_cap_setting.sql,NONE,INFERRED,mapped,-,-,-
Ride Completion & Payments,Schema change (unmapped to a story),ORPHAN,-,happy,337_settle_ride_card_payment_idempotent_earnings.sql,backend/migrations/337_settle_ride_card_payment_idempotent_earnings.sql,NONE,INFERRED,orphan,-,-,-
Ride Completion & Payments,Tip,S-pay-04,"As a rider, I can tip a driver after a ride; duplicate tips are rejected",happy,338_fix_ride2_underpaid_tip_2026_08_19.sql,backend/migrations/338_fix_ride2_underpaid_tip_2026_08_19.sql,NONE,INFERRED,mapped,-,-,-
Ride Fulfillment,Lost & found,S-fulfil-08,"As a rider/driver, I can report/claim a lost item after a ride",happy,339_lost_and_found_message_images.sql,backend/migrations/339_lost_and_found_message_images.sql,NONE,INFERRED,mapped,-,-,-
Platform Foundation & Schema,Schema change (unmapped to a story),ORPHAN,-,happy,33_soft_delete_columns.sql,backend/migrations/33_soft_delete_columns.sql,NONE,INFERRED,orphan,-,-,-
Platform Foundation & Schema,Schema change (unmapped to a story),ORPHAN,-,happy,340_safety_incident_photos.sql,backend/migrations/340_safety_incident_photos.sql,NONE,INFERRED,orphan,-,-,-
Legacy Import & Data Migration,Schema change (unmapped to a story),ORPHAN,-,happy,341_exclude_legacy_from_remaining_admin_money_aggregates.sql,backend/migrations/341_exclude_legacy_from_remaining_admin_money_aggregates.sql,NONE,INFERRED,orphan,-,-,-
Admin Dashboard & Operations,Schema change (unmapped to a story),ORPHAN,-,happy,345_idle_v2_sessions_and_capture_flags.sql,backend/migrations/345_idle_v2_sessions_and_capture_flags.sql,NONE,INFERRED,orphan,-,-,-
Ride Fulfillment,Schema change (unmapped to a story),ORPHAN,-,happy,346_driver_period_distances_revisions.sql,backend/migrations/346_driver_period_distances_revisions.sql,NONE,INFERRED,orphan,-,-,-
Ride Fulfillment,Schema change (unmapped to a story),ORPHAN,-,happy,347_driver_daily_stats_phase_seconds.sql,backend/migrations/347_driver_daily_stats_phase_seconds.sql,NONE,INFERRED,orphan,-,-,-
Platform Foundation & Schema,Schema change (unmapped to a story),ORPHAN,-,happy,348_phase_distances_fn_v2.sql,backend/migrations/348_phase_distances_fn_v2.sql,NONE,INFERRED,orphan,-,-,-
Legacy Import & Data Migration,Schema change (unmapped to a story),ORPHAN,-,happy,349_exclude_legacy_cancelled_from_cancellation_analytics.sql,backend/migrations/349_exclude_legacy_cancelled_from_cancellation_analytics.sql,NONE,INFERRED,orphan,-,-,-
Ride Fulfillment,Schema change (unmapped to a story),ORPHAN,-,happy,349_route_booked_dropoff_anchor_flag.sql,backend/migrations/349_route_booked_dropoff_anchor_flag.sql,NONE,INFERRED,orphan,-,-,-
Ride Fulfillment,Schema change (unmapped to a story),ORPHAN,-,happy,34_rides_performance_indexes.sql,backend/migrations/34_rides_performance_indexes.sql,NONE,INFERRED,orphan,-,-,-
Platform Foundation & Schema,Schema change (unmapped to a story),ORPHAN,-,happy,350_analytics_regina_buckets_and_area_scope.sql,backend/migrations/350_analytics_regina_buckets_and_area_scope.sql,NONE,INFERRED,orphan,-,-,-
Platform Foundation & Schema,Schema change (unmapped to a story),ORPHAN,-,happy,351_marketplace_funnel_and_supply_fns.sql,backend/migrations/351_marketplace_funnel_and_supply_fns.sql,NONE,INFERRED,orphan,-,-,-
Platform Foundation & Schema,Schema change (unmapped to a story),ORPHAN,-,happy,352_efficiency_and_financial_fns.sql,backend/migrations/352_efficiency_and_financial_fns.sql,NONE,INFERRED,orphan,-,-,-
"Safety, Trust & Fraud",SOS / emergency,S-safety-01,"As a rider/driver, I can trigger SOS and it notifies contacts + safety team",happy,353_rideless_sos_enabled_flag.sql,backend/migrations/353_rideless_sos_enabled_flag.sql,NONE,INFERRED,mapped,-,-,-
Corporate / B2B Billing,KYB verification,S-corp-02,"As a corporate admin, my company completes KYB verification",happy,354_kyb_documents_bucket_private.sql,backend/migrations/354_kyb_documents_bucket_private.sql,NONE,INFERRED,mapped,-,-,-
Platform Foundation & Schema,Schema change (unmapped to a story),ORPHAN,-,happy,354_revoke_public_execute_on_security_definer_fns.sql,backend/migrations/354_revoke_public_execute_on_security_definer_fns.sql,NONE,INFERRED,orphan,-,-,-
"Safety, Trust & Fraud",Insurance period tracking,S-safety-02,"As a system, every driver moment maps to an insurance period, logged append-only",happy,355_driver_insurance_period_corrections.sql,backend/migrations/355_driver_insurance_period_corrections.sql,NONE,INFERRED,mapped,-,-,-
Legacy Import & Data Migration,Legacy consent/badge,S-legacy-06,"As a legacy user, I see consent/notice about migrated data",happy,356_legacy_consent_notice_enabled_flag.sql,backend/migrations/356_legacy_consent_notice_enabled_flag.sql,NONE,INFERRED,mapped,-,-,-
"Safety, Trust & Fraud",Schema change (unmapped to a story),ORPHAN,-,happy,357_encrypt_emergency_contacts.sql,backend/migrations/357_encrypt_emergency_contacts.sql,NONE,INFERRED,orphan,-,-,-
"Safety, Trust & Fraud",SOS / emergency,S-safety-01,"As a rider/driver, I can trigger SOS and it notifies contacts + safety team",happy,358_sos_contact_suppressions.sql,backend/migrations/358_sos_contact_suppressions.sql,NONE,INFERRED,mapped,-,-,-
"Safety, Trust & Fraud",Schema change (unmapped to a story),ORPHAN,-,happy,359_fix_emergency_contact_pii_vault_functions.sql,backend/migrations/359_fix_emergency_contact_pii_vault_functions.sql,NONE,INFERRED,orphan,-,-,-
Authentication & Authorization,JWT/session,S-auth-03,"As a user, I hold a short-lived access token + rotating refresh token",happy,35_refresh_tokens_revoked_at_backfill.sql,backend/migrations/35_refresh_tokens_revoked_at_backfill.sql,NONE,INFERRED,mapped,-,-,-
Ride Fulfillment,Schema change (unmapped to a story),ORPHAN,-,happy,360_widen_legal_documents_doc_type.sql,backend/migrations/360_widen_legal_documents_doc_type.sql,NONE,INFERRED,orphan,-,-,-
Ride Fulfillment,Schema change (unmapped to a story),ORPHAN,-,happy,361_seed_new_legal_documents.sql,backend/migrations/361_seed_new_legal_documents.sql,NONE,INFERRED,orphan,-,-,-
Ride Fulfillment,Schema change (unmapped to a story),ORPHAN,-,happy,362_fix_rider_email_verification_otp_user_id_type.sql,backend/migrations/362_fix_rider_email_verification_otp_user_id_type.sql,NONE,INFERRED,orphan,-,-,-
Ride Fulfillment,In-ride chat,S-fulfil-06,"As a rider/driver, I can chat during an active ride",happy,363_settings_add_ai_public_chat_enabled.sql,backend/migrations/363_settings_add_ai_public_chat_enabled.sql,NONE,INFERRED,mapped,-,-,-
Legacy Import & Data Migration,Schema change (unmapped to a story),ORPHAN,-,happy,364_settings_add_legacy_ride_badge_enabled_flag.sql,backend/migrations/364_settings_add_legacy_ride_badge_enabled_flag.sql,NONE,INFERRED,orphan,-,-,-
"Safety, Trust & Fraud",Schema change (unmapped to a story),ORPHAN,-,happy,365_merge_duplicate_crc_and_payout_faqs.sql,backend/migrations/365_merge_duplicate_crc_and_payout_faqs.sql,NONE,INFERRED,orphan,-,-,-
"Safety, Trust & Fraud",Schema change (unmapped to a story),ORPHAN,-,happy,366_seed_retention_and_passenger_insurance_faqs.sql,backend/migrations/366_seed_retention_and_passenger_insurance_faqs.sql,NONE,INFERRED,orphan,-,-,-
Admin Dashboard & Operations,Schema change (unmapped to a story),ORPHAN,-,happy,367_seed_remaining_compliance_faqs.sql,backend/migrations/367_seed_remaining_compliance_faqs.sql,NONE,INFERRED,orphan,-,-,-
Ride Fulfillment,Schema change (unmapped to a story),ORPHAN,-,happy,368_add_driver_documents_indexes.sql,backend/migrations/368_add_driver_documents_indexes.sql,NONE,INFERRED,orphan,-,-,-
Platform Foundation & Schema,Schema change (unmapped to a story),ORPHAN,-,happy,369_drop_duplicate_indexes.sql,backend/migrations/369_drop_duplicate_indexes.sql,NONE,INFERRED,orphan,-,-,-
Corporate / B2B Billing,Schema change (unmapped to a story),ORPHAN,-,happy,36_rides_corporate_member_id.sql,backend/migrations/36_rides_corporate_member_id.sql,NONE,INFERRED,orphan,-,-,-
Platform Foundation & Schema,Schema change (unmapped to a story),ORPHAN,-,happy,370_add_unresolved_at_completion_status_to_gap_events.sql,backend/migrations/370_add_unresolved_at_completion_status_to_gap_events.sql,NONE,INFERRED,orphan,-,-,-
Driver Earnings & Payouts,Earnings calculation,S-earn-01,"As a driver, I see accurate per-trip and period earnings (100% of fare)",happy,370_driver_earnings_rollup_fn.sql,backend/migrations/370_driver_earnings_rollup_fn.sql,NONE,INFERRED,mapped,-,-,-
Ride Fulfillment,Real-time location (WS),S-fulfil-02,"As a rider/driver, I see live location updates during the ride via WebSocket",happy,370_location_marker_write_gate_flag.sql,backend/migrations/370_location_marker_write_gate_flag.sql,NONE,INFERRED,mapped,-,-,-
Ride Fulfillment,Schema change (unmapped to a story),ORPHAN,-,happy,371_route_gap_latest_captures_fn.sql,backend/migrations/371_route_gap_latest_captures_fn.sql,NONE,INFERRED,orphan,-,-,-
Platform Foundation & Schema,Schema change (unmapped to a story),ORPHAN,-,happy,372_lockdown_rollup_fns_public_execute.sql,backend/migrations/372_lockdown_rollup_fns_public_execute.sql,NONE,INFERRED,orphan,-,-,-
Legacy Import & Data Migration,Schema change (unmapped to a story),ORPHAN,-,happy,373_saved_addresses_legacy_import_metadata.sql,backend/migrations/373_saved_addresses_legacy_import_metadata.sql,NONE,INFERRED,orphan,-,-,-
Admin Dashboard & Operations,Schema change (unmapped to a story),ORPHAN,-,happy,374_settings_admin_command_palette.sql,backend/migrations/374_settings_admin_command_palette.sql,NONE,INFERRED,orphan,-,-,-
Promotions & Loyalty,Driver quests/bonuses,S-promo-02,"As a driver, I complete quests for bonus incentives",happy,375_incentive_eligibility_enforcement_flag.sql,backend/migrations/375_incentive_eligibility_enforcement_flag.sql,NONE,INFERRED,mapped,-,-,-
Ride Completion & Payments,Wallet settlement,S-pay-02,"As a rider, I can pay with wallet balance; insufficient balance is rejected cleanly",happy,376_corporate_wallet_adjust_idempotency.sql,backend/migrations/376_corporate_wallet_adjust_idempotency.sql,NONE,INFERRED,mapped,-,-,-
Maps & Routing,Service-area geometry,S-maps-03,"As an admin, I define service-area boundaries",happy,376_service_area_tax_history.sql,backend/migrations/376_service_area_tax_history.sql,NONE,INFERRED,mapped,-,-,-
Integrations & Webhooks,Zoho Desk sync,S-integ-02,"As support, tickets sync to/from Zoho Desk",happy,377_zoho_desk_tickets_sla_breach_alerted.sql,backend/migrations/377_zoho_desk_tickets_sla_breach_alerted.sql,NONE,INFERRED,mapped,-,-,-
"Safety, Trust & Fraud",RLS policies,S-safety-04,"As a system, row-level security policies protect user data at the DB layer",happy,378_saved_addresses_rls_policies.sql,backend/migrations/378_saved_addresses_rls_policies.sql,NONE,INFERRED,mapped,-,-,-
Legacy Import & Data Migration,Driver import,S-legacy-01,"As ops, legacy drivers are imported/backfilled",happy,379_enable_rls_settings_document_files_driver_imports.sql,backend/migrations/379_enable_rls_settings_document_files_driver_imports.sql,NONE,INFERRED,mapped,RECURRENCE-005,-,-
Ride Fulfillment,Schema change (unmapped to a story),ORPHAN,-,happy,37_rides_cancellation_fields.sql,backend/migrations/37_rides_cancellation_fields.sql,NONE,INFERRED,orphan,-,-,-
Admin Dashboard & Operations,Schema change (unmapped to a story),ORPHAN,-,happy,380_admin_dispute_stats_rollup_fn.sql,backend/migrations/380_admin_dispute_stats_rollup_fn.sql,NONE,INFERRED,orphan,-,-,-
Admin Dashboard & Operations,Schema change (unmapped to a story),ORPHAN,-,happy,381_admin_cloud_message_stats_rollup_fn.sql,backend/migrations/381_admin_cloud_message_stats_rollup_fn.sql,NONE,INFERRED,orphan,-,-,-
Promotions & Loyalty,Driver quests/bonuses,S-promo-02,"As a driver, I complete quests for bonus incentives",happy,382_admin_incentive_claims_sum_fn.sql,backend/migrations/382_admin_incentive_claims_sum_fn.sql,NONE,INFERRED,mapped,-,-,-
Admin Dashboard & Operations,Schema change (unmapped to a story),ORPHAN,-,happy,383_admin_mrr_at_cutoff_fn.sql,backend/migrations/383_admin_mrr_at_cutoff_fn.sql,NONE,INFERRED,orphan,-,-,-
Driver Earnings & Payouts,Per-driver payouts,S-earn-04,"As a driver, my earnings are paid out to my bank account",happy,384_admin_payout_window_stats_fn.sql,backend/migrations/384_admin_payout_window_stats_fn.sql,NONE,INFERRED,mapped,-,-,-
Promotions & Loyalty,Marketing/subscriptions,S-promo-05,"As a rider/driver, I subscribe to a paid plan (Spinr Pass)",happy,385_admin_subscription_stats_rollup_fn.sql,backend/migrations/385_admin_subscription_stats_rollup_fn.sql,NONE,INFERRED,mapped,-,-,-
Promotions & Loyalty,Referral codes,S-promo-04,"As a rider/driver, I refer others and earn a reward",happy,386_admin_driver_referral_board_fn.sql,backend/migrations/386_admin_driver_referral_board_fn.sql,NONE,INFERRED,mapped,-,-,-
Admin Dashboard & Operations,Schema change (unmapped to a story),ORPHAN,-,happy,387_admin_referred_user_count_fn.sql,backend/migrations/387_admin_referred_user_count_fn.sql,NONE,INFERRED,orphan,-,-,-
Ride Fulfillment,Schema change (unmapped to a story),ORPHAN,-,happy,388_admin_daily_ride_stats_fn.sql,backend/migrations/388_admin_daily_ride_stats_fn.sql,NONE,INFERRED,orphan,-,-,-
Ride Fulfillment,Schema change (unmapped to a story),ORPHAN,-,happy,389_admin_driver_ride_summary_fn.sql,backend/migrations/389_admin_driver_ride_summary_fn.sql,NONE,INFERRED,orphan,-,-,-
Ride Fulfillment,Schema change (unmapped to a story),ORPHAN,-,happy,38_rides_cancellation_attribution.sql,backend/migrations/38_rides_cancellation_attribution.sql,NONE,INFERRED,orphan,-,-,-
Ride Fulfillment,Schema change (unmapped to a story),ORPHAN,-,happy,390_admin_driver_bonus_summary_fn.sql,backend/migrations/390_admin_driver_bonus_summary_fn.sql,NONE,INFERRED,orphan,-,-,-
Driver Earnings & Payouts,Per-driver payouts,S-earn-04,"As a driver, my earnings are paid out to my bank account",happy,391_admin_payout_period_snapshot_fn.sql,backend/migrations/391_admin_payout_period_snapshot_fn.sql,NONE,INFERRED,mapped,-,-,-
Admin Dashboard & Operations,Schema change (unmapped to a story),ORPHAN,-,happy,392_admin_email_log_stats_fn.sql,backend/migrations/392_admin_email_log_stats_fn.sql,NONE,INFERRED,orphan,-,-,-
Promotions & Loyalty,Coupon/promo codes,S-promo-01,"As a rider, I can apply a promo code to a ride",happy,393_admin_promo_stats_fn.sql,backend/migrations/393_admin_promo_stats_fn.sql,NONE,INFERRED,mapped,-,-,-
Admin Dashboard & Operations,Schema change (unmapped to a story),ORPHAN,-,happy,394_admin_audit_actor_stats_fn.sql,backend/migrations/394_admin_audit_actor_stats_fn.sql,NONE,INFERRED,orphan,-,-,-
Promotions & Loyalty,Marketing/subscriptions,S-promo-05,"As a rider/driver, I subscribe to a paid plan (Spinr Pass)",happy,395_fix_subscription_stats_uuid_casts.sql,backend/migrations/395_fix_subscription_stats_uuid_casts.sql,NONE,INFERRED,mapped,-,-,-
Platform Foundation & Schema,Schema change (unmapped to a story),ORPHAN,-,happy,396_enable_dual_approval_exports.sql,backend/migrations/396_enable_dual_approval_exports.sql,NONE,INFERRED,orphan,-,-,-
Maps & Routing,H3 heatmapping,S-maps-04,"As an admin, I view demand heatmaps by H3 cell",happy,397_h3_dispatch_geo_settings.sql,backend/migrations/397_h3_dispatch_geo_settings.sql,NONE,INFERRED,mapped,-,-,-
Ride Fulfillment,Real-time location (WS),S-fulfil-02,"As a rider/driver, I see live location updates during the ride via WebSocket",happy,398_drivers_nearby_location_geog.sql,backend/migrations/398_drivers_nearby_location_geog.sql,NONE,INFERRED,mapped,-,-,-
Ride Completion & Payments,Schema change (unmapped to a story),ORPHAN,-,happy,399_transactional_outbox.sql,backend/migrations/399_transactional_outbox.sql,NONE,INFERRED,orphan,-,-,-
Ride Fulfillment,Schema change (unmapped to a story),ORPHAN,-,happy,39_rides_phase_polylines_durations.sql,backend/migrations/39_rides_phase_polylines_durations.sql,NONE,INFERRED,orphan,-,-,-
Platform Foundation & Schema,Schema change (unmapped to a story),ORPHAN,-,happy,400_seed_deactivation_appeals_policy.sql,backend/migrations/400_seed_deactivation_appeals_policy.sql,NONE,INFERRED,orphan,-,-,-
Ride Booking & Matching,Offer matching,S-book-03,"As a driver, I receive ride offers matched to my location/vehicle/WAV status",happy,401_settings_dispatch_direct_pool_enabled.sql,backend/migrations/401_settings_dispatch_direct_pool_enabled.sql,NONE,INFERRED,mapped,-,-,-
Ride Booking & Matching,Offer matching,S-book-03,"As a driver, I receive ride offers matched to my location/vehicle/WAV status",happy,402_dispatch_claim_batch.sql,backend/migrations/402_dispatch_claim_batch.sql,NONE,INFERRED,mapped,DISPATCH-002,-,-
Ride Booking & Matching,Offer matching,S-book-03,"As a driver, I receive ride offers matched to my location/vehicle/WAV status",happy,403_dispatch_claim_batch_v2.sql,backend/migrations/403_dispatch_claim_batch_v2.sql,NONE,INFERRED,mapped,DISPATCH-002,-,-
Ride Booking & Matching,Offer matching,S-book-03,"As a driver, I receive ride offers matched to my location/vehicle/WAV status",happy,404_dispatch_candidate_pool_and_provider_default.sql,backend/migrations/404_dispatch_candidate_pool_and_provider_default.sql,NONE,INFERRED,mapped,-,-,-
Ride Fulfillment,Schema change (unmapped to a story),ORPHAN,-,happy,405_drivers_license_issue_date.sql,backend/migrations/405_drivers_license_issue_date.sql,NONE,INFERRED,orphan,-,-,-
"Safety, Trust & Fraud",License/ID/background checks,S-safety-03,"As a driver, my license and CRC/VSC are verified before I can drive",happy,406_seed_background_check_consent_policy.sql,backend/migrations/406_seed_background_check_consent_policy.sql,NONE,INFERRED,mapped,-,-,-
Ride Completion & Payments,Tip,S-pay-04,"As a rider, I can tip a driver after a ride; duplicate tips are rejected",happy,407_ride_payment_sources_tip_amount.sql,backend/migrations/407_ride_payment_sources_tip_amount.sql,NONE,INFERRED,mapped,-,-,-
Ride Completion & Payments,Refunds/disputes on fares,S-pay-08,"As a rider, a disputed/failed charge is retried or refunded",happy,408_rides_refund_amount.sql,backend/migrations/408_rides_refund_amount.sql,NONE,INFERRED,mapped,-,-,-
AI Assistant,Schema change (unmapped to a story),ORPHAN,-,happy,409_ai_stream_incremental_kill_switch.sql,backend/migrations/409_ai_stream_incremental_kill_switch.sql,NONE,INFERRED,orphan,-,-,-
Ride Fulfillment,Schema change (unmapped to a story),ORPHAN,-,happy,40_rides_ride_code.sql,backend/migrations/40_rides_ride_code.sql,NONE,INFERRED,orphan,-,-,-
Ride Completion & Payments,Schema change (unmapped to a story),ORPHAN,-,happy,410_ai_fare_quote_show_unavailable.sql,backend/migrations/410_ai_fare_quote_show_unavailable.sql,NONE,INFERRED,orphan,-,-,-
Platform Foundation & Schema,Schema change (unmapped to a story),ORPHAN,-,happy,411_cancellation_breakdown_structured_attribution.sql,backend/migrations/411_cancellation_breakdown_structured_attribution.sql,NONE,INFERRED,orphan,-,-,-
"Safety, Trust & Fraud",RLS policies,S-safety-04,"As a system, row-level security policies protect user data at the DB layer",happy,412_lost_and_found_messages_rls_driver_visibility_fix.sql,backend/migrations/412_lost_and_found_messages_rls_driver_visibility_fix.sql,NONE,INFERRED,mapped,-,-,-
Ride Fulfillment,Schema change (unmapped to a story),ORPHAN,-,happy,413_purge_driver_pii_secret_fn.sql,backend/migrations/413_purge_driver_pii_secret_fn.sql,NONE,INFERRED,orphan,-,-,-
Ride Completion & Payments,Schema change (unmapped to a story),ORPHAN,-,happy,414_rides_payment_failure_reason.sql,backend/migrations/414_rides_payment_failure_reason.sql,NONE,INFERRED,orphan,-,-,-
Admin Dashboard & Operations,Schema change (unmapped to a story),ORPHAN,-,happy,415_directions_proxy_enabled_flag.sql,backend/migrations/415_directions_proxy_enabled_flag.sql,NONE,INFERRED,orphan,-,-,-
"Safety, Trust & Fraud",RLS policies,S-safety-04,"As a system, row-level security policies protect user data at the DB layer",happy,416_corporate_accounts_rls_super_admin_fix.sql,backend/migrations/416_corporate_accounts_rls_super_admin_fix.sql,NONE,INFERRED,mapped,-,-,-
Admin Dashboard & Operations,Schema change (unmapped to a story),ORPHAN,-,happy,417_webhook_preauth_failure_ack_flag.sql,backend/migrations/417_webhook_preauth_failure_ack_flag.sql,NONE,INFERRED,orphan,-,-,-
Ride Fulfillment,Schema change (unmapped to a story),ORPHAN,-,happy,418_settings_driver_turn_by_turn_enabled.sql,backend/migrations/418_settings_driver_turn_by_turn_enabled.sql,NONE,INFERRED,orphan,-,-,-
Corporate / B2B Billing,Invoicing/subscriptions,S-corp-06,"As a corporate admin, my company is billed via a subscription plan",happy,419_corporate_subscription_billing_pilot.sql,backend/migrations/419_corporate_subscription_billing_pilot.sql,NONE,INFERRED,mapped,-,-,-
Ride Fulfillment,Schema change (unmapped to a story),ORPHAN,-,happy,41_rides_route_snapshot_url.sql,backend/migrations/41_rides_route_snapshot_url.sql,NONE,INFERRED,orphan,-,-,-
Admin Dashboard & Operations,Schema change (unmapped to a story),ORPHAN,-,happy,420_settings_missing_columns_round2.sql,backend/migrations/420_settings_missing_columns_round2.sql,NONE,INFERRED,orphan,-,-,-
"Safety, Trust & Fraud",Insurance period tracking,S-safety-02,"As a system, every driver moment maps to an insurance period, logged append-only",happy,421_insurance_period_ride_identity.sql,backend/migrations/421_insurance_period_ride_identity.sql,NONE,INFERRED,mapped,-,-,-
Ride Booking & Matching,Offer matching,S-book-03,"As a driver, I receive ride offers matched to my location/vehicle/WAV status",happy,422_dispatch_latency_by_zone.sql,backend/migrations/422_dispatch_latency_by_zone.sql,NONE,INFERRED,mapped,-,-,-
Platform Foundation & Schema,Schema change (unmapped to a story),ORPHAN,-,happy,423_retention_cohorts.sql,backend/migrations/423_retention_cohorts.sql,NONE,INFERRED,orphan,-,-,-
Ride Booking & Matching,Offer matching,S-book-03,"As a driver, I receive ride offers matched to my location/vehicle/WAV status",happy,424_settings_minimal_fcm_offer_payload_enabled.sql,backend/migrations/424_settings_minimal_fcm_offer_payload_enabled.sql,NONE,INFERRED,mapped,-,-,-
Ride Fulfillment,Schema change (unmapped to a story),ORPHAN,-,happy,425_route_interleaved_capture_flag.sql,backend/migrations/425_route_interleaved_capture_flag.sql,NONE,INFERRED,orphan,-,-,-
Maps & Routing,Service-area geometry,S-maps-03,"As an admin, I define service-area boundaries",happy,426_service_area_scheduled_rides.sql,backend/migrations/426_service_area_scheduled_rides.sql,NONE,INFERRED,mapped,-,-,-
Ride Fulfillment,Real-time location (WS),S-fulfil-02,"As a rider/driver, I see live location updates during the ride via WebSocket",happy,427_background_location_delivery_flag.sql,backend/migrations/427_background_location_delivery_flag.sql,NONE,INFERRED,mapped,-,-,-
Ride Fulfillment,Real-time location (WS),S-fulfil-02,"As a rider/driver, I see live location updates during the ride via WebSocket",happy,428_driver_stationary_tracking_flag.sql,backend/migrations/428_driver_stationary_tracking_flag.sql,NONE,INFERRED,mapped,-,-,-
Authentication & Authorization,Session management,S-auth-05,"As a user, my session persists safely and logs out on invalid refresh",happy,428_posthog_session_replay.sql,backend/migrations/428_posthog_session_replay.sql,NONE,INFERRED,mapped,-,-,-
Platform Foundation & Schema,Schema change (unmapped to a story),ORPHAN,-,happy,429_agent_action_log.sql,backend/migrations/429_agent_action_log.sql,NONE,INFERRED,orphan,-,-,-
Ride Fulfillment,Schema change (unmapped to a story),ORPHAN,-,happy,42_drivers_last_status_changed_at.sql,backend/migrations/42_drivers_last_status_changed_at.sql,NONE,INFERRED,orphan,-,-,-
"Safety, Trust & Fraud",RLS policies,S-safety-04,"As a system, row-level security policies protect user data at the DB layer",happy,430_admin_role_rls_unreachable_service_role_only.sql,backend/migrations/430_admin_role_rls_unreachable_service_role_only.sql,NONE,INFERRED,mapped,-,-,-
Corporate / B2B Billing,Schema change (unmapped to a story),ORPHAN,-,happy,431_drop_stray_corporate_accounts_admin_policy.sql,backend/migrations/431_drop_stray_corporate_accounts_admin_policy.sql,NONE,INFERRED,orphan,-,-,-
"Safety, Trust & Fraud",RLS policies,S-safety-04,"As a system, row-level security policies protect user data at the DB layer",happy,432_admin_role_rls_unreachable_phase1.sql,backend/migrations/432_admin_role_rls_unreachable_phase1.sql,NONE,INFERRED,mapped,-,-,-
"Safety, Trust & Fraud",RLS policies,S-safety-04,"As a system, row-level security policies protect user data at the DB layer",happy,433_admin_role_rls_unreachable_phase2_safety_insurance.sql,backend/migrations/433_admin_role_rls_unreachable_phase2_safety_insurance.sql,NONE,INFERRED,mapped,-,-,-
Platform Foundation & Schema,Schema change (unmapped to a story),ORPHAN,-,happy,434_fix_audit_logs_delete_trigger_conflict.sql,backend/migrations/434_fix_audit_logs_delete_trigger_conflict.sql,NONE,INFERRED,orphan,-,-,-
"Safety, Trust & Fraud",Schema change (unmapped to a story),ORPHAN,-,happy,435_ride_distance_integrity_immutability.sql,backend/migrations/435_ride_distance_integrity_immutability.sql,NONE,INFERRED,orphan,-,-,-
Notifications & Messaging,In-app notifications,S-notif-03,"As a user, I see an in-app notification inbox",happy,436_notifications_audience.sql,backend/migrations/436_notifications_audience.sql,NONE,INFERRED,mapped,-,-,-
Authentication & Authorization,JWT/session,S-auth-03,"As a user, I hold a short-lived access token + rotating refresh token",happy,436_purge_retention_never_revoked_refresh_tokens.sql,backend/migrations/436_purge_retention_never_revoked_refresh_tokens.sql,NONE,INFERRED,mapped,-,-,-
"Safety, Trust & Fraud",RLS policies,S-safety-04,"As a system, row-level security policies protect user data at the DB layer",happy,437_notifications_rls.sql,backend/migrations/437_notifications_rls.sql,NONE,INFERRED,mapped,-,-,-
Ride Completion & Payments,Tip,S-pay-04,"As a rider, I can tip a driver after a ride; duplicate tips are rejected",happy,438_settings_min_tip_amount.sql,backend/migrations/438_settings_min_tip_amount.sql,NONE,INFERRED,mapped,-,-,-
"Safety, Trust & Fraud",RLS policies,S-safety-04,"As a system, row-level security policies protect user data at the DB layer",happy,439_agent_action_log_rls_and_indexes.sql,backend/migrations/439_agent_action_log_rls_and_indexes.sql,NONE,INFERRED,mapped,-,-,-
Maps & Routing,Service-area geometry,S-maps-03,"As an admin, I define service-area boundaries",happy,43_service_areas_surge_source.sql,backend/migrations/43_service_areas_surge_source.sql,NONE,INFERRED,mapped,-,-,-
Admin Dashboard & Operations,Schema change (unmapped to a story),ORPHAN,-,happy,440_env_admin_token_version.sql,backend/migrations/440_env_admin_token_version.sql,NONE,INFERRED,orphan,-,-,-
Authentication & Authorization,JWT/session,S-auth-03,"As a user, I hold a short-lived access token + rotating refresh token",happy,441_refresh_token_revocation_reason.sql,backend/migrations/441_refresh_token_revocation_reason.sql,NONE,INFERRED,mapped,-,-,-
Ride Booking & Matching,Offer matching,S-book-03,"As a driver, I receive ride offers matched to my location/vehicle/WAV status",happy,442_release_cancelled_batch_offer.sql,backend/migrations/442_release_cancelled_batch_offer.sql,NONE,INFERRED,mapped,-,-,-
Platform Foundation & Schema,Schema change (unmapped to a story),ORPHAN,-,happy,443_settle_card_paid_at.sql,backend/migrations/443_settle_card_paid_at.sql,NONE,INFERRED,orphan,-,-,-
Ride Completion & Payments,Schema change (unmapped to a story),ORPHAN,-,happy,444_ride_payment_operations.sql,backend/migrations/444_ride_payment_operations.sql,NONE,INFERRED,orphan,-,-,-
Ride Fulfillment,Schema change (unmapped to a story),ORPHAN,-,happy,445_monotonic_live_driver_marker.sql,backend/migrations/445_monotonic_live_driver_marker.sql,NONE,INFERRED,orphan,-,-,-
Ride Completion & Payments,Refunds/disputes on fares,S-pay-08,"As a rider, a disputed/failed charge is retried or refunded",happy,446_atomic_stripe_refund_cumulative.sql,backend/migrations/446_atomic_stripe_refund_cumulative.sql,NONE,INFERRED,mapped,-,-,-
Ride Completion & Payments,Schema change (unmapped to a story),ORPHAN,-,happy,447_fix_payment_ops_and_live_marker_text_ids.sql,backend/migrations/447_fix_payment_ops_and_live_marker_text_ids.sql,NONE,INFERRED,orphan,-,-,-
Ride Booking & Matching,Offer matching,S-book-03,"As a driver, I receive ride offers matched to my location/vehicle/WAV status",happy,448_durable_dispatch_claim_identity.sql,backend/migrations/448_durable_dispatch_claim_identity.sql,NONE,INFERRED,mapped,-,-,-
Ride Fulfillment,Schema change (unmapped to a story),ORPHAN,-,happy,44_rides_idempotency_key.sql,backend/migrations/44_rides_idempotency_key.sql,NONE,INFERRED,orphan,-,-,-
Admin Dashboard & Operations,Schema change (unmapped to a story),ORPHAN,-,happy,450_revoke_client_exec_admin_rpcs.sql,backend/migrations/450_revoke_client_exec_admin_rpcs.sql,NONE,INFERRED,orphan,-,-,-
Ride Completion & Payments,Refunds/disputes on fares,S-pay-08,"As a rider, a disputed/failed charge is retried or refunded",happy,451_atomic_driver_refund_holds.sql,backend/migrations/451_atomic_driver_refund_holds.sql,NONE,INFERRED,mapped,-,-,-
Ride Fulfillment,Schema change (unmapped to a story),ORPHAN,-,happy,452_driver_session_generation.sql,backend/migrations/452_driver_session_generation.sql,NONE,INFERRED,orphan,-,-,-
Driver Earnings & Payouts,Per-driver payouts,S-earn-04,"As a driver, my earnings are paid out to my bank account",happy,454_admin_cash_payout_reporting.sql,backend/migrations/454_admin_cash_payout_reporting.sql,NONE,INFERRED,mapped,-,-,-
Ride Completion & Payments,Schema change (unmapped to a story),ORPHAN,-,happy,455_cancellation_fee_tax.sql,backend/migrations/455_cancellation_fee_tax.sql,NONE,INFERRED,orphan,-,-,-
"Safety, Trust & Fraud",RLS policies,S-safety-04,"As a system, row-level security policies protect user data at the DB layer",happy,456_financial_ledger_rls_unreachable_and_subscription_payments_append_only.sql,backend/migrations/456_financial_ledger_rls_unreachable_and_subscription_payments_append_only.sql,NONE,INFERRED,mapped,-,-,-
Ride Fulfillment,Schema change (unmapped to a story),ORPHAN,-,happy,457_driver_availability_epoch.sql,backend/migrations/457_driver_availability_epoch.sql,NONE,INFERRED,orphan,-,-,-
Ride Fulfillment,Schema change (unmapped to a story),ORPHAN,-,happy,458_driver_availability_f2_fixes.sql,backend/migrations/458_driver_availability_f2_fixes.sql,NONE,INFERRED,orphan,-,-,-
Ride Fulfillment,Schema change (unmapped to a story),ORPHAN,-,happy,459_driver_claim_epoch_fence.sql,backend/migrations/459_driver_claim_epoch_fence.sql,NONE,INFERRED,orphan,-,-,-
Ride Fulfillment,Schema change (unmapped to a story),ORPHAN,-,happy,45_drivers_doc_expiry_warned_at.sql,backend/migrations/45_drivers_doc_expiry_warned_at.sql,NONE,INFERRED,orphan,-,-,-
Ride Booking & Matching,Offer matching,S-book-03,"As a driver, I receive ride offers matched to my location/vehicle/WAV status",happy,460_offer_decision_atomicity.sql,backend/migrations/460_offer_decision_atomicity.sql,NONE,INFERRED,mapped,-,-,-
Ride Completion & Payments,Receipt generation,S-pay-05,"As a rider, I receive a receipt with GST/PST/booking fee/surge line items",happy,461_offer_delivery_receipts.sql,backend/migrations/461_offer_delivery_receipts.sql,NONE,INFERRED,mapped,-,-,-
Ride Fulfillment,Schema change (unmapped to a story),ORPHAN,-,happy,462_driver_readiness_policy.sql,backend/migrations/462_driver_readiness_policy.sql,NONE,INFERRED,orphan,-,-,-
Platform Foundation & Schema,Schema change (unmapped to a story),ORPHAN,-,happy,463_refresh_successor_commitment.sql,backend/migrations/463_refresh_successor_commitment.sql,NONE,INFERRED,orphan,-,-,-
Ride Fulfillment,Schema change (unmapped to a story),ORPHAN,-,happy,464_driver_availability_transition_hardening.sql,backend/migrations/464_driver_availability_transition_hardening.sql,NONE,INFERRED,orphan,-,-,-
Ride Completion & Payments,Schema change (unmapped to a story),ORPHAN,-,happy,46_rides_fees_and_taxes.sql,backend/migrations/46_rides_fees_and_taxes.sql,NONE,INFERRED,orphan,-,-,-
Authentication & Authorization,Profile management,S-auth-06,"As a rider/driver, I can view/edit my profile",happy,47_users_profile_image_status.sql,backend/migrations/47_users_profile_image_status.sql,NONE,INFERRED,mapped,-,-,-
Admin Dashboard & Operations,Schema change (unmapped to a story),ORPHAN,-,happy,48_faqs_audience.sql,backend/migrations/48_faqs_audience.sql,NONE,INFERRED,orphan,-,-,-
Notifications & Messaging,In-app notifications,S-notif-03,"As a user, I see an in-app notification inbox",happy,48_notifications_tables.sql,backend/migrations/48_notifications_tables.sql,NONE,INFERRED,mapped,-,-,-
Ride Fulfillment,Schema change (unmapped to a story),ORPHAN,-,happy,49_legal_documents.sql,backend/migrations/49_legal_documents.sql,NONE,INFERRED,orphan,-,-,-
Platform Foundation & Schema,Schema change (unmapped to a story),ORPHAN,-,happy,50_audit_logs_append_only.sql,backend/migrations/50_audit_logs_append_only.sql,NONE,INFERRED,orphan,-,-,-
Platform Foundation & Schema,Schema change (unmapped to a story),ORPHAN,-,happy,50_pii_retention_purge.sql,backend/migrations/50_pii_retention_purge.sql,NONE,INFERRED,orphan,-,-,-
Ride Completion & Payments,Wallet settlement,S-pay-02,"As a rider, I can pay with wallet balance; insufficient balance is rejected cleanly",happy,50_wallet_atomic_rpcs.sql,backend/migrations/50_wallet_atomic_rpcs.sql,NONE,INFERRED,mapped,-,-,-
Platform Foundation & Schema,Schema change (unmapped to a story),ORPHAN,-,happy,51_audit_logs_lockdown.sql,backend/migrations/51_audit_logs_lockdown.sql,NONE,INFERRED,orphan,-,-,-
Authentication & Authorization,Schema change (unmapped to a story),ORPHAN,-,happy,51_audit_logs_remove_user_email.sql,backend/migrations/51_audit_logs_remove_user_email.sql,NONE,INFERRED,orphan,-,-,-
Promotions & Loyalty,Coupon/promo codes,S-promo-01,"As a rider, I can apply a promo code to a ride",happy,51_loyalty_unique_and_promo_atomic_increment.sql,backend/migrations/51_loyalty_unique_and_promo_atomic_increment.sql,NONE,INFERRED,mapped,-,-,-
Promotions & Loyalty,Coupon/promo codes,S-promo-01,"As a rider, I can apply a promo code to a ride",happy,51_promo_atomic_increment.sql,backend/migrations/51_promo_atomic_increment.sql,NONE,INFERRED,mapped,-,-,-
Admin Dashboard & Operations,Schema change (unmapped to a story),ORPHAN,-,happy,52_admin_staff_mfa.sql,backend/migrations/52_admin_staff_mfa.sql,NONE,INFERRED,orphan,-,-,-
Ride Booking & Matching,Fare split,S-book-11,"As a rider, I can split a fare with other participants",happy,52_fare_split_pay_rpc.sql,backend/migrations/52_fare_split_pay_rpc.sql,NONE,INFERRED,mapped,-,-,-
Promotions & Loyalty,Rider loyalty,S-promo-03,"As a rider, I earn loyalty rewards",happy,52_loyalty_dedup_constraint.sql,backend/migrations/52_loyalty_dedup_constraint.sql,NONE,INFERRED,mapped,-,-,-
Ride Fulfillment,Schema change (unmapped to a story),ORPHAN,-,happy,53_rides_one_active_per_rider.sql,backend/migrations/53_rides_one_active_per_rider.sql,NONE,INFERRED,orphan,-,-,-
Ride Fulfillment,Schema change (unmapped to a story),ORPHAN,-,happy,54_add_rides_assigned_at.sql,backend/migrations/54_add_rides_assigned_at.sql,NONE,INFERRED,orphan,-,-,-
Ride Booking & Matching,Offer matching,S-book-03,"As a driver, I receive ride offers matched to my location/vehicle/WAV status",happy,54_dispatch_round_robin_index.sql,backend/migrations/54_dispatch_round_robin_index.sql,NONE,INFERRED,mapped,-,-,-
Ride Fulfillment,Route deviation / GPS integrity,S-fulfil-11,"As a system, GPS spoofing/route deviation is detected and flagged",happy,54_gps_daily_rollup_fn.sql,backend/migrations/54_gps_daily_rollup_fn.sql,NONE,INFERRED,mapped,-,-,-
Ride Booking & Matching,Offer matching,S-book-03,"As a driver, I receive ride offers matched to my location/vehicle/WAV status",happy,55_drivers_dispatch_composite_index.sql,backend/migrations/55_drivers_dispatch_composite_index.sql,NONE,INFERRED,mapped,-,-,-
Ride Booking & Matching,Offer matching,S-book-03,"As a driver, I receive ride offers matched to my location/vehicle/WAV status",happy,55_drivers_dispatch_partial_index.sql,backend/migrations/55_drivers_dispatch_partial_index.sql,NONE,INFERRED,mapped,-,-,-
Ride Fulfillment,Schema change (unmapped to a story),ORPHAN,-,happy,55_find_nearby_drivers_suspended_filter.sql,backend/migrations/55_find_nearby_drivers_suspended_filter.sql,NONE,INFERRED,orphan,-,-,-
Admin Dashboard & Operations,Schema change (unmapped to a story),ORPHAN,-,happy,56_admin_staff_security_columns.sql,backend/migrations/56_admin_staff_security_columns.sql,NONE,INFERRED,orphan,-,-,-
Platform Foundation & Schema,Schema change (unmapped to a story),ORPHAN,-,happy,56_audit_logs_delete_lockdown.sql,backend/migrations/56_audit_logs_delete_lockdown.sql,NONE,INFERRED,orphan,-,-,-
Platform Foundation & Schema,Schema change (unmapped to a story),ORPHAN,-,happy,56_purge_dsar_pending_deletions.sql,backend/migrations/56_purge_dsar_pending_deletions.sql,NONE,INFERRED,orphan,-,-,-
Platform Foundation & Schema,Core schema/infra,S-plat-01,"As the platform, core tables/infra exist to support all domains",happy,57_audit_logs_schema_standardization.sql,backend/migrations/57_audit_logs_schema_standardization.sql,NONE,INFERRED,mapped,-,-,-
Platform Foundation & Schema,Schema change (unmapped to a story),ORPHAN,-,happy,57_fix_retention_purge_audit_insert.sql,backend/migrations/57_fix_retention_purge_audit_insert.sql,NONE,INFERRED,orphan,-,-,-
Platform Foundation & Schema,Schema change (unmapped to a story),ORPHAN,-,happy,57_purge_pii_retention_regression_fix.sql,backend/migrations/57_purge_pii_retention_regression_fix.sql,NONE,INFERRED,orphan,-,-,-
Ride Completion & Payments,Schema change (unmapped to a story),ORPHAN,-,happy,58_drivers_gst_bn.sql,backend/migrations/58_drivers_gst_bn.sql,NONE,INFERRED,orphan,-,-,-
Platform Foundation & Schema,Schema change (unmapped to a story),ORPHAN,-,happy,58_financial_events.sql,backend/migrations/58_financial_events.sql,NONE,INFERRED,orphan,-,-,-
Ride Completion & Payments,Reconciliation,S-pay-07,"As finance, payments/ledger reconcile against Stripe daily",happy,59_reconciliation_discrepancies.sql,backend/migrations/59_reconciliation_discrepancies.sql,NONE,INFERRED,mapped,-,-,-
Ride Booking & Matching,Offer matching,S-book-03,"As a driver, I receive ride offers matched to my location/vehicle/WAV status",happy,60_wav_dispatch.sql,backend/migrations/60_wav_dispatch.sql,NONE,INFERRED,mapped,-,-,-
Ride Fulfillment,Schema change (unmapped to a story),ORPHAN,-,happy,61_drivers_total_ratings.sql,backend/migrations/61_drivers_total_ratings.sql,NONE,INFERRED,orphan,-,-,-
Ride Fulfillment,Schema change (unmapped to a story),ORPHAN,-,happy,62_ride_preferences.sql,backend/migrations/62_ride_preferences.sql,NONE,INFERRED,orphan,-,-,-
Platform Foundation & Schema,Schema change (unmapped to a story),ORPHAN,-,happy,63_phase3b_field_alignment.sql,backend/migrations/63_phase3b_field_alignment.sql,NONE,INFERRED,orphan,-,-,-
"Safety, Trust & Fraud",Insurance period tracking,S-safety-02,"As a system, every driver moment maps to an insurance period, logged append-only",happy,64_driver_insurance_periods.sql,backend/migrations/64_driver_insurance_periods.sql,NONE,INFERRED,mapped,-,-,-
"Safety, Trust & Fraud",Insurance period tracking,S-safety-02,"As a system, every driver moment maps to an insurance period, logged append-only",happy,65_backfill_driver_insurance_periods.sql,backend/migrations/65_backfill_driver_insurance_periods.sql,NONE,INFERRED,mapped,-,-,-
Authentication & Authorization,Schema change (unmapped to a story),ORPHAN,-,happy,66_users_deletion_columns.sql,backend/migrations/66_users_deletion_columns.sql,NONE,INFERRED,orphan,-,-,-
Platform Foundation & Schema,Schema change (unmapped to a story),ORPHAN,-,happy,67_fix_purge_pii_retention_actor_id.sql,backend/migrations/67_fix_purge_pii_retention_actor_id.sql,NONE,INFERRED,orphan,-,-,-
Platform Foundation & Schema,Schema change (unmapped to a story),ORPHAN,-,happy,68_complaints_table.sql,backend/migrations/68_complaints_table.sql,NONE,INFERRED,orphan,-,-,-
Ride Fulfillment,Lost & found,S-fulfil-08,"As a rider/driver, I can report/claim a lost item after a ride",happy,69_lost_and_found_table.sql,backend/migrations/69_lost_and_found_table.sql,NONE,INFERRED,mapped,-,-,-
Ride Fulfillment,Lost & found,S-fulfil-08,"As a rider/driver, I can report/claim a lost item after a ride",happy,69a_lost_and_found_repair_schema.sql,backend/migrations/69a_lost_and_found_repair_schema.sql,NONE,INFERRED,mapped,-,-,-
Ride Fulfillment,Lost & found,S-fulfil-08,"As a rider/driver, I can report/claim a lost item after a ride",happy,69b_lost_and_found_concurrent_indexes.sql,backend/migrations/69b_lost_and_found_concurrent_indexes.sql,NONE,INFERRED,mapped,-,-,-
"Safety, Trust & Fraud",RLS policies,S-safety-04,"As a system, row-level security policies protect user data at the DB layer",happy,70_fix_financial_events_rls.sql,backend/migrations/70_fix_financial_events_rls.sql,NONE,INFERRED,mapped,-,-,-
Ride Fulfillment,Schema change (unmapped to a story),ORPHAN,-,happy,71_ride_history_indexes.sql,backend/migrations/71_ride_history_indexes.sql,NONE,INFERRED,orphan,-,-,-
Ride Booking & Matching,Offer matching,S-book-03,"As a driver, I receive ride offers matched to my location/vehicle/WAV status",happy,72_wav_dispatch_composite_idx.sql,backend/migrations/72_wav_dispatch_composite_idx.sql,NONE,INFERRED,mapped,-,-,-
Legacy Import & Data Migration,Schema change (unmapped to a story),ORPHAN,-,happy,73_fix_document_url_legacy_path.sql,backend/migrations/73_fix_document_url_legacy_path.sql,NONE,INFERRED,orphan,-,-,-
Ride Fulfillment,Schema change (unmapped to a story),ORPHAN,-,happy,74_correct_total_rides.sql,backend/migrations/74_correct_total_rides.sql,NONE,INFERRED,orphan,-,-,-
Maps & Routing,Service-area geometry,S-maps-03,"As an admin, I define service-area boundaries",happy,75_service_area_for_point_rpc.sql,backend/migrations/75_service_area_for_point_rpc.sql,NONE,INFERRED,mapped,-,-,-
Notifications & Messaging,FCM push offers,S-notif-01,"As a driver, I receive a push notification for a ride offer",happy,76_push_retry_queue.sql,backend/migrations/76_push_retry_queue.sql,NONE,INFERRED,mapped,-,-,-
Ride Fulfillment,Schema change (unmapped to a story),ORPHAN,-,happy,77_match_and_claim_driver.sql,backend/migrations/77_match_and_claim_driver.sql,NONE,INFERRED,orphan,-,-,-
Platform Foundation & Schema,Schema change (unmapped to a story),ORPHAN,-,happy,78_fix_pii_function_search_path.sql,backend/migrations/78_fix_pii_function_search_path.sql,NONE,INFERRED,orphan,-,-,-
Platform Foundation & Schema,Schema change (unmapped to a story),ORPHAN,-,happy,79_add_missing_query_indexes.sql,backend/migrations/79_add_missing_query_indexes.sql,NONE,INFERRED,orphan,-,-,-
Ride Fulfillment,Schema change (unmapped to a story),ORPHAN,-,happy,80_fix_match_and_claim_driver_type.sql,backend/migrations/80_fix_match_and_claim_driver_type.sql,NONE,INFERRED,orphan,-,-,-
Maps & Routing,Service-area geometry,S-maps-03,"As an admin, I define service-area boundaries",happy,80_service_areas_vehicle_pricing.sql,backend/migrations/80_service_areas_vehicle_pricing.sql,NONE,INFERRED,mapped,-,-,-
Ride Fulfillment,Schema change (unmapped to a story),ORPHAN,-,happy,81_rides_cancellation_fee_columns.sql,backend/migrations/81_rides_cancellation_fee_columns.sql,NONE,INFERRED,orphan,-,-,-
Maps & Routing,Service-area geometry,S-maps-03,"As an admin, I define service-area boundaries",happy,81_service_areas_missing_columns.sql,backend/migrations/81_service_areas_missing_columns.sql,NONE,INFERRED,mapped,-,-,-
Promotions & Loyalty,Coupon/promo codes,S-promo-01,"As a rider, I can apply a promo code to a ride",happy,82_promotions_schema_and_service_area.sql,backend/migrations/82_promotions_schema_and_service_area.sql,NONE,INFERRED,mapped,-,-,-
Ride Fulfillment,Schema change (unmapped to a story),ORPHAN,-,happy,82_rides_discount_columns.sql,backend/migrations/82_rides_discount_columns.sql,NONE,INFERRED,orphan,-,-,-
Admin Dashboard & Operations,Schema change (unmapped to a story),ORPHAN,-,happy,83_admin_media_assets.sql,backend/migrations/83_admin_media_assets.sql,NONE,INFERRED,orphan,-,-,-
Promotions & Loyalty,Coupon/promo codes,S-promo-01,"As a rider, I can apply a promo code to a ride",happy,83_promotions_unique_code_per_area.sql,backend/migrations/83_promotions_unique_code_per_area.sql,NONE,INFERRED,mapped,-,-,-
Platform Foundation & Schema,Schema change (unmapped to a story),ORPHAN,-,happy,84_audit_logs_missing_columns.sql,backend/migrations/84_audit_logs_missing_columns.sql,NONE,INFERRED,orphan,-,-,-
Maps & Routing,Service-area geometry,S-maps-03,"As an admin, I define service-area boundaries",happy,84_drop_service_areas_fee_columns.sql,backend/migrations/84_drop_service_areas_fee_columns.sql,NONE,INFERRED,mapped,-,-,-
Ride Fulfillment,Schema change (unmapped to a story),ORPHAN,-,happy,85_drivers_add_is_suspended.sql,backend/migrations/85_drivers_add_is_suspended.sql,NONE,INFERRED,orphan,-,-,-
Promotions & Loyalty,Coupon/promo codes,S-promo-01,"As a rider, I can apply a promo code to a ride",happy,86_promotions_free_ride.sql,backend/migrations/86_promotions_free_ride.sql,NONE,INFERRED,mapped,-,-,-
Ride Completion & Payments,Schema change (unmapped to a story),ORPHAN,-,happy,87_rides_payment_exhausted_alert.sql,backend/migrations/87_rides_payment_exhausted_alert.sql,NONE,INFERRED,orphan,-,-,-
Ride Completion & Payments,Schema change (unmapped to a story),ORPHAN,-,happy,88_stripe_disputes.sql,backend/migrations/88_stripe_disputes.sql,NONE,INFERRED,orphan,-,-,-
Ride Fulfillment,Schema change (unmapped to a story),ORPHAN,-,happy,89_rides_ride_metrics.sql,backend/migrations/89_rides_ride_metrics.sql,NONE,INFERRED,orphan,-,-,-
Ride Completion & Payments,Schema change (unmapped to a story),ORPHAN,-,happy,90_rides_fare_breakdown_snapshot.sql,backend/migrations/90_rides_fare_breakdown_snapshot.sql,NONE,INFERRED,orphan,-,-,-
Ride Fulfillment,Schema change (unmapped to a story),ORPHAN,-,happy,91_driver_documents_expiry_date.sql,backend/migrations/91_driver_documents_expiry_date.sql,NONE,INFERRED,orphan,-,-,-
Ride Fulfillment,Real-time location (WS),S-fulfil-02,"As a rider/driver, I see live location updates during the ride via WebSocket",happy,91_driver_location_history_accuracy_fk.sql,backend/migrations/91_driver_location_history_accuracy_fk.sql,NONE,INFERRED,mapped,-,-,-
Integrations & Webhooks,Stripe KYC/Identity,S-integ-04,"As a driver/corporate admin, identity is verified via Stripe Identity",happy,92_drivers_stripe_kyc_mirror.sql,backend/migrations/92_drivers_stripe_kyc_mirror.sql,NONE,INFERRED,mapped,-,-,-
Driver Earnings & Payouts,Per-driver payouts,S-earn-04,"As a driver, my earnings are paid out to my bank account",happy,92_payouts_instant.sql,backend/migrations/92_payouts_instant.sql,NONE,INFERRED,mapped,-,-,-
Admin Dashboard & Operations,Schema change (unmapped to a story),ORPHAN,-,happy,93_settings_missing_columns.sql,backend/migrations/93_settings_missing_columns.sql,NONE,INFERRED,orphan,-,-,-
Platform Foundation & Schema,Schema change (unmapped to a story),ORPHAN,-,happy,94_safety_incidents.sql,backend/migrations/94_safety_incidents.sql,NONE,INFERRED,orphan,-,-,-
Admin Dashboard & Operations,Schema change (unmapped to a story),ORPHAN,-,happy,95_settings_safety_alert_emails.sql,backend/migrations/95_settings_safety_alert_emails.sql,NONE,INFERRED,orphan,-,-,-
Promotions & Loyalty,Driver quests/bonuses,S-promo-02,"As a driver, I complete quests for bonus incentives",happy,96_driver_ride_incentives.sql,backend/migrations/96_driver_ride_incentives.sql,NONE,INFERRED,mapped,-,-,-
Driver Earnings & Payouts,Per-driver payouts,S-earn-04,"As a driver, my earnings are paid out to my bank account",happy,96_payouts_instant_reversal.sql,backend/migrations/96_payouts_instant_reversal.sql,NONE,INFERRED,mapped,-,-,-
Ride Fulfillment,Schema change (unmapped to a story),ORPHAN,-,happy,97_driver_intent_timestamps.sql,backend/migrations/97_driver_intent_timestamps.sql,NONE,INFERRED,orphan,-,-,-
Ride Fulfillment,Schema change (unmapped to a story),ORPHAN,-,happy,98_create_ride_messages.sql,backend/migrations/98_create_ride_messages.sql,NONE,INFERRED,orphan,-,-,-
Platform Foundation & Schema,Schema change (unmapped to a story),ORPHAN,-,happy,99_cloud_messages_jsonb_columns.sql,backend/migrations/99_cloud_messages_jsonb_columns.sql,NONE,INFERRED,orphan,-,-,-
Ride Fulfillment,Lost & found,S-fulfil-08,"As a rider/driver, I can report/claim a lost item after a ride",happy,lost-and-found.tsx,rider-app/app/lost-and-found.tsx,NONE,INFERRED,mapped,-,-,-
AI Assistant,Rider AI assistant,S-ai-01,"As a rider, I can ask an AI assistant for help",happy,ai-assistant.tsx,rider-app/app/ai-assistant.tsx,NONE,INFERRED,mapped,-,-,-
Corporate / B2B Billing,Allowance cap & ledger,S-corp-03,"As a corporate admin, member allowances are capped and tracked atomically",happy,work-allowance-request.tsx,rider-app/app/work-allowance-request.tsx,NONE,INFERRED,mapped,-,-,-
Ride Booking & Matching,Address/pickup validation,S-book-08,"As a rider, I can save/select addresses and favorites for pickup/dropoff",happy,saved-places.tsx,rider-app/app/saved-places.tsx,NONE,INFERRED,mapped,-,-,-
Ride Fulfillment,Screen (unmapped),ORPHAN,-,happy,ride-in-progress.tsx,rider-app/app/ride-in-progress.tsx,NONE,INFERRED,orphan,-,-,-
Ride Booking & Matching,Screen (unmapped),ORPHAN,-,happy,legacy-consent-notice.tsx,rider-app/app/legacy-consent-notice.tsx,NONE,INFERRED,orphan,-,-,-
Ride Booking & Matching,Screen (unmapped),ORPHAN,-,happy,reactivate-account.tsx,rider-app/app/reactivate-account.tsx,NONE,INFERRED,orphan,-,-,-
Ride Booking & Matching,Screen (unmapped),ORPHAN,-,happy,legal.tsx,rider-app/app/legal.tsx,rider-app/__tests__/legalScreen.test.tsx,INFERRED,orphan,-,-,-
Authentication & Authorization,Email/phone OTP,S-auth-02,"As a user, I verify identity via a 6-digit OTP",happy,otp.tsx,rider-app/app/otp.tsx,rider-app/__tests__/otpScreen.test.tsx,INFERRED,mapped,-,-,-
Promotions & Loyalty,Referral codes,S-promo-04,"As a rider/driver, I refer others and earn a reward",happy,referral.tsx,rider-app/app/referral.tsx,rider-app/__tests__/referralScreen.test.tsx,INFERRED,mapped,-,-,-
Authentication & Authorization,Screen (unmapped),ORPHAN,-,happy,login.tsx,rider-app/app/login.tsx,rider-app/__tests__/loginScreen.test.tsx,INFERRED,orphan,-,-,-
"Safety, Trust & Fraud",Screen (unmapped),ORPHAN,-,happy,safety-hub.tsx,rider-app/app/safety-hub.tsx,NONE,INFERRED,orphan,-,-,-
Ride Booking & Matching,Screen (unmapped),ORPHAN,-,happy,support.tsx,rider-app/app/support.tsx,rider-app/__tests__/supportScreen.test.tsx,INFERRED,orphan,-,-,-
Ride Fulfillment,Real-time location (WS),S-fulfil-02,"As a rider/driver, I see live location updates during the ride via WebSocket",happy,ride-tracking-webview.tsx,rider-app/app/ride-tracking-webview.tsx,NONE,INFERRED,mapped,-,-,-
Ride Booking & Matching,Screen (unmapped),ORPHAN,-,happy,manage-cards.tsx,rider-app/app/manage-cards.tsx,NONE,INFERRED,orphan,-,-,-
Ride Booking & Matching,Screen (unmapped),ORPHAN,-,happy,privacy-settings.tsx,rider-app/app/privacy-settings.tsx,NONE,INFERRED,orphan,-,-,-
Ride Booking & Matching,Screen (unmapped),ORPHAN,-,happy,settings.tsx,rider-app/app/settings.tsx,rider-app/__tests__/privacySettingsToggles.test.tsx,INFERRED,orphan,-,-,-
Ride Booking & Matching,Screen (unmapped),ORPHAN,-,happy,search-destination.tsx,rider-app/app/search-destination.tsx,NONE,INFERRED,orphan,-,-,-
Ride Booking & Matching,Scheduled rides,S-book-06,"As a rider, I can schedule a ride for a future time",happy,scheduled-rides.tsx,rider-app/app/scheduled-rides.tsx,NONE,INFERRED,mapped,-,-,-
Ride Booking & Matching,Screen (unmapped),ORPHAN,-,happy,pick-on-map.tsx,rider-app/app/pick-on-map.tsx,NONE,INFERRED,orphan,-,-,-
Ride Fulfillment,Screen (unmapped),ORPHAN,-,happy,driver-arriving.tsx,rider-app/app/driver-arriving.tsx,NONE,INFERRED,orphan,-,-,-
Ride Booking & Matching,Screen (unmapped),ORPHAN,-,happy,policies.tsx,rider-app/app/policies.tsx,rider-app/__tests__/policiesScreen.test.tsx,INFERRED,orphan,-,-,-
Ride Booking & Matching,Screen (unmapped),ORPHAN,-,happy,ride-details.tsx,rider-app/app/ride-details.tsx,rider-app/__tests__/ride-details-route.test.tsx,INFERRED,orphan,-,-,-
Authentication & Authorization,Profile management,S-auth-06,"As a rider/driver, I can view/edit my profile",happy,profile-setup.tsx,rider-app/app/profile-setup.tsx,NONE,INFERRED,mapped,-,-,-
Ride Booking & Matching,Screen (unmapped),ORPHAN,-,happy,ride-options.tsx,rider-app/app/ride-options.tsx,rider-app/__tests__/ride-options-payment-sheet.test.tsx,INFERRED,orphan,-,-,-
Authentication & Authorization,Screen (unmapped),ORPHAN,-,happy,verify-email.tsx,rider-app/app/verify-email.tsx,NONE,INFERRED,orphan,-,-,-
Ride Completion & Payments,Wallet settlement,S-pay-02,"As a rider, I can pay with wallet balance; insufficient balance is rejected cleanly",happy,wallet.tsx,rider-app/app/wallet.tsx,rider-app/__tests__/walletStore-error-messages.test.ts,INFERRED,mapped,-,-,-
Ride Booking & Matching,Screen (unmapped),ORPHAN,-,happy,_layout.tsx,rider-app/app/_layout.tsx,NONE,INFERRED,orphan,-,-,-
Ride Booking & Matching,Screen (unmapped),ORPHAN,-,happy,confirm-pickup.tsx,rider-app/app/confirm-pickup.tsx,NONE,INFERRED,orphan,-,-,-
Ride Fulfillment,In-ride chat,S-fulfil-06,"As a rider/driver, I can chat during an active ride",happy,lost-and-found-chat.tsx,rider-app/app/lost-and-found-chat.tsx,NONE,INFERRED,mapped,-,-,-
Ride Booking & Matching,Accessibility/WAV dispatch,S-book-07,"As a rider needing a WAV, I am matched to a WAV-equipped driver when available",happy,accessibility.tsx,rider-app/app/accessibility.tsx,rider-app/__tests__/accessibilityScreen.test.tsx,INFERRED,mapped,-,-,-
Ride Booking & Matching,Screen (unmapped),ORPHAN,-,happy,ride-status.tsx,rider-app/app/ride-status.tsx,NONE,INFERRED,orphan,-,-,-
"Safety, Trust & Fraud",Screen (unmapped),ORPHAN,-,happy,report-safety.tsx,rider-app/app/report-safety.tsx,NONE,INFERRED,orphan,-,-,-
Ride Fulfillment,In-ride chat,S-fulfil-06,"As a rider/driver, I can chat during an active ride",happy,chat-driver.tsx,rider-app/app/chat-driver.tsx,NONE,INFERRED,mapped,-,-,-
Promotions & Loyalty,Coupon/promo codes,S-promo-01,"As a rider, I can apply a promo code to a ride",happy,promotions.tsx,rider-app/app/promotions.tsx,rider-app/__tests__/promotionsScreen.test.tsx,INFERRED,mapped,-,-,-
Ride Booking & Matching,Screen (unmapped),ORPHAN,-,happy,become-driver.tsx,rider-app/app/become-driver.tsx,NONE,INFERRED,orphan,-,-,-
Ride Booking & Matching,Screen (unmapped),ORPHAN,-,happy,ride-completed.tsx,rider-app/app/ride-completed.tsx,rider-app/__tests__/ride-completed-route.test.tsx,INFERRED,orphan,-,-,-
Promotions & Loyalty,Rider loyalty,S-promo-03,"As a rider, I earn loyalty rewards",happy,loyalty.tsx,rider-app/app/loyalty.tsx,rider-app/__tests__/loyaltyScreen.test.tsx,INFERRED,mapped,-,-,-
Ride Completion & Payments,Screen (unmapped),ORPHAN,-,happy,payment-confirm.tsx,rider-app/app/payment-confirm.tsx,rider-app/__tests__/payment-confirm-error-state.test.tsx,INFERRED,orphan,-,-,-
"Safety, Trust & Fraud",Screen (unmapped),ORPHAN,-,happy,emergency-contacts.tsx,rider-app/app/emergency-contacts.tsx,NONE,INFERRED,orphan,-,-,-
Authentication & Authorization,Profile management,S-auth-06,"As a rider/driver, I can view/edit my profile",happy,work-profile.tsx,rider-app/app/work-profile.tsx,NONE,INFERRED,mapped,-,-,-
Ride Booking & Matching,Screen (unmapped),ORPHAN,-,happy,activity.tsx,rider-app/app/(tabs)/activity.tsx,rider-app/services/__tests__/rideVoltraLiveActivity.test.ts,INFERRED,orphan,-,-,-
Ride Booking & Matching,Screen (unmapped),ORPHAN,-,happy,account.tsx,rider-app/app/(tabs)/account.tsx,rider-app/__tests__/accountEmailVerification.test.tsx,INFERRED,orphan,-,-,-
Ride Booking & Matching,Screen (unmapped),ORPHAN,-,happy,_layout.tsx,rider-app/app/(tabs)/_layout.tsx,NONE,INFERRED,orphan,-,-,-
Ride Booking & Matching,Screen (unmapped),ORPHAN,-,happy,index.tsx,rider-app/app/(tabs)/index.tsx,rider-app/__tests__/indexScreen.test.tsx,INFERRED,orphan,-,-,-
Ride Fulfillment,Screen (unmapped),ORPHAN,-,happy,driver-arrived.tsx,rider-app/app/driver-arrived.tsx,NONE,INFERRED,orphan,-,-,-
Ride Booking & Matching,Screen (unmapped),ORPHAN,-,happy,index.tsx,rider-app/app/index.tsx,rider-app/__tests__/indexScreen.test.tsx,INFERRED,orphan,-,-,-
Notifications & Messaging,In-app notifications,S-notif-03,"As a user, I see an in-app notification inbox",happy,notifications.tsx,rider-app/app/notifications.tsx,rider-app/__tests__/notificationsScreen.test.tsx,INFERRED,mapped,-,-,-
Ride Booking & Matching,Screen (unmapped),ORPHAN,-,happy,vehicle-info.tsx,driver-app/app/vehicle-info.tsx,NONE,INFERRED,orphan,-,-,-
Ride Booking & Matching,Screen (unmapped),ORPHAN,-,happy,legacy-consent-notice.tsx,driver-app/app/legacy-consent-notice.tsx,NONE,INFERRED,orphan,-,-,-
Ride Booking & Matching,Screen (unmapped),ORPHAN,-,happy,reactivate-account.tsx,driver-app/app/reactivate-account.tsx,NONE,INFERRED,orphan,-,-,-
Ride Booking & Matching,Screen (unmapped),ORPHAN,-,happy,legal.tsx,driver-app/app/legal.tsx,driver-app/__tests__/app/legalScreen.test.tsx,INFERRED,orphan,-,-,-
Authentication & Authorization,Email/phone OTP,S-auth-02,"As a user, I verify identity via a 6-digit OTP",happy,otp.tsx,driver-app/app/otp.tsx,driver-app/__tests__/app/otpScreen.test.tsx,INFERRED,mapped,-,-,-
Promotions & Loyalty,Driver quests/bonuses,S-promo-02,"As a driver, I complete quests for bonus incentives",happy,quests.tsx,driver-app/app/driver/quests.tsx,driver-app/__tests__/screens/driverQuestsScreen.test.tsx,INFERRED,mapped,-,-,-
Ride Fulfillment,Lost & found,S-fulfil-08,"As a rider/driver, I can report/claim a lost item after a ride",happy,lost-and-found.tsx,driver-app/app/driver/lost-and-found.tsx,NONE,INFERRED,mapped,-,-,-
Ride Booking & Matching,Screen (unmapped),ORPHAN,-,happy,destination-mode.tsx,driver-app/app/driver/destination-mode.tsx,NONE,INFERRED,orphan,-,-,-
Ride Booking & Matching,Address/pickup validation,S-book-08,"As a rider, I can save/select addresses and favorites for pickup/dropoff",happy,addresses.tsx,driver-app/app/driver/addresses.tsx,driver-app/__tests__/app/addressesScreen.test.tsx,INFERRED,mapped,-,-,-
Ride Booking & Matching,Screen (unmapped),ORPHAN,-,happy,ride-detail.tsx,driver-app/app/driver/ride-detail.tsx,driver-app/__tests__/screens/ride-detail-route.test.tsx,INFERRED,orphan,-,-,-
Promotions & Loyalty,Marketing/subscriptions,S-promo-05,"As a rider/driver, I subscribe to a paid plan (Spinr Pass)",happy,subscription.tsx,driver-app/app/driver/subscription.tsx,driver-app/__tests__/app/subscriptionSuccessScreen.test.tsx,INFERRED,mapped,-,-,-
Promotions & Loyalty,Referral codes,S-promo-04,"As a rider/driver, I refer others and earn a reward",happy,referral.tsx,driver-app/app/driver/referral.tsx,driver-app/__tests__/app/driverReferralScreen.test.tsx,INFERRED,mapped,-,-,-
Driver Earnings & Payouts,Screen (unmapped),ORPHAN,-,happy,tax-documents.tsx,driver-app/app/driver/tax-documents.tsx,NONE,INFERRED,orphan,-,-,-
Ride Booking & Matching,Screen (unmapped),ORPHAN,-,happy,faq.tsx,driver-app/app/driver/faq.tsx,driver-app/__tests__/app/faqScreen.test.tsx,INFERRED,orphan,-,-,-
Ride Booking & Matching,Screen (unmapped),ORPHAN,-,happy,help.tsx,driver-app/app/driver/help.tsx,driver-app/__tests__/app/helpScreen.test.tsx,INFERRED,orphan,-,-,-
Ride Booking & Matching,Screen (unmapped),ORPHAN,-,happy,upcoming.tsx,driver-app/app/driver/upcoming.tsx,NONE,INFERRED,orphan,-,-,-
Driver Earnings & Payouts,Per-driver payouts,S-earn-04,"As a driver, my earnings are paid out to my bank account",happy,payout-history.tsx,driver-app/app/driver/payout-history.tsx,NONE,INFERRED,mapped,-,-,-
Ride Booking & Matching,Screen (unmapped),ORPHAN,-,happy,settings.tsx,driver-app/app/driver/settings.tsx,driver-app/__tests__/app/driverSettingsScreen.test.tsx,INFERRED,orphan,-,-,-
Driver Earnings & Payouts,Per-driver payouts,S-earn-04,"As a driver, my earnings are paid out to my bank account",happy,payout.tsx,driver-app/app/driver/payout.tsx,driver-app/__tests__/app/payoutScreen.test.tsx,INFERRED,mapped,-,-,-
Ride Booking & Matching,Screen (unmapped),ORPHAN,-,happy,_layout.tsx,driver-app/app/driver/_layout.tsx,NONE,INFERRED,orphan,-,-,-
Ride Fulfillment,In-ride chat,S-fulfil-06,"As a rider/driver, I can chat during an active ride",happy,lost-and-found-chat.tsx,driver-app/app/driver/lost-and-found-chat.tsx,NONE,INFERRED,mapped,-,-,-
Ride Booking & Matching,Screen (unmapped),ORPHAN,-,happy,stripe-onboarding.tsx,driver-app/app/driver/stripe-onboarding.tsx,NONE,INFERRED,orphan,-,-,-
Ride Fulfillment,In-ride chat,S-fulfil-06,"As a rider/driver, I can chat during an active ride",happy,chat.tsx,driver-app/app/driver/chat.tsx,driver-app/hooks/__tests__/useDriverDashboard.chat.test.ts,INFERRED,mapped,-,-,-
"Safety, Trust & Fraud",Screen (unmapped),ORPHAN,-,happy,emergency-contacts.tsx,driver-app/app/driver/emergency-contacts.tsx,NONE,INFERRED,orphan,-,-,-
Ride Booking & Matching,Screen (unmapped),ORPHAN,-,happy,activity.tsx,driver-app/app/driver/(tabs)/activity.tsx,driver-app/__tests__/components/ActivityView.test.tsx,INFERRED,orphan,-,-,-
Ride Booking & Matching,Screen (unmapped),ORPHAN,-,happy,_layout.tsx,driver-app/app/driver/(tabs)/_layout.tsx,NONE,INFERRED,orphan,-,-,-
Ride Booking & Matching,Screen (unmapped),ORPHAN,-,happy,index.tsx,driver-app/app/driver/(tabs)/index.tsx,driver-app/__tests__/app/indexScreen.test.tsx,INFERRED,orphan,-,-,-
Authentication & Authorization,Profile management,S-auth-06,"As a rider/driver, I can view/edit my profile",happy,profile.tsx,driver-app/app/driver/(tabs)/profile.tsx,driver-app/__tests__/app/driverProfileScreen.test.tsx,INFERRED,mapped,-,-,-
Notifications & Messaging,In-app notifications,S-notif-03,"As a user, I see an in-app notification inbox",happy,notifications.tsx,driver-app/app/driver/notifications.tsx,driver-app/__tests__/app/driverNotificationsScreen.test.tsx,INFERRED,mapped,-,-,-
Authentication & Authorization,Screen (unmapped),ORPHAN,-,happy,login.tsx,driver-app/app/login.tsx,driver-app/__tests__/app/loginScreen.test.tsx,INFERRED,orphan,-,-,-
Ride Booking & Matching,Screen (unmapped),ORPHAN,-,happy,appeal.tsx,driver-app/app/appeal.tsx,driver-app/__tests__/app/appealScreen.test.tsx,INFERRED,orphan,-,-,-
Ride Booking & Matching,Screen (unmapped),ORPHAN,-,happy,policies.tsx,driver-app/app/policies.tsx,driver-app/__tests__/app/policiesScreen.test.tsx,INFERRED,orphan,-,-,-
Ride Booking & Matching,Screen (unmapped),ORPHAN,-,happy,crc-consent.tsx,driver-app/app/crc-consent.tsx,NONE,INFERRED,orphan,-,-,-
Authentication & Authorization,Profile management,S-auth-06,"As a rider/driver, I can view/edit my profile",happy,profile-setup.tsx,driver-app/app/profile-setup.tsx,NONE,INFERRED,mapped,-,-,-
Ride Booking & Matching,Screen (unmapped),ORPHAN,-,happy,_layout.tsx,driver-app/app/_layout.tsx,NONE,INFERRED,orphan,-,-,-
"Safety, Trust & Fraud",Screen (unmapped),ORPHAN,-,happy,report-safety.tsx,driver-app/app/report-safety.tsx,NONE,INFERRED,orphan,-,-,-
Ride Booking & Matching,Screen (unmapped),ORPHAN,-,happy,account-deactivated.tsx,driver-app/app/account-deactivated.tsx,NONE,INFERRED,orphan,-,-,-
Ride Booking & Matching,Screen (unmapped),ORPHAN,-,happy,become-driver.tsx,driver-app/app/become-driver.tsx,NONE,INFERRED,orphan,-,-,-
Promotions & Loyalty,Marketing/subscriptions,S-promo-05,"As a rider/driver, I subscribe to a paid plan (Spinr Pass)",happy,cancel.tsx,driver-app/app/subscription/cancel.tsx,driver-app/__tests__/app/subscriptionCancelScreen.test.tsx,INFERRED,mapped,-,-,-
Promotions & Loyalty,Marketing/subscriptions,S-promo-05,"As a rider/driver, I subscribe to a paid plan (Spinr Pass)",happy,success.tsx,driver-app/app/subscription/success.tsx,driver-app/__tests__/app/subscriptionSuccessScreen.test.tsx,INFERRED,mapped,-,-,-
Ride Booking & Matching,Screen (unmapped),ORPHAN,-,happy,index.tsx,driver-app/app/index.tsx,driver-app/__tests__/app/indexScreen.test.tsx,INFERRED,orphan,-,-,-
Ride Booking & Matching,Screen (unmapped),ORPHAN,-,happy,documents.tsx,driver-app/app/documents.tsx,driver-app/__tests__/app/taxDocumentsScreen.test.tsx,INFERRED,orphan,-,-,-
Notifications & Messaging,In-app notifications,S-notif-03,"As a user, I see an in-app notification inbox",happy,useRideStatusNotification.ts,rider-app/hooks/useRideStatusNotification.ts,NONE,INFERRED,mapped,-,-,-
Ride Booking & Matching,Hook (unmapped),ORPHAN,-,happy,useRideLocationFallback.ts,rider-app/hooks/useRideLocationFallback.ts,rider-app/hooks/__tests__/useRideLocationFallback.test.ts,INFERRED,orphan,-,-,-
Ride Booking & Matching,Hook (unmapped),ORPHAN,-,happy,useBottomSheetGuard.ts,rider-app/hooks/useBottomSheetGuard.ts,rider-app/hooks/__tests__/useBottomSheetGuard.test.tsx,INFERRED,orphan,-,-,-
Ride Booking & Matching,Hook (unmapped),ORPHAN,-,happy,useSplashPhase.ts,rider-app/hooks/useSplashPhase.ts,rider-app/hooks/__tests__/useSplashPhase.test.ts,INFERRED,orphan,-,-,-
Ride Booking & Matching,Hook (unmapped),ORPHAN,-,happy,useRiderSocket.reconnect.test.ts,rider-app/hooks/__tests__/useRiderSocket.reconnect.test.ts,rider-app/hooks/__tests__/useRiderSocket.reconnect.test.ts,INFERRED,orphan,-,-,-
Ride Booking & Matching,Hook (unmapped),ORPHAN,-,happy,useDelayedReconnectWarning.test.ts,rider-app/hooks/__tests__/useDelayedReconnectWarning.test.ts,rider-app/hooks/__tests__/useDelayedReconnectWarning.test.ts,INFERRED,orphan,-,-,-
Ride Booking & Matching,Hook (unmapped),ORPHAN,-,happy,useRideLocationFallback.test.ts,rider-app/hooks/__tests__/useRideLocationFallback.test.ts,rider-app/hooks/__tests__/useRideLocationFallback.test.ts,INFERRED,orphan,-,-,-
Ride Booking & Matching,Scheduled rides,S-book-06,"As a rider, I can schedule a ride for a future time",happy,useScheduledRideReminder.test.ts,rider-app/hooks/__tests__/useScheduledRideReminder.test.ts,rider-app/hooks/__tests__/useScheduledRideReminder.test.ts,INFERRED,mapped,-,-,-
Ride Fulfillment,In-ride chat,S-fulfil-06,"As a rider/driver, I can chat during an active ride",happy,useRiderSocket.chat.test.ts,rider-app/hooks/__tests__/useRiderSocket.chat.test.ts,rider-app/hooks/__tests__/useRiderSocket.chat.test.ts,INFERRED,mapped,-,-,-
Ride Completion & Payments,Hook (unmapped),ORPHAN,-,happy,useSpinrPaymentSheet.test.ts,rider-app/hooks/__tests__/useSpinrPaymentSheet.test.ts,rider-app/hooks/__tests__/useSpinrPaymentSheet.test.ts,INFERRED,orphan,-,-,-
Ride Booking & Matching,Hook (unmapped),ORPHAN,-,happy,useSplashPhase.test.ts,rider-app/hooks/__tests__/useSplashPhase.test.ts,rider-app/hooks/__tests__/useSplashPhase.test.ts,INFERRED,orphan,-,-,-
Ride Booking & Matching,Hook (unmapped),ORPHAN,-,happy,useBottomSheetGuard.test.tsx,rider-app/hooks/__tests__/useBottomSheetGuard.test.tsx,rider-app/hooks/__tests__/useBottomSheetGuard.test.tsx,INFERRED,orphan,-,-,-
Ride Completion & Payments,Hook (unmapped),ORPHAN,-,happy,useSpinrPaymentSheet.ts,rider-app/hooks/useSpinrPaymentSheet.ts,rider-app/hooks/__tests__/useSpinrPaymentSheet.test.ts,INFERRED,orphan,-,-,-
Ride Booking & Matching,Hook (unmapped),ORPHAN,-,happy,useAnimatedValue.ts,rider-app/hooks/useAnimatedValue.ts,NONE,INFERRED,orphan,-,-,-
Ride Booking & Matching,Scheduled rides,S-book-06,"As a rider, I can schedule a ride for a future time",happy,useScheduledRideReminder.ts,rider-app/hooks/useScheduledRideReminder.ts,rider-app/hooks/__tests__/useScheduledRideReminder.test.ts,INFERRED,mapped,-,-,-
Ride Booking & Matching,Hook (unmapped),ORPHAN,-,happy,useRiderSocket.ts,rider-app/hooks/useRiderSocket.ts,rider-app/hooks/__tests__/useRiderSocket.reconnect.test.ts,INFERRED,orphan,MONEY-005,-,-
Ride Booking & Matching,Hook (unmapped),ORPHAN,-,happy,useDelayedReconnectWarning.ts,rider-app/hooks/useDelayedReconnectWarning.ts,rider-app/hooks/__tests__/useDelayedReconnectWarning.test.ts,INFERRED,orphan,-,-,-
Authentication & Authorization,Hook (unmapped),ORPHAN,-,happy,useAuth.ts,rider-app/hooks/useAuth.ts,NONE,INFERRED,orphan,-,-,-
Ride Booking & Matching,Hook (unmapped),ORPHAN,-,happy,useAppResumeKey.ts,rider-app/hooks/useAppResumeKey.ts,NONE,INFERRED,orphan,-,-,-
"Safety, Trust & Fraud",SOS / emergency,S-safety-01,"As a rider/driver, I can trigger SOS and it notifies contacts + safety team",happy,useDriverDiscreetSosFlag.ts,driver-app/hooks/useDriverDiscreetSosFlag.ts,driver-app/hooks/__tests__/useDriverDiscreetSosFlag.test.ts,INFERRED,mapped,-,-,-
"Safety, Trust & Fraud",Hook (unmapped),ORPHAN,-,happy,useDriverSafetyTrigger.ts,driver-app/hooks/useDriverSafetyTrigger.ts,driver-app/hooks/__tests__/useDriverSafetyTrigger.test.ts,INFERRED,orphan,-,-,-
Ride Booking & Matching,Hook (unmapped),ORPHAN,-,happy,useAirportZones.ts,driver-app/hooks/useAirportZones.ts,NONE,INFERRED,orphan,-,-,-
Ride Booking & Matching,Hook (unmapped),ORPHAN,-,happy,useDemandHeatmap.ts,driver-app/hooks/useDemandHeatmap.ts,driver-app/__tests__/hooks/useDemandHeatmap.test.ts,INFERRED,orphan,-,-,-
Ride Booking & Matching,Hook (unmapped),ORPHAN,-,happy,useDriverDashboard.ts,driver-app/hooks/useDriverDashboard.ts,driver-app/hooks/__tests__/useDriverDashboard.socketLifecycle.test.ts,INFERRED,orphan,-,-,-
Ride Booking & Matching,Hook (unmapped),ORPHAN,-,happy,useSplashPhase.ts,driver-app/hooks/useSplashPhase.ts,driver-app/__tests__/hooks/useSplashPhase.test.ts,INFERRED,orphan,-,-,-
Ride Booking & Matching,Hook (unmapped),ORPHAN,-,happy,useDriverDashboard.socketLifecycle.test.ts,driver-app/hooks/__tests__/useDriverDashboard.socketLifecycle.test.ts,driver-app/hooks/__tests__/useDriverDashboard.socketLifecycle.test.ts,INFERRED,orphan,-,-,-
"Safety, Trust & Fraud",SOS / emergency,S-safety-01,"As a rider/driver, I can trigger SOS and it notifies contacts + safety team",happy,useDriverDiscreetSosFlag.test.ts,driver-app/hooks/__tests__/useDriverDiscreetSosFlag.test.ts,driver-app/hooks/__tests__/useDriverDiscreetSosFlag.test.ts,INFERRED,mapped,-,-,-
Ride Fulfillment,Hook (unmapped),ORPHAN,-,happy,liveRouteShared.test.ts,driver-app/hooks/__tests__/liveRouteShared.test.ts,driver-app/hooks/__tests__/liveRouteShared.test.ts,INFERRED,orphan,-,-,-
Ride Fulfillment,In-ride chat,S-fulfil-06,"As a rider/driver, I can chat during an active ride",happy,useDriverDashboard.chat.test.ts,driver-app/hooks/__tests__/useDriverDashboard.chat.test.ts,driver-app/hooks/__tests__/useDriverDashboard.chat.test.ts,INFERRED,mapped,-,-,-
"Safety, Trust & Fraud",Hook (unmapped),ORPHAN,-,happy,useDriverSafetyTrigger.test.ts,driver-app/hooks/__tests__/useDriverSafetyTrigger.test.ts,driver-app/hooks/__tests__/useDriverSafetyTrigger.test.ts,INFERRED,orphan,-,-,-
Ride Booking & Matching,Hook (unmapped),ORPHAN,-,happy,onlineResync.test.ts,driver-app/hooks/__tests__/onlineResync.test.ts,driver-app/hooks/__tests__/onlineResync.test.ts,INFERRED,orphan,-,-,-
Ride Booking & Matching,Hook (unmapped),ORPHAN,-,happy,useVisibleHeatmapCells.test.ts,driver-app/hooks/__tests__/useVisibleHeatmapCells.test.ts,driver-app/hooks/__tests__/useVisibleHeatmapCells.test.ts,INFERRED,orphan,-,-,-
Ride Booking & Matching,Hook (unmapped),ORPHAN,-,happy,goOnlinePermission.test.ts,driver-app/hooks/__tests__/goOnlinePermission.test.ts,driver-app/hooks/__tests__/goOnlinePermission.test.ts,INFERRED,orphan,-,-,-
Ride Booking & Matching,Hook (unmapped),ORPHAN,-,happy,appStateFlush.test.ts,driver-app/hooks/__tests__/appStateFlush.test.ts,driver-app/hooks/__tests__/appStateFlush.test.ts,INFERRED,orphan,-,-,-
Ride Booking & Matching,Hook (unmapped),ORPHAN,-,happy,wsLocationBatch.test.ts,driver-app/hooks/__tests__/wsLocationBatch.test.ts,driver-app/hooks/__tests__/wsLocationBatch.test.ts,INFERRED,orphan,-,-,-
Ride Booking & Matching,Hook (unmapped),ORPHAN,-,happy,gpsHeartbeat.test.ts,driver-app/hooks/__tests__/gpsHeartbeat.test.ts,driver-app/hooks/__tests__/gpsHeartbeat.test.ts,INFERRED,orphan,-,-,-
Ride Booking & Matching,Hook (unmapped),ORPHAN,-,happy,locationBatch.test.ts,driver-app/hooks/__tests__/locationBatch.test.ts,driver-app/hooks/__tests__/wsLocationBatch.test.ts,INFERRED,orphan,-,-,-
Ride Booking & Matching,Hook (unmapped),ORPHAN,-,happy,useDirectionsProxyFlag.test.ts,driver-app/hooks/__tests__/useDirectionsProxyFlag.test.ts,driver-app/hooks/__tests__/useDirectionsProxyFlag.test.ts,INFERRED,orphan,-,-,-
Ride Booking & Matching,Hook (unmapped),ORPHAN,-,happy,phase1IdleTrail.test.ts,driver-app/hooks/__tests__/phase1IdleTrail.test.ts,driver-app/hooks/__tests__/phase1IdleTrail.test.ts,INFERRED,orphan,-,-,-
Ride Booking & Matching,Hook (unmapped),ORPHAN,-,happy,useToast.ts,driver-app/hooks/useToast.ts,driver-app/__tests__/hooks/useToast.test.ts,INFERRED,orphan,-,-,-
Ride Booking & Matching,Hook (unmapped),ORPHAN,-,happy,useAnimatedValue.ts,driver-app/hooks/useAnimatedValue.ts,NONE,INFERRED,orphan,-,-,-
Ride Fulfillment,Hook (unmapped),ORPHAN,-,happy,liveRouteShared.ts,driver-app/hooks/liveRouteShared.ts,driver-app/hooks/__tests__/liveRouteShared.test.ts,INFERRED,orphan,-,-,-
Ride Fulfillment,Hook (unmapped),ORPHAN,-,happy,demandHeatmapShared.ts,driver-app/hooks/demandHeatmapShared.ts,driver-app/__tests__/hooks/demandHeatmapShared.test.ts,INFERRED,orphan,-,-,-
Ride Booking & Matching,Hook (unmapped),ORPHAN,-,happy,useDirectionsProxyFlag.ts,driver-app/hooks/useDirectionsProxyFlag.ts,driver-app/hooks/__tests__/useDirectionsProxyFlag.test.ts,INFERRED,orphan,-,-,-
Ride Booking & Matching,Hook (unmapped),ORPHAN,-,happy,useVisibleHeatmapCells.ts,driver-app/hooks/useVisibleHeatmapCells.ts,driver-app/hooks/__tests__/useVisibleHeatmapCells.test.ts,INFERRED,orphan,-,-,-
Ride Booking & Matching,Offer matching,S-book-03,"As a driver, I receive ride offers matched to my location/vehicle/WAV status",happy,useRideOfferSound.ts,driver-app/hooks/useRideOfferSound.ts,NONE,INFERRED,mapped,-,-,-
Authentication & Authorization,Hook (unmapped),ORPHAN,-,happy,useAuth.ts,driver-app/hooks/useAuth.ts,NONE,INFERRED,orphan,-,-,-
Shared Frontend Foundation & Design System,Shared types,S-shared-05,"As a developer, API/domain types are shared across surfaces",happy,ai.ts,shared/types/ai.ts,NONE,INFERRED,mapped,-,-,-
Shared Frontend Foundation & Design System,Shared types,S-shared-05,"As a developer, API/domain types are shared across surfaces",happy,index.ts,shared/types/index.ts,NONE,INFERRED,mapped,-,-,-
Shared Frontend Foundation & Design System,Shared API client,S-shared-01,"As a developer, rider/driver apps share one typed API client",happy,route.ts,shared/types/api/route.ts,shared/components/__tests__/RouteLine.test.tsx,INFERRED,mapped,-,-,-
Shared Frontend Foundation & Design System,Shared API client,S-shared-01,"As a developer, rider/driver apps share one typed API client",happy,pagination.ts,shared/types/api/pagination.ts,NONE,INFERRED,mapped,-,-,-
Shared Frontend Foundation & Design System,Shared API client,S-shared-01,"As a developer, rider/driver apps share one typed API client",happy,money.ts,shared/types/api/money.ts,NONE,INFERRED,mapped,-,-,-
Shared Frontend Foundation & Design System,Shared API client,S-shared-01,"As a developer, rider/driver apps share one typed API client",happy,user.ts,shared/types/api/user.ts,NONE,INFERRED,mapped,-,-,-
Shared Frontend Foundation & Design System,Shared API client,S-shared-01,"As a developer, rider/driver apps share one typed API client",happy,ride.ts,shared/types/api/ride.ts,NONE,INFERRED,mapped,-,-,-
Shared Frontend Foundation & Design System,Shared API client,S-shared-01,"As a developer, rider/driver apps share one typed API client",happy,wsEvents.ts,shared/types/api/wsEvents.ts,NONE,INFERRED,mapped,-,-,-
Shared Frontend Foundation & Design System,Shared API client,S-shared-01,"As a developer, rider/driver apps share one typed API client",happy,errors.ts,shared/types/api/errors.ts,NONE,INFERRED,mapped,-,-,-
Shared Frontend Foundation & Design System,Shared types,S-shared-05,"As a developer, API/domain types are shared across surfaces",happy,expo-linear-gradient.d.ts,shared/types/expo-linear-gradient.d.ts,NONE,INFERRED,mapped,-,-,-
Shared Frontend Foundation & Design System,Shared types,S-shared-05,"As a developer, API/domain types are shared across surfaces",happy,safety.ts,shared/types/safety.ts,NONE,INFERRED,mapped,-,-,-
Shared Frontend Foundation & Design System,Shared types,S-shared-05,"As a developer, API/domain types are shared across surfaces",happy,driverAvailability.ts,shared/types/driverAvailability.ts,NONE,INFERRED,mapped,-,-,-
Shared Frontend Foundation & Design System,Shared UI components,S-shared-03,"As a developer, common UI (map markers, buttons, cards) is shared, not duplicated",happy,ErrorBoundary.tsx,shared/components/ErrorBoundary.tsx,NONE,INFERRED,mapped,-,-,-
Shared Frontend Foundation & Design System,Shared UI components,S-shared-03,"As a developer, common UI (map markers, buttons, cards) is shared, not duplicated",happy,Card.tsx,shared/components/Card.tsx,shared/components/__tests__/Card.test.tsx,INFERRED,mapped,-,-,-
Shared Frontend Foundation & Design System,Shared UI components,S-shared-03,"As a developer, common UI (map markers, buttons, cards) is shared, not duplicated",happy,Input.tsx,shared/components/Input.tsx,shared/components/__tests__/Input.test.tsx,INFERRED,mapped,-,-,-
Shared Frontend Foundation & Design System,Shared UI components,S-shared-03,"As a developer, common UI (map markers, buttons, cards) is shared, not duplicated",happy,AppMap.web.tsx,shared/components/AppMap.web.tsx,NONE,INFERRED,mapped,-,-,-
Shared Frontend Foundation & Design System,Shared UI components,S-shared-03,"As a developer, common UI (map markers, buttons, cards) is shared, not duplicated",happy,RoutePins.tsx,shared/components/RoutePins.tsx,NONE,INFERRED,mapped,-,-,-
Shared Frontend Foundation & Design System,Shared UI components,S-shared-03,"As a developer, common UI (map markers, buttons, cards) is shared, not duplicated",happy,SafetyOverlay.tsx,shared/components/SafetyOverlay.tsx,NONE,INFERRED,mapped,-,-,-
Shared Frontend Foundation & Design System,Shared UI components,S-shared-03,"As a developer, common UI (map markers, buttons, cards) is shared, not duplicated",happy,Text.tsx,shared/components/Text.tsx,shared/components/__tests__/Text.test.tsx,INFERRED,mapped,-,-,-
"Safety, Trust & Fraud",SOS / emergency,S-safety-01,"As a rider/driver, I can trigger SOS and it notifies contacts + safety team",happy,SOSButton.tsx,shared/components/SOSButton.tsx,NONE,INFERRED,mapped,-,-,-
Shared Frontend Foundation & Design System,Shared UI components,S-shared-03,"As a developer, common UI (map markers, buttons, cards) is shared, not duplicated",happy,ErrorScreen.tsx,shared/components/ErrorScreen.tsx,NONE,INFERRED,mapped,-,-,-
Shared Frontend Foundation & Design System,Shared UI components,S-shared-03,"As a developer, common UI (map markers, buttons, cards) is shared, not duplicated",happy,Button.tsx,shared/components/Button.tsx,shared/components/__tests__/Button.test.tsx,INFERRED,mapped,-,-,-
Shared Frontend Foundation & Design System,Shared UI components,S-shared-03,"As a developer, common UI (map markers, buttons, cards) is shared, not duplicated",happy,AppMap.tsx,shared/components/AppMap.tsx,NONE,INFERRED,mapped,-,-,-
Shared Frontend Foundation & Design System,Shared UI components,S-shared-03,"As a developer, common UI (map markers, buttons, cards) is shared, not duplicated",happy,SupportScreen.tsx,shared/components/SupportScreen.tsx,shared/components/__tests__/SupportScreen.contact.test.tsx,INFERRED,mapped,-,-,-
Shared Frontend Foundation & Design System,Shared UI components,S-shared-03,"As a developer, common UI (map markers, buttons, cards) is shared, not duplicated",happy,ForceUpdateOverlay.tsx,shared/components/ForceUpdateOverlay.tsx,NONE,INFERRED,mapped,-,-,-
Shared Frontend Foundation & Design System,Shared UI components,S-shared-03,"As a developer, common UI (map markers, buttons, cards) is shared, not duplicated",happy,SafetySheet.tsx,shared/components/SafetySheet.tsx,NONE,INFERRED,mapped,-,-,-
Shared Frontend Foundation & Design System,Shared UI components,S-shared-03,"As a developer, common UI (map markers, buttons, cards) is shared, not duplicated",happy,SafetyShield.tsx,shared/components/SafetyShield.tsx,NONE,INFERRED,mapped,-,-,-
Shared Frontend Foundation & Design System,Shared UI components,S-shared-03,"As a developer, common UI (map markers, buttons, cards) is shared, not duplicated",happy,CarMarker.tsx,shared/components/CarMarker.tsx,shared/components/__tests__/CarMarkerParity.test.ts,INFERRED,mapped,-,-,-
Shared Frontend Foundation & Design System,Shared UI components,S-shared-03,"As a developer, common UI (map markers, buttons, cards) is shared, not duplicated",happy,AiAuroraBackground.tsx,shared/components/AiAuroraBackground.tsx,NONE,INFERRED,mapped,-,-,-
Shared Frontend Foundation & Design System,Shared UI components,S-shared-03,"As a developer, common UI (map markers, buttons, cards) is shared, not duplicated",happy,FormScreen.tsx,shared/components/FormScreen.tsx,NONE,INFERRED,mapped,-,-,-
Shared Frontend Foundation & Design System,Shared UI components,S-shared-03,"As a developer, common UI (map markers, buttons, cards) is shared, not duplicated",happy,RouteLine.tsx,shared/components/RouteLine.tsx,shared/components/__tests__/RouteLine.test.tsx,INFERRED,mapped,-,-,-
Shared Frontend Foundation & Design System,Shared UI components,S-shared-03,"As a developer, common UI (map markers, buttons, cards) is shared, not duplicated",happy,OfflineBanner.tsx,shared/components/OfflineBanner.tsx,NONE,INFERRED,mapped,-,-,-
Shared Frontend Foundation & Design System,Shared UI components,S-shared-03,"As a developer, common UI (map markers, buttons, cards) is shared, not duplicated",happy,CustomAlert.tsx,shared/components/CustomAlert.tsx,NONE,INFERRED,mapped,-,-,-
Shared Frontend Foundation & Design System,Shared module (unmapped),ORPHAN,-,happy,legalDocs.ts,shared/config/legalDocs.ts,NONE,INFERRED,orphan,-,-,-
Shared Frontend Foundation & Design System,Shared module (unmapped),ORPHAN,-,happy,index.ts,shared/config/index.ts,NONE,INFERRED,orphan,-,-,-
Shared Frontend Foundation & Design System,Shared module (unmapped),ORPHAN,-,happy,spinr.config.ts,shared/config/spinr.config.ts,NONE,INFERRED,orphan,-,-,-
Shared Frontend Foundation & Design System,Shared module (unmapped),ORPHAN,-,happy,firebaseConfig.ts,shared/config/firebaseConfig.ts,NONE,INFERRED,orphan,-,-,-
Shared Frontend Foundation & Design System,Shared hooks,S-shared-04,"As a developer, common data-fetching/query hooks are shared",happy,useCompletedRouteRefresh.ts,shared/hooks/useCompletedRouteRefresh.ts,NONE,INFERRED,mapped,-,-,-
Shared Frontend Foundation & Design System,Shared hooks,S-shared-04,"As a developer, common data-fetching/query hooks are shared",happy,useLogRocketPrivacyScreen.ts,shared/hooks/useLogRocketPrivacyScreen.ts,shared/hooks/__tests__/useLogRocketPrivacyScreen.test.ts,INFERRED,mapped,-,-,-
Shared Frontend Foundation & Design System,Shared hooks,S-shared-04,"As a developer, common data-fetching/query hooks are shared",happy,useExitOnBackPress.ts,shared/hooks/useExitOnBackPress.ts,NONE,INFERRED,mapped,-,-,-
Shared Frontend Foundation & Design System,Shared hooks,S-shared-04,"As a developer, common data-fetching/query hooks are shared",happy,usePlacesAutocomplete.ts,shared/hooks/usePlacesAutocomplete.ts,NONE,INFERRED,mapped,-,-,-
Shared Frontend Foundation & Design System,Shared hooks,S-shared-04,"As a developer, common data-fetching/query hooks are shared",happy,useHoldToConfirm.ts,shared/hooks/useHoldToConfirm.ts,NONE,INFERRED,mapped,-,-,-
Shared Frontend Foundation & Design System,Shared hooks,S-shared-04,"As a developer, common data-fetching/query hooks are shared",happy,useEmergencyContacts.ts,shared/hooks/useEmergencyContacts.ts,NONE,INFERRED,mapped,-,-,-
Shared Frontend Foundation & Design System,Shared hooks,S-shared-04,"As a developer, common data-fetching/query hooks are shared",happy,useSafetyPanelConfig.ts,shared/hooks/useSafetyPanelConfig.ts,NONE,INFERRED,mapped,-,-,-
Shared Frontend Foundation & Design System,Shared hooks,S-shared-04,"As a developer, common data-fetching/query hooks are shared",happy,index.ts,shared/hooks/queries/index.ts,NONE,INFERRED,mapped,-,-,-
Shared Frontend Foundation & Design System,Shared hooks,S-shared-04,"As a developer, common data-fetching/query hooks are shared",happy,driverQueries.ts,shared/hooks/queries/driverQueries.ts,NONE,INFERRED,mapped,-,-,-
Shared Frontend Foundation & Design System,Shared hooks,S-shared-04,"As a developer, common data-fetching/query hooks are shared",happy,notificationQueries.ts,shared/hooks/queries/notificationQueries.ts,NONE,INFERRED,mapped,-,-,-
Shared Frontend Foundation & Design System,Shared module (unmapped),ORPHAN,-,happy,routeMapStyle.ts,shared/constants/routeMapStyle.ts,shared/constants/__tests__/routeMapStyle.test.ts,INFERRED,orphan,-,-,-
Shared Frontend Foundation & Design System,Shared module (unmapped),ORPHAN,-,happy,sessionLock.ts,shared/auth/sessionLock.ts,NONE,INFERRED,orphan,-,-,-
Shared Frontend Foundation & Design System,Shared module (unmapped),ORPHAN,-,happy,sessionMarker.ts,shared/auth/sessionMarker.ts,NONE,INFERRED,orphan,-,-,-
Shared Frontend Foundation & Design System,Shared module (unmapped),ORPHAN,-,happy,index.ts,shared/cache/index.ts,NONE,INFERRED,orphan,-,-,-
Shared Frontend Foundation & Design System,Shared module (unmapped),ORPHAN,-,happy,logRocketInstance.ts,shared/services/logRocketInstance.ts,NONE,INFERRED,orphan,-,-,-
Shared Frontend Foundation & Design System,Shared module (unmapped),ORPHAN,-,happy,errorReporting.ts,shared/services/errorReporting.ts,NONE,INFERRED,orphan,OBS-006,-,-
Shared Frontend Foundation & Design System,Shared module (unmapped),ORPHAN,-,happy,firebase.ts,shared/services/firebase.ts,NONE,INFERRED,orphan,-,-,-
Shared Frontend Foundation & Design System,Shared module (unmapped),ORPHAN,-,happy,posthogReplay.ts,shared/services/posthogReplay.ts,shared/services/__tests__/posthogReplay.test.ts,INFERRED,orphan,-,-,-
Shared Frontend Foundation & Design System,Shared module (unmapped),ORPHAN,-,happy,carImage.ts,shared/assets/carImage.ts,NONE,INFERRED,orphan,-,-,-
Shared Frontend Foundation & Design System,Shared API client,S-shared-01,"As a developer, rider/driver apps share one typed API client",happy,upload.ts,shared/api/upload.ts,NONE,INFERRED,mapped,-,-,-
Shared Frontend Foundation & Design System,Shared API client,S-shared-01,"As a developer, rider/driver apps share one typed API client",happy,cachedClient.ts,shared/api/cachedClient.ts,NONE,INFERRED,mapped,-,-,-
Shared Frontend Foundation & Design System,Shared API client,S-shared-01,"As a developer, rider/driver apps share one typed API client",happy,client.ts,shared/api/client.ts,shared/api/__tests__/client.deadlineHeader.test.ts,INFERRED,mapped,INFO-005;MONEY-005;RELIABILITY-002,-,-
Shared Frontend Foundation & Design System,Shared API client,S-shared-01,"As a developer, rider/driver apps share one typed API client",happy,places.ts,shared/api/places.ts,NONE,INFERRED,mapped,-,-,-
Shared Frontend Foundation & Design System,Shared API client,S-shared-01,"As a developer, rider/driver apps share one typed API client",happy,directions.ts,shared/api/directions.ts,shared/api/__tests__/directions.test.ts,INFERRED,mapped,-,-,-
Shared Frontend Foundation & Design System,Shared API client,S-shared-01,"As a developer, rider/driver apps share one typed API client",happy,queryClient.ts,shared/api/queryClient.ts,NONE,INFERRED,mapped,-,-,-
Shared Frontend Foundation & Design System,Shared module (unmapped),ORPHAN,-,happy,index.ts,shared/theme/index.ts,NONE,INFERRED,orphan,-,-,-
Shared Frontend Foundation & Design System,Shared module (unmapped),ORPHAN,-,happy,ThemeContext.tsx,shared/theme/ThemeContext.tsx,NONE,INFERRED,orphan,-,-,-
Shared Frontend Foundation & Design System,Shared module (unmapped),ORPHAN,-,happy,index.ts,shared/validators/index.ts,NONE,INFERRED,orphan,-,-,-
Shared Frontend Foundation & Design System,Shared module (unmapped),ORPHAN,-,happy,sentinelMessages.ts,shared/errors/sentinelMessages.ts,NONE,INFERRED,orphan,-,-,-
Shared Frontend Foundation & Design System,Shared module (unmapped),ORPHAN,-,happy,errorPresentation.ts,shared/errors/errorPresentation.ts,NONE,INFERRED,orphan,-,-,-
Shared Frontend Foundation & Design System,Shared types,S-shared-05,"As a developer, API/domain types are shared across surfaces",happy,peer-deps.d.ts,shared/build-types/peer-deps.d.ts,NONE,INFERRED,mapped,-,-,-
Shared Frontend Foundation & Design System,Shared state/store,S-shared-02,"As a developer, cross-app state is centralized in a shared store",happy,vehicleTypeStore.ts,shared/store/vehicleTypeStore.ts,NONE,INFERRED,mapped,-,-,-
Shared Frontend Foundation & Design System,Shared state/store,S-shared-02,"As a developer, cross-app state is centralized in a shared store",happy,locationStore.ts,shared/store/locationStore.ts,NONE,INFERRED,mapped,-,-,-
Shared Frontend Foundation & Design System,Shared state/store,S-shared-02,"As a developer, cross-app state is centralized in a shared store",happy,authStore.ts,shared/store/authStore.ts,NONE,INFERRED,mapped,DRIFT-005,-,-
Shared Frontend Foundation & Design System,Shared module (unmapped),ORPHAN,-,happy,responsive.ts,shared/utils/responsive.ts,NONE,INFERRED,orphan,-,-,-
"Safety, Trust & Fraud",SOS / emergency,S-safety-01,"As a rider/driver, I can trigger SOS and it notifies contacts + safety team",happy,sosLocation.ts,shared/utils/sosLocation.ts,NONE,INFERRED,mapped,-,-,-
Shared Frontend Foundation & Design System,Shared module (unmapped),ORPHAN,-,happy,placesSession.ts,shared/utils/placesSession.ts,NONE,INFERRED,orphan,-,-,-
Shared Frontend Foundation & Design System,Shared module (unmapped),ORPHAN,-,happy,navigationSteps.ts,shared/utils/navigationSteps.ts,NONE,INFERRED,orphan,-,-,-
Shared Frontend Foundation & Design System,Shared module (unmapped),ORPHAN,-,happy,gpsSmoothing.ts,shared/utils/gpsSmoothing.ts,NONE,INFERRED,orphan,-,-,-
Shared Frontend Foundation & Design System,Shared module (unmapped),ORPHAN,-,happy,otaVersion.ts,shared/utils/otaVersion.ts,NONE,INFERRED,orphan,-,-,-
Shared Frontend Foundation & Design System,Shared module (unmapped),ORPHAN,-,happy,motion.ts,shared/utils/motion.ts,shared/utils/__tests__/motion.test.ts,INFERRED,orphan,-,-,-
Shared Frontend Foundation & Design System,Shared module (unmapped),ORPHAN,-,happy,appRating.ts,shared/utils/appRating.ts,NONE,INFERRED,orphan,-,-,-
Shared Frontend Foundation & Design System,Shared module (unmapped),ORPHAN,-,happy,routeSegments.ts,shared/utils/routeSegments.ts,shared/utils/__tests__/routeSegments.test.ts,INFERRED,orphan,-,-,-
Shared Frontend Foundation & Design System,Shared module (unmapped),ORPHAN,-,happy,fixFeed.ts,shared/utils/fixFeed.ts,NONE,INFERRED,orphan,-,-,-
Shared Frontend Foundation & Design System,Shared module (unmapped),ORPHAN,-,happy,logger.ts,shared/utils/logger.ts,NONE,INFERRED,orphan,-,-,-
Shared Frontend Foundation & Design System,Shared module (unmapped),ORPHAN,-,happy,bookingDistanceGuard.ts,shared/utils/bookingDistanceGuard.ts,shared/utils/__tests__/bookingDistanceGuard.test.ts,INFERRED,orphan,-,-,-
Shared Frontend Foundation & Design System,Shared module (unmapped),ORPHAN,-,happy,markerPlayback.ts,shared/utils/markerPlayback.ts,NONE,INFERRED,orphan,-,-,-
Shared Frontend Foundation & Design System,Shared module (unmapped),ORPHAN,-,happy,vehicleTracking.ts,shared/utils/vehicleTracking.ts,shared/utils/__tests__/vehicleTracking.test.ts,INFERRED,orphan,-,-,-
Shared Frontend Foundation & Design System,Shared module (unmapped),ORPHAN,-,happy,markerRouteTracking.ts,shared/utils/markerRouteTracking.ts,NONE,INFERRED,orphan,-,-,-
Shared Frontend Foundation & Design System,Shared module (unmapped),ORPHAN,-,happy,toastMessage.ts,shared/utils/toastMessage.ts,NONE,INFERRED,orphan,-,-,-
Shared Frontend Foundation & Design System,Shared module (unmapped),ORPHAN,-,happy,appCheckDiagnostics.ts,shared/utils/appCheckDiagnostics.ts,NONE,INFERRED,orphan,-,-,-
Shared Frontend Foundation & Design System,Shared module (unmapped),ORPHAN,-,happy,pii.ts,shared/utils/pii.ts,shared/utils/__tests__/pii.test.ts,INFERRED,orphan,-,-,-
Shared Frontend Foundation & Design System,Shared module (unmapped),ORPHAN,-,happy,aiLocationMessages.ts,shared/utils/aiLocationMessages.ts,NONE,INFERRED,orphan,-,-,-
Shared Frontend Foundation & Design System,Shared module (unmapped),ORPHAN,-,happy,meta.ts,shared/analytics/meta.ts,NONE,INFERRED,orphan,-,-,-
Shared Frontend Foundation & Design System,Shared module (unmapped),ORPHAN,-,happy,index.ts,shared/analytics/index.ts,NONE,INFERRED,orphan,-,-,-
Admin Dashboard & Operations,Admin page (unmapped),ORPHAN,-,happy,support-tickets/trends,admin-dashboard/src/app/dashboard/support-tickets/trends/page.tsx,admin-dashboard/src/__tests__/dashboard/pages.smoke.test.tsx,INFERRED,orphan,-,-,-
Admin Dashboard & Operations,Admin page (unmapped),ORPHAN,-,happy,support-tickets,admin-dashboard/src/app/dashboard/support-tickets/page.tsx,admin-dashboard/src/__tests__/dashboard/pages.smoke.test.tsx,INFERRED,orphan,-,-,-
Admin Dashboard & Operations,Admin page (unmapped),ORPHAN,-,happy,support-tickets/tickets/[id],admin-dashboard/src/app/dashboard/support-tickets/tickets/[id]/page.tsx,admin-dashboard/src/__tests__/dashboard/pages.smoke.test.tsx,INFERRED,orphan,-,-,-
Admin Dashboard & Operations,Admin page (unmapped),ORPHAN,-,happy,support-tickets/tickets,admin-dashboard/src/app/dashboard/support-tickets/tickets/page.tsx,admin-dashboard/src/__tests__/dashboard/pages.smoke.test.tsx,INFERRED,orphan,-,-,-
Promotions & Loyalty,Referral codes,S-promo-04,"As a rider/driver, I refer others and earn a reward",happy,referrals,admin-dashboard/src/app/dashboard/referrals/page.tsx,admin-dashboard/src/__tests__/dashboard/pages.smoke.test.tsx,INFERRED,mapped,-,-,-
Ride Completion & Payments,Admin page (unmapped),ORPHAN,-,happy,stripe-events,admin-dashboard/src/app/dashboard/stripe-events/page.tsx,admin-dashboard/src/__tests__/dashboard/pages.smoke.test.tsx,INFERRED,orphan,-,-,-
Admin Dashboard & Operations,Admin page (unmapped),ORPHAN,-,happy,records,admin-dashboard/src/app/dashboard/records/page.tsx,admin-dashboard/src/__tests__/dashboard/pages.smoke.test.tsx,INFERRED,orphan,-,-,-
Admin Dashboard & Operations,Admin page (unmapped),ORPHAN,-,happy,users,admin-dashboard/src/app/dashboard/users/page.tsx,admin-dashboard/src/__tests__/dashboard/pages.smoke.test.tsx,INFERRED,orphan,-,-,-
Admin Dashboard & Operations,Admin page (unmapped),ORPHAN,-,happy,monitoring/redis,admin-dashboard/src/app/dashboard/monitoring/redis/page.tsx,admin-dashboard/src/__tests__/dashboard/pages.smoke.test.tsx,INFERRED,orphan,-,-,-
Admin Dashboard & Operations,Admin page (unmapped),ORPHAN,-,happy,monitoring/dispatch-geo,admin-dashboard/src/app/dashboard/monitoring/dispatch-geo/page.tsx,admin-dashboard/src/__tests__/dashboard/pages.smoke.test.tsx,INFERRED,orphan,-,-,-
Admin Dashboard & Operations,Admin page (unmapped),ORPHAN,-,happy,monitoring,admin-dashboard/src/app/dashboard/monitoring/page.tsx,admin-dashboard/src/__tests__/dashboard/pages.smoke.test.tsx,INFERRED,orphan,-,-,-
Admin Dashboard & Operations,Admin page (unmapped),ORPHAN,-,happy,bulk-operations,admin-dashboard/src/app/dashboard/bulk-operations/page.tsx,admin-dashboard/src/__tests__/dashboard/pages.smoke.test.tsx,INFERRED,orphan,-,-,-
Admin Dashboard & Operations,Admin page (unmapped),ORPHAN,-,happy,vehicle-types,admin-dashboard/src/app/dashboard/vehicle-types/page.tsx,admin-dashboard/src/__tests__/dashboard/pages.smoke.test.tsx,INFERRED,orphan,-,-,-
"Safety, Trust & Fraud",Admin page (unmapped),ORPHAN,-,happy,compliance,admin-dashboard/src/app/dashboard/compliance/page.tsx,admin-dashboard/src/__tests__/dashboard/pages.smoke.test.tsx,INFERRED,orphan,-,-,-
Admin Dashboard & Operations,Admin page (unmapped),ORPHAN,-,happy,audit-logs,admin-dashboard/src/app/dashboard/audit-logs/page.tsx,admin-dashboard/src/__tests__/dashboard/pages.smoke.test.tsx,INFERRED,orphan,-,-,-
Admin Dashboard & Operations,Admin page (unmapped),ORPHAN,-,happy,sentry-logs,admin-dashboard/src/app/dashboard/sentry-logs/page.tsx,admin-dashboard/src/__tests__/dashboard/pages.smoke.test.tsx,INFERRED,orphan,-,-,-
Admin Dashboard & Operations,Admin page (unmapped),ORPHAN,-,happy,riders/legacy-saved-address-backfill,admin-dashboard/src/app/dashboard/riders/legacy-saved-address-backfill/page.tsx,admin-dashboard/src/__tests__/dashboard/pages.smoke.test.tsx,INFERRED,orphan,-,-,-
Admin Dashboard & Operations,Dispute resolution,S-admin-04,"As an admin, I resolve disputes and support tickets",happy,disputes,admin-dashboard/src/app/dashboard/disputes/page.tsx,admin-dashboard/src/__tests__/dashboard/pages.smoke.test.tsx,INFERRED,mapped,-,-,-
Admin Dashboard & Operations,Admin page (unmapped),ORPHAN,-,happy,page.tsx,admin-dashboard/src/app/dashboard/page.tsx,admin-dashboard/src/__tests__/dashboard/pages.smoke.test.tsx,INFERRED,orphan,-,-,-
Admin Dashboard & Operations,Admin page (unmapped),ORPHAN,-,happy,earnings,admin-dashboard/src/app/dashboard/earnings/page.tsx,admin-dashboard/src/__tests__/dashboard/pages.smoke.test.tsx,INFERRED,orphan,-,-,-
Admin Dashboard & Operations,Admin page (unmapped),ORPHAN,-,happy,earnings/payouts/[id],admin-dashboard/src/app/dashboard/earnings/payouts/[id]/page.tsx,admin-dashboard/src/__tests__/dashboard/pages.smoke.test.tsx,INFERRED,orphan,-,-,-
Admin Dashboard & Operations,Admin page (unmapped),ORPHAN,-,happy,earnings/payouts,admin-dashboard/src/app/dashboard/earnings/payouts/page.tsx,admin-dashboard/src/__tests__/dashboard/pages.smoke.test.tsx,INFERRED,orphan,-,-,-
"Safety, Trust & Fraud",Admin page (unmapped),ORPHAN,-,happy,safety,admin-dashboard/src/app/dashboard/safety/page.tsx,admin-dashboard/src/__tests__/dashboard/pages.smoke.test.tsx,INFERRED,orphan,-,-,-
Admin Dashboard & Operations,Admin page (unmapped),ORPHAN,-,happy,notifications,admin-dashboard/src/app/dashboard/notifications/page.tsx,admin-dashboard/src/__tests__/dashboard/pages.smoke.test.tsx,INFERRED,orphan,-,-,-
Admin Dashboard & Operations,Admin page (unmapped),ORPHAN,-,happy,settings,admin-dashboard/src/app/dashboard/settings/page.tsx,admin-dashboard/src/__tests__/dashboard/pages.smoke.test.tsx,INFERRED,orphan,-,-,-
Admin Dashboard & Operations,Admin page (unmapped),ORPHAN,-,happy,staff,admin-dashboard/src/app/dashboard/staff/page.tsx,admin-dashboard/src/__tests__/dashboard/pages.smoke.test.tsx,INFERRED,orphan,-,-,-
Admin Dashboard & Operations,Admin page (unmapped),ORPHAN,-,happy,driver-license-backfill,admin-dashboard/src/app/dashboard/driver-license-backfill/page.tsx,admin-dashboard/src/__tests__/dashboard/pages.smoke.test.tsx,INFERRED,orphan,-,-,-
Admin Dashboard & Operations,Admin page (unmapped),ORPHAN,-,happy,surge,admin-dashboard/src/app/dashboard/surge/page.tsx,admin-dashboard/src/__tests__/dashboard/pages.smoke.test.tsx,INFERRED,orphan,-,-,-
Admin Dashboard & Operations,Admin page (unmapped),ORPHAN,-,happy,forecast,admin-dashboard/src/app/dashboard/forecast/page.tsx,admin-dashboard/src/__tests__/dashboard/pages.smoke.test.tsx,INFERRED,orphan,-,-,-
Admin Dashboard & Operations,Admin page (unmapped),ORPHAN,-,happy,drivers/legacy-import,admin-dashboard/src/app/dashboard/drivers/legacy-import/page.tsx,admin-dashboard/src/__tests__/dashboard/pages.smoke.test.tsx,INFERRED,orphan,-,-,-
Admin Dashboard & Operations,Admin page (unmapped),ORPHAN,-,happy,drivers/expiring,admin-dashboard/src/app/dashboard/drivers/expiring/page.tsx,admin-dashboard/src/__tests__/dashboard/pages.smoke.test.tsx,INFERRED,orphan,-,-,-
Admin Dashboard & Operations,Admin page (unmapped),ORPHAN,-,happy,drivers,admin-dashboard/src/app/dashboard/drivers/page.tsx,admin-dashboard/src/__tests__/dashboard/pages.smoke.test.tsx,INFERRED,orphan,-,-,-
Admin Dashboard & Operations,Admin page (unmapped),ORPHAN,-,happy,drivers/queue,admin-dashboard/src/app/dashboard/drivers/queue/page.tsx,admin-dashboard/src/__tests__/dashboard/pages.smoke.test.tsx,INFERRED,orphan,-,-,-
Admin Dashboard & Operations,Admin page (unmapped),ORPHAN,-,happy,drivers/appeals,admin-dashboard/src/app/dashboard/drivers/appeals/page.tsx,admin-dashboard/src/__tests__/dashboard/pages.smoke.test.tsx,INFERRED,orphan,-,-,-
Admin Dashboard & Operations,Admin page (unmapped),ORPHAN,-,happy,drivers/decals,admin-dashboard/src/app/dashboard/drivers/decals/page.tsx,admin-dashboard/src/__tests__/dashboard/pages.smoke.test.tsx,INFERRED,orphan,-,-,-
Admin Dashboard & Operations,Admin page (unmapped),ORPHAN,-,happy,drivers/legacy-sin-dob-backfill,admin-dashboard/src/app/dashboard/drivers/legacy-sin-dob-backfill/page.tsx,admin-dashboard/src/__tests__/dashboard/pages.smoke.test.tsx,INFERRED,orphan,-,-,-
Admin Dashboard & Operations,Admin page (unmapped),ORPHAN,-,happy,drivers/import,admin-dashboard/src/app/dashboard/drivers/import/page.tsx,admin-dashboard/src/__tests__/dashboard/pages.smoke.test.tsx,INFERRED,orphan,-,-,-
Admin Dashboard & Operations,Admin page (unmapped),ORPHAN,-,happy,drivers/legacy-vehicle-history-backfill,admin-dashboard/src/app/dashboard/drivers/legacy-vehicle-history-backfill/page.tsx,admin-dashboard/src/__tests__/dashboard/pages.smoke.test.tsx,INFERRED,orphan,-,-,-
Promotions & Loyalty,Coupon/promo codes,S-promo-01,"As a rider, I can apply a promo code to a ride",happy,promotions,admin-dashboard/src/app/dashboard/promotions/page.tsx,admin-dashboard/src/__tests__/dashboard/pages.smoke.test.tsx,INFERRED,mapped,-,-,-
Admin Dashboard & Operations,Admin page (unmapped),ORPHAN,-,happy,data-transfer,admin-dashboard/src/app/dashboard/data-transfer/page.tsx,admin-dashboard/src/__tests__/dashboard/pages.smoke.test.tsx,INFERRED,orphan,-,-,-
Corporate / B2B Billing,Admin page (unmapped),ORPHAN,-,happy,corporate-accounts/[id]/policy,admin-dashboard/src/app/dashboard/corporate-accounts/[id]/policy/page.tsx,admin-dashboard/src/__tests__/dashboard/pages.smoke.test.tsx,INFERRED,orphan,-,-,-
Corporate / B2B Billing,Admin page (unmapped),ORPHAN,-,happy,corporate-accounts/[id],admin-dashboard/src/app/dashboard/corporate-accounts/[id]/page.tsx,admin-dashboard/src/__tests__/dashboard/pages.smoke.test.tsx,INFERRED,orphan,-,-,-
Corporate / B2B Billing,Admin page (unmapped),ORPHAN,-,happy,corporate-accounts/[id]/members,admin-dashboard/src/app/dashboard/corporate-accounts/[id]/members/page.tsx,admin-dashboard/src/__tests__/dashboard/pages.smoke.test.tsx,INFERRED,orphan,-,-,-
Corporate / B2B Billing,Admin page (unmapped),ORPHAN,-,happy,corporate-accounts/[id]/subscription,admin-dashboard/src/app/dashboard/corporate-accounts/[id]/subscription/page.tsx,admin-dashboard/src/__tests__/dashboard/pages.smoke.test.tsx,INFERRED,orphan,-,-,-
Corporate / B2B Billing,Admin page (unmapped),ORPHAN,-,happy,corporate-accounts,admin-dashboard/src/app/dashboard/corporate-accounts/page.tsx,admin-dashboard/src/__tests__/dashboard/pages.smoke.test.tsx,INFERRED,orphan,-,-,-
Corporate / B2B Billing,KYB verification,S-corp-02,"As a corporate admin, my company completes KYB verification",happy,corporate-accounts/kyb-queue,admin-dashboard/src/app/dashboard/corporate-accounts/kyb-queue/page.tsx,admin-dashboard/src/__tests__/dashboard/pages.smoke.test.tsx,INFERRED,mapped,-,-,-
AI Assistant,Admin page (unmapped),ORPHAN,-,happy,ai-console,admin-dashboard/src/app/dashboard/ai-console/page.tsx,admin-dashboard/src/__tests__/dashboard/pages.smoke.test.tsx,INFERRED,orphan,-,-,-
AI Assistant,Admin page (unmapped),ORPHAN,-,happy,rides/unpaid,admin-dashboard/src/app/dashboard/rides/unpaid/page.tsx,admin-dashboard/src/__tests__/dashboard/pages.smoke.test.tsx,INFERRED,orphan,-,-,-
Admin Dashboard & Operations,Admin page (unmapped),ORPHAN,-,happy,rides,admin-dashboard/src/app/dashboard/rides/page.tsx,admin-dashboard/src/__tests__/dashboard/pages.smoke.test.tsx,INFERRED,orphan,-,-,-
Admin Dashboard & Operations,Admin page (unmapped),ORPHAN,-,happy,rides/live/[id],admin-dashboard/src/app/dashboard/rides/live/[id]/page.tsx,admin-dashboard/src/__tests__/dashboard/pages.smoke.test.tsx,INFERRED,orphan,-,-,-
Admin Dashboard & Operations,Admin page (unmapped),ORPHAN,-,happy,support,admin-dashboard/src/app/dashboard/support/page.tsx,admin-dashboard/src/__tests__/dashboard/pages.smoke.test.tsx,INFERRED,orphan,-,-,-
Admin Dashboard & Operations,Admin page (unmapped),ORPHAN,-,happy,heatmap,admin-dashboard/src/app/dashboard/heatmap/page.tsx,admin-dashboard/src/__tests__/dashboard/pages.smoke.test.tsx,INFERRED,orphan,-,-,-
Promotions & Loyalty,Driver quests/bonuses,S-promo-02,"As a driver, I complete quests for bonus incentives",happy,quests,admin-dashboard/src/app/dashboard/quests/page.tsx,admin-dashboard/src/__tests__/dashboard/pages.smoke.test.tsx,INFERRED,mapped,-,-,-
Admin Dashboard & Operations,Admin page (unmapped),ORPHAN,-,happy,export-approvals,admin-dashboard/src/app/dashboard/export-approvals/page.tsx,admin-dashboard/src/__tests__/dashboard/pages.smoke.test.tsx,INFERRED,orphan,-,-,-
Admin Dashboard & Operations,Admin page (unmapped),ORPHAN,-,happy,venues,admin-dashboard/src/app/dashboard/venues/page.tsx,admin-dashboard/src/__tests__/dashboard/pages.smoke.test.tsx,INFERRED,orphan,-,-,-
Admin Dashboard & Operations,Admin page (unmapped),ORPHAN,-,happy,service-areas,admin-dashboard/src/app/dashboard/service-areas/page.tsx,admin-dashboard/src/__tests__/dashboard/pages.smoke.test.tsx,INFERRED,orphan,-,-,-
Admin Dashboard & Operations,Admin page (unmapped),ORPHAN,-,happy,faqs,admin-dashboard/src/app/dashboard/faqs/page.tsx,admin-dashboard/src/__tests__/dashboard/pages.smoke.test.tsx,INFERRED,orphan,-,-,-
Admin Dashboard & Operations,Admin page (unmapped),ORPHAN,-,happy,driver-offers,admin-dashboard/src/app/dashboard/driver-offers/page.tsx,admin-dashboard/src/__tests__/dashboard/pages.smoke.test.tsx,INFERRED,orphan,-,-,-
Admin Dashboard & Operations,Admin page (unmapped),ORPHAN,-,happy,cloud-messaging,admin-dashboard/src/app/dashboard/cloud-messaging/page.tsx,admin-dashboard/src/__tests__/dashboard/pages.smoke.test.tsx,INFERRED,orphan,-,-,-
Admin Dashboard & Operations,Admin page (unmapped),ORPHAN,-,happy,subscriptions,admin-dashboard/src/app/dashboard/subscriptions/page.tsx,admin-dashboard/src/__tests__/dashboard/pages.smoke.test.tsx,INFERRED,orphan,-,-,-
Admin Dashboard & Operations,Admin page (unmapped),ORPHAN,-,happy,documents/requirements,admin-dashboard/src/app/dashboard/documents/requirements/page.tsx,admin-dashboard/src/__tests__/dashboard/pages.smoke.test.tsx,INFERRED,orphan,-,-,-
Admin Dashboard & Operations,Admin page (unmapped),ORPHAN,-,happy,documents,admin-dashboard/src/app/dashboard/documents/page.tsx,admin-dashboard/src/__tests__/dashboard/pages.smoke.test.tsx,INFERRED,orphan,-,-,-
Admin Dashboard & Operations,Financial dashboard,S-admin-03,"As an admin, I see KPI/financial analytics",happy,analytics,admin-dashboard/src/app/dashboard/analytics/page.tsx,admin-dashboard/src/__tests__/dashboard/pages.smoke.test.tsx,INFERRED,mapped,-,-,-
Admin Dashboard & Operations,Admin component (unmapped),ORPHAN,-,happy,issue-table.tsx,admin-dashboard/src/components/bulk-import/issue-table.tsx,NONE,INFERRED,orphan,-,-,-
Admin Dashboard & Operations,Admin component (unmapped),ORPHAN,-,happy,what-this-tool-does.tsx,admin-dashboard/src/components/bulk-import/what-this-tool-does.tsx,NONE,INFERRED,orphan,-,-,-
Admin Dashboard & Operations,Admin component (unmapped),ORPHAN,-,happy,stat-tile.tsx,admin-dashboard/src/components/bulk-import/stat-tile.tsx,NONE,INFERRED,orphan,-,-,-
AI Assistant,Admin component (unmapped),ORPHAN,-,happy,referral-pairs.tsx,admin-dashboard/src/components/referral-pairs.tsx,NONE,INFERRED,orphan,-,-,-
Admin Dashboard & Operations,Admin component (unmapped),ORPHAN,-,happy,geofence-map.render.test.tsx,admin-dashboard/src/components/geofence-map.render.test.tsx,NONE,INFERRED,orphan,-,-,-
Admin Dashboard & Operations,Admin component (unmapped),ORPHAN,-,happy,sidebar.tsx,admin-dashboard/src/components/sidebar.tsx,NONE,INFERRED,orphan,-,-,-
Admin Dashboard & Operations,Admin component (unmapped),ORPHAN,-,happy,tooltip.tsx,admin-dashboard/src/components/ui/tooltip.tsx,NONE,INFERRED,orphan,-,-,-
Admin Dashboard & Operations,Admin component (unmapped),ORPHAN,-,happy,button.tsx,admin-dashboard/src/components/ui/button.tsx,NONE,INFERRED,orphan,-,-,-
Admin Dashboard & Operations,Admin component (unmapped),ORPHAN,-,happy,sidebar.tsx,admin-dashboard/src/components/ui/sidebar.tsx,NONE,INFERRED,orphan,-,-,-
Admin Dashboard & Operations,Admin component (unmapped),ORPHAN,-,happy,pagination.tsx,admin-dashboard/src/components/ui/pagination.tsx,NONE,INFERRED,orphan,-,-,-
Admin Dashboard & Operations,Admin component (unmapped),ORPHAN,-,happy,use-toast.ts,admin-dashboard/src/components/ui/use-toast.ts,NONE,INFERRED,orphan,-,-,-
Admin Dashboard & Operations,Admin component (unmapped),ORPHAN,-,happy,rich-text-editor.tsx,admin-dashboard/src/components/ui/rich-text-editor.tsx,NONE,INFERRED,orphan,-,-,-
Admin Dashboard & Operations,Admin component (unmapped),ORPHAN,-,happy,textarea.tsx,admin-dashboard/src/components/ui/textarea.tsx,NONE,INFERRED,orphan,-,-,-
Admin Dashboard & Operations,Admin component (unmapped),ORPHAN,-,happy,dropdown-menu.tsx,admin-dashboard/src/components/ui/dropdown-menu.tsx,NONE,INFERRED,orphan,-,-,-
Admin Dashboard & Operations,Admin component (unmapped),ORPHAN,-,happy,tabs.tsx,admin-dashboard/src/components/ui/tabs.tsx,NONE,INFERRED,orphan,-,-,-
Admin Dashboard & Operations,Admin component (unmapped),ORPHAN,-,happy,button.stories.tsx,admin-dashboard/src/components/ui/button.stories.tsx,NONE,INFERRED,orphan,-,-,-
Admin Dashboard & Operations,Admin component (unmapped),ORPHAN,-,happy,toast.tsx,admin-dashboard/src/components/ui/toast.tsx,NONE,INFERRED,orphan,-,-,-
Admin Dashboard & Operations,Admin component (unmapped),ORPHAN,-,happy,avatar.tsx,admin-dashboard/src/components/ui/avatar.tsx,NONE,INFERRED,orphan,-,-,-
Admin Dashboard & Operations,Admin component (unmapped),ORPHAN,-,happy,clickable-table-row.tsx,admin-dashboard/src/components/ui/clickable-table-row.tsx,NONE,INFERRED,orphan,-,-,-
Admin Dashboard & Operations,Admin component (unmapped),ORPHAN,-,happy,dialog.tsx,admin-dashboard/src/components/ui/dialog.tsx,NONE,INFERRED,orphan,-,-,-
Admin Dashboard & Operations,Admin component (unmapped),ORPHAN,-,happy,badge.tsx,admin-dashboard/src/components/ui/badge.tsx,NONE,INFERRED,orphan,-,-,-
Admin Dashboard & Operations,Admin component (unmapped),ORPHAN,-,happy,toaster.tsx,admin-dashboard/src/components/ui/toaster.tsx,NONE,INFERRED,orphan,-,-,-
Admin Dashboard & Operations,Admin component (unmapped),ORPHAN,-,happy,label.tsx,admin-dashboard/src/components/ui/label.tsx,NONE,INFERRED,orphan,-,-,-
Admin Dashboard & Operations,Admin component (unmapped),ORPHAN,-,happy,alert-dialog.tsx,admin-dashboard/src/components/ui/alert-dialog.tsx,NONE,INFERRED,orphan,-,-,-
Admin Dashboard & Operations,Admin component (unmapped),ORPHAN,-,happy,alert.tsx,admin-dashboard/src/components/ui/alert.tsx,NONE,INFERRED,orphan,-,-,-
Admin Dashboard & Operations,Admin component (unmapped),ORPHAN,-,happy,sheet.tsx,admin-dashboard/src/components/ui/sheet.tsx,NONE,INFERRED,orphan,-,-,-
Admin Dashboard & Operations,Admin component (unmapped),ORPHAN,-,happy,use-crud-toast.ts,admin-dashboard/src/components/ui/use-crud-toast.ts,NONE,INFERRED,orphan,-,-,-
Admin Dashboard & Operations,Admin component (unmapped),ORPHAN,-,happy,card.stories.tsx,admin-dashboard/src/components/ui/card.stories.tsx,NONE,INFERRED,orphan,-,-,-
Admin Dashboard & Operations,Admin component (unmapped),ORPHAN,-,happy,input.tsx,admin-dashboard/src/components/ui/input.tsx,NONE,INFERRED,orphan,-,-,-
Admin Dashboard & Operations,Admin component (unmapped),ORPHAN,-,happy,sortable-table.tsx,admin-dashboard/src/components/ui/sortable-table.tsx,NONE,INFERRED,orphan,-,-,-
Admin Dashboard & Operations,Admin component (unmapped),ORPHAN,-,happy,switch.tsx,admin-dashboard/src/components/ui/switch.tsx,NONE,INFERRED,orphan,-,-,-
Admin Dashboard & Operations,Admin component (unmapped),ORPHAN,-,happy,multi-select.tsx,admin-dashboard/src/components/ui/multi-select.tsx,NONE,INFERRED,orphan,-,-,-
Admin Dashboard & Operations,Admin component (unmapped),ORPHAN,-,happy,card.tsx,admin-dashboard/src/components/ui/card.tsx,NONE,INFERRED,orphan,-,-,-
Admin Dashboard & Operations,Admin component (unmapped),ORPHAN,-,happy,table.tsx,admin-dashboard/src/components/ui/table.tsx,NONE,INFERRED,orphan,-,-,-
Admin Dashboard & Operations,Admin component (unmapped),ORPHAN,-,happy,badge.stories.tsx,admin-dashboard/src/components/ui/badge.stories.tsx,NONE,INFERRED,orphan,-,-,-
Admin Dashboard & Operations,Admin component (unmapped),ORPHAN,-,happy,select.tsx,admin-dashboard/src/components/ui/select.tsx,NONE,INFERRED,orphan,-,-,-
Admin Dashboard & Operations,Admin component (unmapped),ORPHAN,-,happy,separator.tsx,admin-dashboard/src/components/ui/separator.tsx,NONE,INFERRED,orphan,-,-,-
Admin Dashboard & Operations,Financial dashboard,S-admin-03,"As an admin, I see KPI/financial analytics",happy,analytics-wrapper.tsx,admin-dashboard/src/components/analytics-wrapper.tsx,NONE,INFERRED,mapped,-,-,-
Admin Dashboard & Operations,Admin component (unmapped),ORPHAN,-,happy,info-hint.tsx,admin-dashboard/src/components/info-hint.tsx,NONE,INFERRED,orphan,-,-,-
Admin Dashboard & Operations,Admin component (unmapped),ORPHAN,-,happy,page-header.tsx,admin-dashboard/src/components/page-header.tsx,NONE,INFERRED,orphan,-,-,-
Admin Dashboard & Operations,Admin component (unmapped),ORPHAN,-,happy,heat-map.tsx,admin-dashboard/src/components/heat-map.tsx,NONE,INFERRED,orphan,-,-,-
Admin Dashboard & Operations,Admin component (unmapped),ORPHAN,-,happy,venue-map.tsx,admin-dashboard/src/components/venue-map.tsx,NONE,INFERRED,orphan,-,-,-
Admin Dashboard & Operations,Admin component (unmapped),ORPHAN,-,happy,auto-payouts-panel.tsx,admin-dashboard/src/components/auto-payouts-panel.tsx,NONE,INFERRED,orphan,-,-,-
Admin Dashboard & Operations,Admin component (unmapped),ORPHAN,-,happy,topbar.tsx,admin-dashboard/src/components/topbar.tsx,NONE,INFERRED,orphan,-,-,-
Admin Dashboard & Operations,Admin component (unmapped),ORPHAN,-,happy,auth-initializer.tsx,admin-dashboard/src/components/auth-initializer.tsx,NONE,INFERRED,orphan,-,-,-
Promotions & Loyalty,Referral codes,S-promo-04,"As a rider/driver, I refer others and earn a reward",happy,referral-spend-summary.tsx,admin-dashboard/src/components/referral-spend-summary.tsx,NONE,INFERRED,mapped,-,-,-
Admin Dashboard & Operations,Admin component (unmapped),ORPHAN,-,happy,mfa-enroll-dialog.test.tsx,admin-dashboard/src/components/mfa-enroll-dialog.test.tsx,NONE,INFERRED,orphan,-,-,-
Admin Dashboard & Operations,Financial dashboard,S-admin-03,"As an admin, I see KPI/financial analytics",happy,analytics-provider.tsx,admin-dashboard/src/components/analytics-provider.tsx,NONE,INFERRED,mapped,-,-,-
Promotions & Loyalty,Referral codes,S-promo-04,"As a rider/driver, I refer others and earn a reward",happy,referral-analytics.tsx,admin-dashboard/src/components/referral-analytics.tsx,NONE,INFERRED,mapped,-,-,-
Admin Dashboard & Operations,Admin component (unmapped),ORPHAN,-,happy,auto-payouts-panel.test.tsx,admin-dashboard/src/components/auto-payouts-panel.test.tsx,NONE,INFERRED,orphan,-,-,-
Admin Dashboard & Operations,Admin component (unmapped),ORPHAN,-,happy,theme-provider.tsx,admin-dashboard/src/components/theme-provider.tsx,NONE,INFERRED,orphan,-,-,-
Promotions & Loyalty,Referral codes,S-promo-04,"As a rider/driver, I refer others and earn a reward",happy,referrals-panel.tsx,admin-dashboard/src/components/referrals-panel.tsx,NONE,INFERRED,mapped,-,-,-
Admin Dashboard & Operations,Admin component (unmapped),ORPHAN,-,happy,BundleDropzone.tsx,admin-dashboard/src/components/data-transfer/BundleDropzone.tsx,NONE,INFERRED,orphan,-,-,-
Admin Dashboard & Operations,Admin component (unmapped),ORPHAN,-,happy,useEntitySelection.ts,admin-dashboard/src/components/data-transfer/useEntitySelection.ts,NONE,INFERRED,orphan,-,-,-
Admin Dashboard & Operations,Admin component (unmapped),ORPHAN,-,happy,EntitySearchTable.tsx,admin-dashboard/src/components/data-transfer/EntitySearchTable.tsx,NONE,INFERRED,orphan,-,-,-
Admin Dashboard & Operations,Admin component (unmapped),ORPHAN,-,happy,mfa-enroll-dialog.tsx,admin-dashboard/src/components/mfa-enroll-dialog.tsx,NONE,INFERRED,orphan,-,-,-
Admin Dashboard & Operations,Admin component (unmapped),ORPHAN,-,happy,command-palette.tsx,admin-dashboard/src/components/command-palette.tsx,NONE,INFERRED,orphan,-,-,-
Promotions & Loyalty,Referral codes,S-promo-04,"As a rider/driver, I refer others and earn a reward",happy,referral-leaderboard.tsx,admin-dashboard/src/components/referral-leaderboard.tsx,NONE,INFERRED,mapped,-,-,-
Admin Dashboard & Operations,Admin component (unmapped),ORPHAN,-,happy,geofence-map.tsx,admin-dashboard/src/components/geofence-map.tsx,NONE,INFERRED,orphan,-,-,-
Admin Dashboard & Operations,Admin component (unmapped),ORPHAN,-,happy,bulk-operations-nav.tsx,admin-dashboard/src/components/bulk-operations-nav.tsx,NONE,INFERRED,orphan,-,-,-
Admin Dashboard & Operations,Financial dashboard,S-admin-03,"As an admin, I see KPI/financial analytics",happy,demand-forecast-panel.tsx,admin-dashboard/src/components/analytics/demand-forecast-panel.tsx,NONE,INFERRED,mapped,-,-,-
Admin Dashboard & Operations,Financial dashboard,S-admin-03,"As an admin, I see KPI/financial analytics",happy,financial-panel.tsx,admin-dashboard/src/components/analytics/financial-panel.tsx,NONE,INFERRED,mapped,-,-,-
Admin Dashboard & Operations,Financial dashboard,S-admin-03,"As an admin, I see KPI/financial analytics",happy,driver-offers-panel.tsx,admin-dashboard/src/components/analytics/driver-offers-panel.tsx,NONE,INFERRED,mapped,-,-,-
Admin Dashboard & Operations,Financial dashboard,S-admin-03,"As an admin, I see KPI/financial analytics",happy,marketplace-overview-panel.tsx,admin-dashboard/src/components/analytics/marketplace-overview-panel.tsx,NONE,INFERRED,mapped,-,-,-
Admin Dashboard & Operations,Financial dashboard,S-admin-03,"As an admin, I see KPI/financial analytics",happy,chart-palette.ts,admin-dashboard/src/components/analytics/chart-palette.ts,NONE,INFERRED,mapped,-,-,-
Admin Dashboard & Operations,Financial dashboard,S-admin-03,"As an admin, I see KPI/financial analytics",happy,retention-cohorts-panel.tsx,admin-dashboard/src/components/analytics/retention-cohorts-panel.tsx,NONE,INFERRED,mapped,-,-,-
Admin Dashboard & Operations,Financial dashboard,S-admin-03,"As an admin, I see KPI/financial analytics",happy,supply-panel.tsx,admin-dashboard/src/components/analytics/supply-panel.tsx,NONE,INFERRED,mapped,-,-,-
Admin Dashboard & Operations,Financial dashboard,S-admin-03,"As an admin, I see KPI/financial analytics",happy,efficiency-panel.tsx,admin-dashboard/src/components/analytics/efficiency-panel.tsx,NONE,INFERRED,mapped,-,-,-
Admin Dashboard & Operations,Financial dashboard,S-admin-03,"As an admin, I see KPI/financial analytics",happy,kpi-tile.tsx,admin-dashboard/src/components/analytics/kpi-tile.tsx,NONE,INFERRED,mapped,-,-,-
Engineering Gates & CI/CD,CI/CD workflow (unmapped),ORPHAN,-,happy,android-production-internal.yml,.github/workflows/android-production-internal.yml,NONE,VERIFIED,orphan,-,-,-
Engineering Gates & CI/CD,CI/CD workflow (unmapped),ORPHAN,-,happy,apply-supabase-schema.yml,.github/workflows/apply-supabase-schema.yml,NONE,VERIFIED,orphan,-,-,-
Engineering Gates & CI/CD,CI/CD workflow (unmapped),ORPHAN,-,happy,billing-usage-monitor.yml,.github/workflows/billing-usage-monitor.yml,NONE,VERIFIED,orphan,DRIFT-005,-,-
Engineering Gates & CI/CD,CI/CD workflow (unmapped),ORPHAN,-,happy,bootstrap-fly.yml,.github/workflows/bootstrap-fly.yml,NONE,VERIFIED,orphan,-,-,-
Engineering Gates & CI/CD,CI/CD workflow (unmapped),ORPHAN,-,happy,bootstrap-metrics-agent.yml,.github/workflows/bootstrap-metrics-agent.yml,NONE,VERIFIED,orphan,-,-,-
Engineering Gates & CI/CD,CI/CD workflow (unmapped),ORPHAN,-,happy,cert-domain-monitor.yml,.github/workflows/cert-domain-monitor.yml,NONE,VERIFIED,orphan,-,-,-
Engineering Gates & CI/CD,Security/audit gates,S-ci-02,"As an engineer, security scanning (Semgrep/Gitleaks/npm-audit) runs on every PR",happy,ci-audit-autoclose.yml,.github/workflows/ci-audit-autoclose.yml,NONE,VERIFIED,mapped,-,-,-
Engineering Gates & CI/CD,Security/audit gates,S-ci-02,"As an engineer, security scanning (Semgrep/Gitleaks/npm-audit) runs on every PR",happy,ci-error-audit.yml,.github/workflows/ci-error-audit.yml,NONE,VERIFIED,mapped,-,-,-
Engineering Gates & CI/CD,CI/CD workflow (unmapped),ORPHAN,-,happy,ci-guardrails.yml,.github/workflows/ci-guardrails.yml,NONE,VERIFIED,orphan,-,-,-
Engineering Gates & CI/CD,CI test/lint gates,S-ci-01,"As an engineer, PRs run backend/frontend test+lint gates before merge",happy,ci.yml,.github/workflows/ci.yml,NONE,VERIFIED,mapped,DRIFT-005;RECURRENCE-004;RECURRENCE-005,-,-
Engineering Gates & CI/CD,Security/audit gates,S-ci-02,"As an engineer, security scanning (Semgrep/Gitleaks/npm-audit) runs on every PR",happy,claude-audit.yml,.github/workflows/claude-audit.yml,NONE,VERIFIED,mapped,-,-,-
Engineering Gates & CI/CD,Review automation,S-ci-06,"As an engineer, PRs receive automated review comments",happy,claude-review.yml,.github/workflows/claude-review.yml,NONE,VERIFIED,mapped,RECURRENCE-005,-,-
Engineering Gates & CI/CD,CI/CD workflow (unmapped),ORPHAN,-,happy,dast-zap-baseline.yml,.github/workflows/dast-zap-baseline.yml,NONE,VERIFIED,orphan,-,-,-
Engineering Gates & CI/CD,CI/CD workflow (unmapped),ORPHAN,-,happy,decision-gate.yml,.github/workflows/decision-gate.yml,NONE,VERIFIED,orphan,-,-,-
Engineering Gates & CI/CD,CI/CD workflow (unmapped),ORPHAN,-,happy,dependabot-auto-merge.yml,.github/workflows/dependabot-auto-merge.yml,NONE,VERIFIED,orphan,-,-,-
Engineering Gates & CI/CD,Deploy pipeline,S-ci-05,"As an engineer, backend deploys to Fly.io primary / Railway standby on merge",happy,deploy-backend-staging.yml,.github/workflows/deploy-backend-staging.yml,NONE,VERIFIED,mapped,-,-,-
Engineering Gates & CI/CD,Deploy pipeline,S-ci-05,"As an engineer, backend deploys to Fly.io primary / Railway standby on merge",happy,deploy-backend.yml,.github/workflows/deploy-backend.yml,NONE,VERIFIED,mapped,-,-,-
Engineering Gates & CI/CD,CI test/lint gates,S-ci-01,"As an engineer, PRs run backend/frontend test+lint gates before merge",happy,deploy-driver-play-testing.yml,.github/workflows/deploy-driver-play-testing.yml,NONE,VERIFIED,mapped,-,-,-
Engineering Gates & CI/CD,Deploy pipeline,S-ci-05,"As an engineer, backend deploys to Fly.io primary / Railway standby on merge",happy,deploy-fly-signed-image.yml,.github/workflows/deploy-fly-signed-image.yml,NONE,VERIFIED,mapped,-,-,-
Engineering Gates & CI/CD,Deploy pipeline,S-ci-05,"As an engineer, backend deploys to Fly.io primary / Railway standby on merge",happy,deploy-fly.yml,.github/workflows/deploy-fly.yml,NONE,VERIFIED,mapped,-,-,-
Engineering Gates & CI/CD,Deploy pipeline,S-ci-05,"As an engineer, backend deploys to Fly.io primary / Railway standby on merge",happy,deploy-metrics-agent.yml,.github/workflows/deploy-metrics-agent.yml,NONE,VERIFIED,mapped,-,-,-
Engineering Gates & CI/CD,CI/CD workflow (unmapped),ORPHAN,-,happy,detect-changes.yml,.github/workflows/detect-changes.yml,NONE,VERIFIED,orphan,-,-,-
Engineering Gates & CI/CD,CI/CD workflow (unmapped),ORPHAN,-,happy,diagnose-rider-play-verification.yml,.github/workflows/diagnose-rider-play-verification.yml,NONE,VERIFIED,orphan,-,-,-
Engineering Gates & CI/CD,CI/CD workflow (unmapped),ORPHAN,-,happy,driver-availability-db.yml,.github/workflows/driver-availability-db.yml,NONE,VERIFIED,orphan,-,-,-
Engineering Gates & CI/CD,CI/CD workflow (unmapped),ORPHAN,-,happy,eas-build.yml,.github/workflows/eas-build.yml,NONE,VERIFIED,orphan,-,-,-
Engineering Gates & CI/CD,CI/CD workflow (unmapped),ORPHAN,-,happy,eas-native-build.yml,.github/workflows/eas-native-build.yml,NONE,VERIFIED,orphan,-,-,-
Engineering Gates & CI/CD,CI/CD workflow (unmapped),ORPHAN,-,happy,eas-rollout-control.yml,.github/workflows/eas-rollout-control.yml,NONE,VERIFIED,orphan,-,-,-
Engineering Gates & CI/CD,CI/CD workflow (unmapped),ORPHAN,-,happy,fly-resilience-checks.yml,.github/workflows/fly-resilience-checks.yml,NONE,VERIFIED,orphan,-,-,-
Engineering Gates & CI/CD,CI/CD workflow (unmapped),ORPHAN,-,happy,generate-upload-keystore.yml,.github/workflows/generate-upload-keystore.yml,NONE,VERIFIED,orphan,-,-,-
Engineering Gates & CI/CD,CI/CD workflow (unmapped),ORPHAN,-,happy,label-run-maestro.yml,.github/workflows/label-run-maestro.yml,NONE,VERIFIED,orphan,-,-,-
Engineering Gates & CI/CD,CI/CD workflow (unmapped),ORPHAN,-,happy,maestro-e2e.yml,.github/workflows/maestro-e2e.yml,NONE,VERIFIED,orphan,RECURRENCE-005,-,-
Engineering Gates & CI/CD,CI/CD workflow (unmapped),ORPHAN,-,happy,maestro-ios-macos-runner.yml,.github/workflows/maestro-ios-macos-runner.yml,NONE,VERIFIED,orphan,-,-,-
Engineering Gates & CI/CD,CI/CD workflow (unmapped),ORPHAN,-,happy,main-branch-guard.yml,.github/workflows/main-branch-guard.yml,NONE,VERIFIED,orphan,-,-,-
Engineering Gates & CI/CD,Migration safety check,S-ci-03,"As an engineer, new migrations are checked for filename/append-only safety",happy,migration-check.yml,.github/workflows/migration-check.yml,NONE,VERIFIED,mapped,-,-,-
Engineering Gates & CI/CD,CI/CD workflow (unmapped),ORPHAN,-,happy,migration-duplicate-nightly.yml,.github/workflows/migration-duplicate-nightly.yml,NONE,VERIFIED,orphan,-,-,-
Engineering Gates & CI/CD,CI/CD workflow (unmapped),ORPHAN,-,happy,mobile-bundle-smoke.yml,.github/workflows/mobile-bundle-smoke.yml,NONE,VERIFIED,orphan,-,-,-
Engineering Gates & CI/CD,CI/CD workflow (unmapped),ORPHAN,-,happy,mobile-dep-check.yml,.github/workflows/mobile-dep-check.yml,NONE,VERIFIED,orphan,-,-,-
Engineering Gates & CI/CD,CI/CD workflow (unmapped),ORPHAN,-,happy,pip-compile-check.yml,.github/workflows/pip-compile-check.yml,NONE,VERIFIED,orphan,-,-,-
Engineering Gates & CI/CD,CI/CD workflow (unmapped),ORPHAN,-,happy,pr-checks.yml,.github/workflows/pr-checks.yml,NONE,VERIFIED,orphan,-,-,-
Engineering Gates & CI/CD,CI/CD workflow (unmapped),ORPHAN,-,happy,renewal-calendar-monitor.yml,.github/workflows/renewal-calendar-monitor.yml,NONE,VERIFIED,orphan,-,-,-
Engineering Gates & CI/CD,CI/CD workflow (unmapped),ORPHAN,-,happy,secret-rotation-monitor.yml,.github/workflows/secret-rotation-monitor.yml,NONE,VERIFIED,orphan,DRIFT-005,-,-
Engineering Gates & CI/CD,Security/audit gates,S-ci-02,"As an engineer, security scanning (Semgrep/Gitleaks/npm-audit) runs on every PR",happy,security-gates.yml,.github/workflows/security-gates.yml,NONE,VERIFIED,mapped,DRIFT-005;MONEY-004,-,-
Engineering Gates & CI/CD,Security/audit gates,S-ci-02,"As an engineer, security scanning (Semgrep/Gitleaks/npm-audit) runs on every PR",happy,security-report.yml,.github/workflows/security-report.yml,NONE,VERIFIED,mapped,-,-,-
Engineering Gates & CI/CD,CI/CD workflow (unmapped),ORPHAN,-,happy,standby-parity-monitor.yml,.github/workflows/standby-parity-monitor.yml,NONE,VERIFIED,orphan,-,-,-
Engineering Gates & CI/CD,CI/CD workflow (unmapped),ORPHAN,-,happy,submit-play-store.yml,.github/workflows/submit-play-store.yml,NONE,VERIFIED,orphan,-,-,-
Engineering Gates & CI/CD,Security/audit gates,S-ci-02,"As an engineer, security scanning (Semgrep/Gitleaks/npm-audit) runs on every PR",happy,subprocessor-audit.yml,.github/workflows/subprocessor-audit.yml,NONE,VERIFIED,mapped,-,-,-
Engineering Gates & CI/CD,CI/CD workflow (unmapped),ORPHAN,-,happy,subprocessor-monitor.yml,.github/workflows/subprocessor-monitor.yml,NONE,VERIFIED,orphan,-,-,-
Engineering Gates & CI/CD,CI/CD workflow (unmapped),ORPHAN,-,happy,supabase-capacity-monitor.yml,.github/workflows/supabase-capacity-monitor.yml,NONE,VERIFIED,orphan,DRIFT-005,-,-
Engineering Gates & CI/CD,CI/CD workflow (unmapped),ORPHAN,-,happy,sync-mobile-lockfiles.yml,.github/workflows/sync-mobile-lockfiles.yml,NONE,VERIFIED,orphan,-,-,-
Engineering Gates & CI/CD,CI/CD workflow (unmapped),ORPHAN,-,happy,sync-pip-lockfile.yml,.github/workflows/sync-pip-lockfile.yml,NONE,VERIFIED,orphan,-,-,-
Engineering Gates & CI/CD,CI test/lint gates,S-ci-01,"As an engineer, PRs run backend/frontend test+lint gates before merge",happy,test-env.yml,.github/workflows/test-env.yml,NONE,VERIFIED,mapped,-,-,-
Engineering Gates & CI/CD,CI/CD workflow (unmapped),ORPHAN,-,happy,update-visual-baselines.yml,.github/workflows/update-visual-baselines.yml,NONE,VERIFIED,orphan,-,-,-
Ride Booking & Matching,Offer acceptance/decline,S-book-04,"As a driver, I can accept or decline an offer within a countdown window",happy,NONE,-,NONE,UNKNOWN,gap,-,-,-
Ride Fulfillment,Driver arrival tracking,S-fulfil-01,"As a rider, I see the driver's ETA and arrival status",happy,NONE,-,NONE,UNKNOWN,gap,-,-,-
Ride Fulfillment,Navigation integration,S-fulfil-05,"As a driver, I navigate pickup->dropoff via Google Maps",happy,NONE,-,NONE,UNKNOWN,gap,-,-,-
Driver Earnings & Payouts,Batch cash-out,S-earn-05,"As ops, driver payouts run automatically on a schedule",happy,NONE,-,NONE,UNKNOWN,gap,-,-,-
Corporate / B2B Billing,Winddown/offboarding,S-corp-07,"As a corporate admin, I can wind down a company account cleanly",happy,NONE,-,NONE,UNKNOWN,gap,-,-,-
Authentication & Authorization,Rider/driver signup,S-auth-01,"As a rider/driver, I sign up with phone/OTP",happy,NONE,-,NONE,UNKNOWN,gap,-,-,-
Authentication & Authorization,RBAC / admin access tiers,S-auth-04,"As an internal admin, my access is scoped by module-gated role",happy,NONE,-,NONE,UNKNOWN,gap,-,-,-
Admin Dashboard & Operations,Compliance export,S-admin-07,"As an admin, I generate compliance/audit exports",happy,NONE,-,NONE,UNKNOWN,gap,-,-,-
Admin Dashboard & Operations,Venues,S-admin-10,"As an admin, I manage venue pickup/dropoff points",happy,NONE,-,NONE,UNKNOWN,gap,-,-,-
Admin Dashboard & Operations,Admin messaging/broadcast,S-admin-11,"As an admin, I broadcast messages to riders/drivers",happy,NONE,-,NONE,UNKNOWN,gap,-,-,-
"Safety, Trust & Fraud",Fraud detection,S-safety-05,"As trust&safety, referral/promo abuse and GPS spoofing are detected",happy,NONE,-,NONE,UNKNOWN,gap,-,-,-
Notifications & Messaging,SMS OTP,S-notif-02,"As a user, I receive an OTP via SMS",happy,NONE,-,NONE,UNKNOWN,gap,-,-,-
Notifications & Messaging,Notification throttling/retry,S-notif-04,"As a system, notification delivery retries with fallback and is throttled",happy,NONE,-,NONE,UNKNOWN,gap,-,-,-
Observability & Monitoring,Prometheus metrics,S-obs-02,"As an engineer, critical paths emit spinr_<domain>_<metric>_<unit> metrics",happy,NONE,-,NONE,UNKNOWN,gap,-,-,-
Observability & Monitoring,Health checks,S-obs-04,"As ops, the platform exposes a health endpoint",happy,NONE,-,NONE,UNKNOWN,gap,-,-,-
Engineering Gates & CI/CD,Visual regression,S-ci-04,"As an engineer, admin-dashboard visual regressions are caught in CI",happy,NONE,-,NONE,UNKNOWN,gap,-,-,-
Ride Fulfillment,Sibling parity (rider->driver),ORPHAN,-,-,support.tsx,rider-app/app/support.tsx,NONE,INFERRED,sibling-missing,-,-,-
Ride Fulfillment,Sibling parity (rider->driver),ORPHAN,-,-,wallet.tsx,rider-app/app/wallet.tsx,NONE,INFERRED,sibling-missing,-,-,-
Ride Fulfillment,Sibling parity (driver->rider),ORPHAN,-,-,help.tsx,driver-app/app/help.tsx,NONE,INFERRED,sibling-missing,-,-,-
Ride Fulfillment,Known fork (docs/known-forks.md),ORPHAN,-,-,shared/components/CarMarker.tsx <-> driver-app/components/CarMarker.tsx,shared/components/CarMarker.tsx ; driver-app/components/CarMarker.tsx,NONE,VERIFIED,sibling-missing,-,-,-
Ride Fulfillment,Known fork (docs/known-forks.md),ORPHAN,-,-,driver-app/app/driver/notifications.tsx <-> rider-app/app/notifications.tsx,driver-app/app/driver/notifications.tsx ; rider-app/app/notifications.tsx,NONE,VERIFIED,sibling-missing,-,-,-
Promotions & Loyalty,Known fork (docs/known-forks.md),ORPHAN,-,-,rider-app/app/referral.tsx + backend/routes/users.py <-> driver-app/app/driver/referral.tsx + backend/routes/drivers/referrals.py,rider-app/app/referral.tsx + backend/routes/users.py ; driver-app/app/driver/referral.tsx + backend/routes/drivers/referrals.py,NONE,VERIFIED,sibling-missing,INFO-005,-,-
Authentication & Authorization,Known fork (docs/known-forks.md),ORPHAN,-,-,backend/routes/auth.py <-> backend/routes/admin/auth.py,backend/routes/auth.py ; backend/routes/admin/auth.py,NONE,VERIFIED,sibling-missing,DRIFT-005;INFO-005;OBS-002;OBS-006;SAFETY-004,-,-
